county,pri_dem_BIDEN,pri_dem_CLINTON,pri_dem_DODD,pri_dem_EDWARDS,pri_dem_GRAVEL,pri_dem_KUCINICH,pri_dem_OBAMA,pri_dem_RICHARDSON,pri_rep_GIULIANI,pri_rep_HUCKABEE,pri_rep_HUNTER,pri_rep_KEYES,pri_rep_MCCAIN,pri_rep_PAUL,pri_rep_ROMNEY,pri_rep_TANCREDO,pri_rep_THOMPSON,gen_dem_OBAMA,gen_rep_MCCAIN,gen_wri_ALLEN,gen_wri_BALDWIN,gen_wri_BARR,gen_wri_BROWN,gen_wri_BYRNE,gen_wri_HARRIS,gen_wri_MCKINNEY,gen_wri_MOORE,gen_wri_NADER,gen_wri_PEROUTKA,rep_primary_total,dem_primary_total,rep_general_total,dem_general_total,wri_general_total
Appling,11,672,3,44,1,4,561,2,8,1060,1,0,566,17,264,0,7,1846,5085,0,0,65,0,0,0,0,0,0,0,1923,1298,5085,1846,65
Atkinson,5,235,0,15,0,6,241,3,5,224,0,1,218,11,153,0,4,938,1941,0,2,23,0,0,0,0,0,0,0,616,505,1941,938,25
Bacon,2,358,4,35,2,2,190,2,5,460,2,2,336,40,157,2,1,817,3089,0,1,31,0,0,0,0,0,0,0,1005,595,3089,817,32
Baker,9,199,4,36,0,1,320,2,1,121,0,1,133,1,49,0,3,846,828,0,0,13,0,0,0,0,0,0,0,309,571,828,846,13
Baldwin,21,1470,9,106,4,7,3548,15,26,1217,4,3,1327,144,708,2,14,8587,7823,0,11,109,0,0,0,1,0,6,0,3445,5180,7823,8587,127
Banks,9,693,4,64,2,6,232,1,8,1153,3,1,686,40,516,0,8,1027,5120,0,3,89,0,0,0,1,0,1,0,2415,1011,5120,1027,94
Barrow,15,1668,5,112,7,11,1949,12,53,3324,1,13,1947,211,1960,5,40,6657,17625,0,13,280,0,0,0,2,0,5,0,7554,3779,17625,6657,300
Bartow,13,3480,12,242,11,12,2909,19,87,4831,8,18,3007,489,2886,5,43,9662,25976,0,27,410,0,0,0,1,0,15,2,11374,6698,25976,9662,455
Ben hill,11,554,1,62,1,12,852,7,14,423,1,3,455,25,220,1,3,2590,3417,0,1,28,0,0,0,0,0,0,0,1145,1500,3417,2590,29
Berrien,4,654,2,61,4,3,424,2,14,631,1,2,568,35,413,2,5,1471,4901,0,3,72,0,0,0,0,0,2,0,1671,1154,4901,1471,77
Bibb,45,5090,15,282,17,42,16719,43,56,4611,8,19,3888,435,3969,3,43,38987,27037,0,42,284,0,0,0,0,0,18,0,13032,22253,27037,38987,344
Bleckley,1,383,0,39,4,2,413,6,8,687,3,1,493,32,334,1,6,1380,3657,0,1,32,0,0,0,0,0,1,0,1565,848,3657,1380,34
Brantley,3,510,2,76,0,2,181,2,11,846,3,5,533,46,377,1,4,1119,5080,0,2,73,0,0,0,0,0,3,0,1826,776,5080,1119,78
Brooks,8,456,1,49,1,5,775,4,7,491,2,3,456,24,283,1,5,2669,3507,0,4,20,0,0,0,0,0,1,0,1272,1299,3507,2669,25
Bryan,12,985,1,52,3,7,1078,6,18,922,2,7,1316,108,1248,1,13,3636,9112,1,7,89,0,0,0,0,0,0,0,3635,2144,9112,3636,97
Bulloch,22,1763,4,91,6,18,2670,9,37,1909,4,13,2534,286,1273,2,18,9586,14174,0,8,144,0,0,0,0,0,8,0,6076,4583,14174,9586,160
Burke,14,717,4,27,9,11,1956,7,8,570,2,3,812,46,334,0,10,5233,4344,0,6,41,0,0,0,0,0,2,0,1785,2745,4344,5233,49
Butts,8,761,4,68,4,5,1170,6,16,1129,1,6,772,37,618,1,4,3065,5947,0,2,77,0,0,0,0,0,0,0,2584,2026,5947,3065,79
Calhoun,7,207,2,14,1,4,546,3,2,120,0,1,171,3,58,1,2,1342,862,0,0,7,0,0,0,0,0,0,0,358,784,862,1342,7
Camden,7,1139,3,68,3,5,1899,2,28,1192,2,11,1686,85,1584,0,14,6482,10502,0,7,87,0,0,0,0,0,6,0,4602,3126,10502,6482,100
Candler,4,313,1,28,4,2,394,4,2,361,0,0,406,19,146,0,5,1209,2286,0,1,20,0,0,0,0,0,2,0,939,750,2286,1209,23
Carroll,19,3893,8,236,12,27,4558,17,77,5358,8,22,3938,590,3018,1,37,14334,28661,1,38,429,0,0,11,7,0,16,1,13049,8770,28661,14334,503
Catoosa,12,3106,5,166,4,4,952,9,26,3598,7,16,1885,348,1268,1,45,6025,18218,0,20,225,0,0,0,1,0,7,0,7194,4258,18218,6025,253
Charlton,5,271,2,31,2,0,346,6,5,324,1,1,320,10,236,3,1,1197,2466,0,0,22,0,0,0,0,0,0,0,901,663,2466,1197,22
Chatham,82,9036,34,368,18,86,26153,55,199,4395,19,32,9443,807,9269,11,75,62755,46829,1,22,566,0,0,0,10,0,55,0,24250,35832,46829,62755,654
Chattahoochee,0,159,1,7,0,2,233,4,3,47,1,0,110,7,55,0,3,830,811,0,0,11,0,0,0,0,0,1,0,226,406,811,830,12
Chattooga,4,1402,4,107,7,7,574,16,16,927,1,3,595,64,314,2,9,2596,5572,0,1,134,0,0,0,0,0,4,0,1931,2121,5572,2596,139
Cherokee,27,5900,11,310,19,10,6666,25,243,12410,19,49,8324,1032,10880,7,78,22350,70279,0,75,1026,0,0,0,2,0,35,5,33042,12968,70279,22350,1143
Clarke,33,4260,5,218,22,49,10675,24,57,1849,7,12,2438,413,2176,2,27,29591,15333,0,19,493,0,0,0,8,1,65,0,6981,15286,15333,29591,586
Clay,1,157,0,5,3,2,282,1,1,82,2,0,112,1,39,0,2,879,558,0,0,3,0,0,0,0,0,0,0,239,451,558,879,3
Clayton,54,7471,14,359,18,56,36409,34,113,3129,8,28,2262,248,2321,7,45,82527,16506,0,17,353,0,0,0,13,0,22,0,8161,44415,16506,82527,405
Clinch,0,208,2,21,0,2,214,2,3,219,1,0,201,10,69,0,2,989,1678,0,0,29,0,0,0,0,0,0,0,505,449,1678,989,29
Cobb,109,23761,32,1017,67,108,55695,75,698,25258,61,104,26280,2684,33622,26,223,141216,170957,0,127,2966,0,1,2,26,1,142,6,88956,80864,170957,141216,3271
Coffee,17,1048,4,84,5,9,1283,7,28,1251,2,3,924,59,598,1,14,4811,8872,0,2,57,0,0,0,0,0,5,0,2880,2457,8872,4811,64
Colquitt,24,1241,6,146,3,7,1204,20,32,1379,4,7,1597,137,875,0,27,4139,9185,0,3,105,0,0,0,1,0,2,0,4058,2651,9185,4139,111
Columbia,14,3568,8,174,12,12,5402,15,121,5686,8,26,6426,565,6122,3,72,15703,39322,0,12,298,0,0,0,1,0,15,0,19029,9205,39322,15703,326
Cook,10,500,2,52,1,5,616,5,12,530,1,1,472,22,280,0,12,2075,3782,0,0,46,0,0,0,0,0,0,0,1330,1191,3782,2075,46
Coweta,29,3621,13,219,6,23,5456,28,129,6641,14,30,5102,361,5571,6,64,15521,37571,0,22,410,0,0,0,1,0,24,0,17918,9395,37571,15521,457
Crawford,4,538,2,29,2,2,705,5,2,601,0,0,391,36,250,0,5,1832,3358,0,3,46,0,0,0,0,0,1,0,1285,1287,3358,1832,50
Crisp,3,563,1,38,2,4,956,7,13,523,2,3,747,19,378,1,12,3085,4424,0,2,36,0,0,0,0,2,1,0,1698,1574,4424,3085,41
Dade,3,916,0,45,3,2,227,6,9,907,2,7,517,106,252,0,13,1612,4703,0,0,93,0,0,0,0,0,0,0,1813,1202,4703,1612,93
Dawson,5,735,3,61,0,4,439,0,21,1465,1,7,1112,53,1276,0,17,1632,8242,0,4,93,0,0,0,0,0,3,0,3952,1247,8242,1632,100
Decatur,22,805,5,75,5,14,1468,14,17,743,2,7,974,68,434,0,3,4424,5890,0,1,56,0,0,0,0,0,3,0,2248,2408,5890,4424,60
Dekalb,182,34098,44,940,90,248,113278,114,348,7725,29,50,13214,1544,13558,11,102,254594,65581,0,53,1895,0,0,4,56,0,117,1,36581,148994,65581,254594,2126
Dodge,5,804,4,52,3,9,746,15,14,889,3,3,568,36,359,1,6,2595,5543,0,0,70,0,0,0,1,0,3,0,1879,1638,5543,2595,74
Dooly,14,338,3,23,2,10,797,6,8,264,1,1,316,26,165,0,1,2138,1991,0,2,29,0,0,0,0,0,0,0,782,1193,1991,2138,31
Dougherty,53,3327,16,243,10,23,11247,25,64,1572,8,9,2763,141,1562,4,31,26135,12547,0,5,150,0,0,0,3,0,6,0,6154,14944,12547,26135,164
Douglas,17,4014,4,215,12,11,11543,18,96,5368,15,21,3742,400,3807,3,38,27825,26812,1,16,419,0,0,0,2,0,8,0,13490,15834,26812,27825,446
Early,6,406,3,30,2,2,680,1,5,373,2,0,457,18,107,1,1,2603,2711,0,0,21,0,0,0,0,0,0,0,964,1130,2711,2603,21
Echols,0,80,1,5,0,0,49,3,0,83,0,1,66,7,54,1,4,201,981,0,0,5,0,0,0,0,0,0,0,216,138,981,201,5
Effingham,28,1991,7,172,11,14,1773,8,100,2414,6,7,3548,307,2137,4,37,4936,15230,0,15,132,0,0,0,0,0,3,0,8560,4004,15230,4936,150
Elbert,6,962,3,96,2,8,903,5,12,915,2,7,659,54,328,0,11,3366,4868,0,4,73,0,0,0,0,0,6,0,1988,1985,4868,3366,83
Emanuel,7,773,5,53,2,9,1003,8,7,695,1,5,901,45,298,1,9,3068,5110,0,0,56,0,0,0,2,0,6,0,1962,1860,5110,3068,64
Evans,3,413,2,38,0,4,481,4,6,386,0,0,421,21,185,1,2,1374,2462,0,0,19,0,0,0,0,0,0,0,1022,945,2462,1374,19
Fannin,12,1266,3,95,2,6,506,6,25,1820,4,6,1199,130,695,0,23,2611,7807,0,9,154,0,0,0,0,0,3,0,3902,1896,7807,2611,166
Fayette,30,4175,4,228,9,19,9226,18,150,6662,15,33,6190,409,7536,2,60,20313,38501,0,15,470,0,0,0,2,0,20,0,21057,13709,38501,20313,507
Floyd,39,3874,13,305,13,14,3454,29,63,3814,4,21,3226,345,2495,3,44,10691,23132,0,8,374,0,0,0,0,0,8,0,10015,7741,23132,10691,390
Forsyth,22,4562,8,324,13,13,4550,20,273,9701,16,33,8676,676,10494,8,59,15406,59166,0,69,705,0,0,0,0,0,26,4,29936,9512,59166,15406,804
Franklin,6,1093,2,79,1,4,370,8,6,1193,4,3,712,59,475,0,11,1914,6069,0,2,84,0,0,0,0,0,4,0,2463,1563,6069,1914,90
Fulton,230,35668,69,806,81,200,109581,111,505,12113,32,87,24168,2161,26636,18,130,272000,130136,1,99,2498,0,1,3,68,0,133,2,65850,146746,130136,272000,2805
Gilmer,8,1368,2,86,2,7,587,7,34,1989,1,16,1234,119,874,1,30,2614,8408,0,9,117,0,0,0,0,0,1,0,4298,2067,8408,2614,127
Glascock,0,138,1,15,0,1,40,2,2,140,0,1,167,5,81,0,4,210,1202,0,0,16,0,0,0,0,0,0,0,400,197,1202,210,16
Glynn,18,2072,4,123,3,15,3627,13,60,2164,5,15,2987,223,4269,6,35,12676,20479,0,9,161,0,0,0,2,0,12,2,9764,5875,20479,12676,186
Gordon,13,2282,10,140,4,6,837,14,28,2583,4,6,1537,140,1068,1,25,4268,13113,0,5,208,0,0,0,0,0,13,0,5392,3306,13113,4268,226
Grady,16,792,5,93,1,12,1036,20,14,810,1,3,959,39,467,1,7,3539,5775,0,2,45,0,0,0,0,0,4,0,2301,1975,5775,3539,51
Greene,12,518,4,34,1,6,1245,2,27,588,1,2,811,21,850,0,8,3339,4532,0,0,47,0,0,0,0,0,1,0,2308,1822,4532,3339,48
Gwinnett,94,20740,31,918,47,85,47018,65,622,27857,46,120,21653,2180,28956,18,242,129025,158746,0,100,2345,0,0,0,8,0,47,0,81694,68998,158746,129025,2500
Habersham,9,1395,3,153,2,11,774,7,26,2588,3,5,1470,139,1359,3,23,2900,11766,0,12,127,0,0,0,0,0,3,0,5616,2354,11766,2900,142
Hall,41,4167,11,253,10,31,4339,24,148,7949,18,30,5554,613,7750,11,95,14457,44962,0,3,504,0,0,0,1,0,1,0,22168,8876,44962,14457,509
Hancock,10,266,5,18,2,7,1305,9,0,104,0,0,100,11,71,0,0,3535,795,0,0,14,0,0,0,0,0,0,0,286,1622,795,3535,14
Haralson,12,1501,7,88,5,7,454,12,18,1713,4,5,1038,87,693,0,11,2248,8658,0,12,176,0,0,0,0,0,3,0,3569,2086,8658,2248,191
Harris,14,1224,7,78,1,5,1481,4,38,1208,3,7,1682,111,1615,4,23,4184,10648,0,4,68,0,0,0,0,0,4,0,4691,2814,10648,4184,76
Hart,9,1332,3,87,7,4,899,10,15,1087,1,5,777,63,547,0,12,3365,6537,0,9,89,0,0,0,0,0,2,0,2507,2351,6537,3365,100
Heard,4,600,5,44,1,9,318,6,9,558,3,6,448,31,253,0,5,1042,3133,0,3,44,0,0,0,1,0,2,0,1313,987,3133,1042,50
Henry,32,5824,12,391,11,28,16736,26,179,8581,25,25,5473,593,6561,5,94,40567,47157,0,4,580,0,0,0,0,0,3,0,21536,23060,47157,40567,587
Houston,25,3612,7,266,16,32,8123,24,79,4997,11,32,4661,467,4075,3,49,22094,33392,0,40,386,0,0,0,0,0,19,0,14374,12105,33392,22094,445
Irwin,2,404,1,38,1,4,381,3,2,406,2,2,359,16,150,0,10,1197,2605,0,0,26,0,0,0,0,0,0,0,947,834,2605,1197,26
Jackson,7,1990,6,137,8,10,1493,10,72,3655,6,16,2585,221,2368,2,35,4950,17776,0,15,215,0,0,0,1,0,3,0,8960,3661,17776,4950,234
Jasper,6,509,2,47,3,6,715,3,12,662,3,4,530,22,424,0,9,1935,3916,0,3,49,0,1,0,0,0,0,0,1666,1291,3916,1935,53
Jeff davis,7,534,3,59,2,3,387,6,6,623,3,0,365,21,174,2,9,1356,3867,2,2,50,0,0,0,0,0,1,0,1203,1001,3867,1356,55
Jefferson,15,624,4,41,5,12,1598,9,5,480,1,4,573,24,159,0,9,4149,3061,0,0,24,0,0,0,0,0,0,0,1255,2308,3061,4149,24
Jenkins,4,306,4,24,1,4,549,5,2,310,0,2,271,13,127,1,5,1482,1936,0,0,21,0,0,0,0,0,1,0,731,897,1936,1482,22
Johnson,4,321,5,32,5,2,384,5,7,437,2,1,372,19,115,1,2,1198,2426,0,3,20,0,0,0,0,0,0,0,956,758,2426,1198,23
Jones,8,1174,2,130,4,6,1990,9,38,1373,3,2,1221,102,849,3,20,4572,7782,0,3,79,0,0,0,1,0,1,0,3611,3323,7782,4572,84
Lamar,8,762,5,41,4,6,1016,5,17,1063,4,3,628,83,461,2,11,2752,4873,0,2,60,0,0,0,0,0,1,0,2272,1847,4873,2752,63
Lanier,4,282,3,27,0,4,297,1,7,182,2,3,253,11,115,0,6,1062,1787,0,1,21,0,0,0,0,0,2,0,579,618,1787,1062,24
Laurens,19,1728,9,125,11,18,2849,17,26,2438,4,8,1724,117,780,5,17,7769,12052,0,3,110,0,0,0,0,0,3,0,5119,4776,12052,7769,116
Lee,13,924,2,71,1,3,1147,2,19,1252,3,3,1663,77,990,1,8,3100,9925,0,4,56,0,0,0,0,0,2,0,4016,2163,9925,3100,62
Liberty,11,1150,6,66,3,16,3535,8,20,599,3,11,967,53,497,0,9,10474,5828,0,4,69,0,0,0,0,0,1,0,2159,4795,5828,10474,74
Lincoln,7,409,2,26,2,4,595,6,4,427,3,1,507,28,279,0,4,1650,2731,0,0,35,0,0,0,0,0,0,0,1253,1051,2731,1650,35
Long,3,298,2,25,0,2,294,4,4,236,0,0,281,26,114,0,2,1288,2119,0,0,43,0,0,0,0,0,0,0,663,628,2119,1288,43
Lowndes,45,2317,8,185,10,15,5203,33,77,2853,13,12,2742,232,2715,4,41,17597,21269,0,13,188,0,0,0,2,0,9,0,8689,7816,21269,17597,212
Lumpkin,15,1249,3,108,2,10,703,7,31,1552,7,7,1242,138,1085,0,31,2586,8326,0,5,151,0,0,0,3,0,4,0,4093,2097,8326,2586,163
Macon,6,440,2,33,5,9,1277,5,11,206,2,1,251,11,176,1,5,3251,1712,0,0,18,0,0,0,0,0,0,0,664,1777,1712,3251,18
Madison,10,1060,3,113,6,13,897,8,23,1695,7,7,1272,102,742,3,17,2965,8226,0,8,128,0,0,0,0,0,7,0,3868,2110,8226,2965,143
Marion,5,370,3,20,0,5,525,3,6,155,1,2,264,14,149,0,3,1381,1772,0,2,29,0,0,0,0,0,0,0,594,931,1772,1381,31
Mcduffie,9,724,6,50,4,10,1386,11,32,863,4,5,976,41,562,2,20,3989,5400,0,1,50,0,0,0,0,0,0,0,2505,2200,5400,3989,51
Mcintosh,17,569,3,49,6,7,1206,8,18,385,1,1,603,27,448,0,9,2905,3282,0,0,41,0,0,0,0,0,1,0,1492,1865,3282,2905,42
Meriwether,12,993,5,69,7,13,1681,15,16,813,2,1,799,53,508,1,9,4465,4982,0,4,52,0,0,0,0,0,1,0,2202,2795,4982,4465,57
Miller,3,311,1,28,0,2,165,0,1,218,0,0,265,10,85,0,1,818,1899,0,0,21,0,0,0,0,0,0,0,580,510,1899,818,21
Mitchell,15,789,6,57,0,5,1497,15,8,550,1,1,770,26,257,2,6,3872,4201,0,2,45,0,0,0,0,0,0,0,1621,2384,4201,3872,47
Monroe,13,906,6,66,4,1,1634,9,17,1511,3,3,1093,109,988,2,14,4106,7933,0,8,79,0,0,0,1,0,4,0,3740,2639,7933,4106,92
Montgomery,4,311,5,16,0,3,380,5,5,404,2,2,393,12,111,0,1,1045,2521,0,1,23,0,0,0,0,0,0,0,930,724,2521,1045,24
Morgan,9,671,3,57,3,7,1236,6,25,1267,4,1,977,62,725,0,3,3091,5987,0,1,70,0,0,0,0,0,2,0,3064,1992,5987,3091,73
Murray,9,1847,2,86,1,4,318,6,11,1745,5,5,809,152,456,1,14,3026,8180,0,6,163,0,0,0,0,0,7,0,3198,2273,8180,3026,176
Muscogee,43,6692,12,283,14,35,16947,37,141,2642,12,17,4985,316,4413,7,65,44158,29568,0,18,285,0,0,0,4,0,32,0,12598,24063,29568,44158,339
Newton,18,2852,11,165,2,14,8315,20,79,4119,11,15,2515,183,2771,3,36,20827,20337,0,19,237,0,0,0,5,0,10,0,9732,11397,20337,20827,271
Oconee,4,1358,1,111,3,5,1816,4,37,2066,0,7,2151,189,2049,3,17,4825,12120,0,6,177,0,0,0,1,0,3,0,6519,3302,12120,4825,187
Oglethorpe,8,585,2,36,7,4,747,1,14,771,2,7,663,45,387,0,7,2232,4144,0,2,60,0,0,0,0,0,9,0,1896,1390,4144,2232,71
Paulding,13,3887,10,268,11,12,6114,19,132,7351,11,19,4333,476,4803,4,57,17229,39192,0,18,536,0,0,0,1,0,9,0,17186,10334,39192,17229,564
Peach,9,727,4,45,3,8,2075,9,17,881,1,5,724,100,582,3,6,5927,5173,0,2,61,0,0,0,0,0,2,0,2319,2880,5173,5927,65
Pickens,4,1419,2,96,1,6,647,12,41,1864,2,7,1561,144,1434,2,18,2595,10004,0,3,177,0,0,0,0,0,7,0,5073,2187,10004,2595,187
Pierce,6,477,2,27,6,1,252,2,14,1076,2,4,751,23,407,0,1,1253,5500,0,3,33,0,0,0,0,0,2,0,2278,773,5500,1253,38
Pike,6,639,1,54,4,2,612,4,20,1447,4,4,835,103,733,1,14,1575,6547,0,3,77,0,0,0,0,0,1,0,3161,1322,6547,1575,81
Polk,17,2064,3,188,4,14,1208,16,28,1766,2,10,1369,180,711,1,19,4052,9850,0,5,201,0,0,0,0,0,5,0,4086,3514,9850,4052,211
Pulaski,5,337,3,34,2,4,427,3,4,375,1,1,382,20,187,0,5,1377,2553,0,0,23,0,0,0,0,0,0,0,975,815,2553,1377,23
Putnam,6,827,4,60,2,9,1146,2,27,997,10,2,965,38,702,1,11,3102,5966,0,4,59,0,0,0,0,0,1,0,2753,2056,5966,3102,64
Quitman,0,109,1,11,0,3,239,3,2,54,0,0,71,2,32,0,0,597,509,0,0,8,0,0,0,0,0,0,0,161,366,509,597,8
Rabun,15,963,5,172,5,7,503,13,37,1100,3,5,829,83,511,2,30,2001,5487,0,12,96,0,0,0,0,0,3,0,2600,1683,5487,2001,111
Randolph,6,270,1,20,1,5,732,7,4,166,0,1,175,5,73,1,1,1833,1370,0,0,12,0,0,0,0,0,0,0,426,1042,1370,1833,12
Richmond,40,6101,16,224,15,47,20396,36,90,3285,9,23,5180,493,3921,9,62,52100,26842,0,33,329,2,1,0,4,0,22,0,13072,26875,26842,52100,391
Rockdale,22,2820,10,163,11,10,9217,14,74,3410,14,14,2297,239,2819,2,20,20526,16921,1,16,232,0,0,0,3,0,7,0,8889,12267,16921,20526,259
Schley,1,165,0,17,0,2,157,6,4,192,1,0,185,9,51,2,2,479,1252,0,0,6,0,0,0,0,0,1,0,446,348,1252,479,7
Screven,11,542,2,25,1,8,1138,1,11,419,1,2,667,38,251,0,4,3024,3423,0,0,34,0,0,0,0,0,0,0,1393,1728,3423,3024,34
Seminole,10,416,3,49,1,3,472,7,8,281,1,4,417,52,118,0,3,1660,2315,0,0,21,0,0,0,0,0,0,0,884,961,2315,1660,21
Spalding,17,2051,6,146,5,9,3578,17,53,2763,8,17,2158,367,1602,1,24,10141,14885,0,20,206,0,0,0,0,0,3,0,6993,5829,14885,10141,229
Stephens,13,1187,1,181,3,8,644,2,20,1413,1,5,957,133,570,2,12,2705,7689,0,19,100,0,0,0,0,0,4,0,3113,2039,7689,2705,123
Stewart,4,237,2,13,4,5,462,4,4,77,0,2,132,5,44,0,4,1305,783,0,0,17,0,0,0,0,0,0,0,268,731,783,1305,17
Sumter,12,1001,9,137,7,13,2403,11,19,655,5,4,1020,43,572,1,7,6454,5717,0,0,64,0,0,0,0,0,0,0,2326,3593,5717,6454,64
Talbot,5,314,3,11,1,7,878,4,0,161,0,0,216,13,105,0,3,2369,1301,0,1,25,0,0,0,0,0,4,0,498,1223,1301,2369,30
Taliaferro,1,109,2,6,0,1,252,1,0,42,0,0,37,4,44,0,1,643,339,0,0,8,0,0,0,0,0,0,0,128,372,339,643,8
Tattnall,10,614,4,31,3,5,594,7,4,647,5,3,772,51,250,1,6,1932,4730,0,8,41,0,0,0,1,2,0,0,1739,1268,4730,1932,52
Taylor,5,330,4,22,0,4,557,0,4,369,0,1,283,15,123,1,3,1536,2021,0,0,26,0,0,0,0,0,0,0,799,922,2021,1536,26
Telfair,5,485,5,24,2,7,552,4,2,376,0,0,266,9,114,0,1,1862,2486,0,0,26,0,0,0,0,0,0,0,768,1084,2486,1862,26
Terrell,7,372,3,27,3,7,879,3,13,223,2,4,379,13,126,0,3,2501,1890,0,0,25,0,0,0,0,0,0,0,763,1301,1890,2501,25
Thomas,13,1265,2,111,8,12,2438,12,22,1632,5,5,1889,91,1044,2,21,7720,10642,0,5,87,0,0,0,0,0,5,0,4711,3861,10642,7720,97
Tift,8,1165,7,92,0,3,1302,6,24,1314,2,6,1452,56,921,1,18,4749,9431,0,2,72,0,0,0,0,0,3,0,3794,2583,9431,4749,77
Toombs,8,805,4,46,5,7,836,3,12,1136,3,5,1046,47,424,0,9,2964,6658,0,0,66,0,0,0,0,0,0,0,2682,1714,6658,2964,66
Towns,3,718,3,77,1,2,311,4,17,871,0,5,662,41,443,1,6,1391,4292,0,0,56,0,0,0,0,0,0,0,2046,1119,4292,1391,56
Treutlen,4,286,2,30,1,0,376,4,5,254,1,1,231,12,79,1,3,1112,1826,0,0,16,0,0,0,0,0,0,0,587,703,1826,1112,16
Troup,12,2016,2,150,6,16,3557,14,73,2352,11,7,2517,198,1759,4,50,10455,15391,0,0,182,0,0,0,0,0,0,0,6971,5773,15391,10455,182
Turner,5,329,4,35,1,3,425,3,4,274,0,1,280,17,130,0,2,1427,2096,0,1,29,0,0,0,0,0,0,0,708,805,2096,1427,30
Twiggs,13,497,5,40,7,5,1058,13,7,389,4,1,306,30,157,1,7,2402,2087,0,0,30,0,0,0,0,0,0,0,902,1638,2087,2402,30
Union,13,1483,10,207,4,7,741,18,38,1851,2,11,1396,127,778,3,16,2486,8013,0,5,126,0,0,0,0,0,4,0,4222,2483,8013,2486,135
Upson,18,999,5,73,3,14,1540,5,21,1279,2,3,1102,72,507,1,13,4061,7291,0,5,62,0,0,0,0,0,2,0,3000,2657,7291,4061,69
Walker,12,3306,9,219,8,9,1119,13,27,3371,8,12,1798,312,1035,1,41,6095,17110,0,33,296,0,0,0,1,0,7,0,6605,4695,17110,6095,337
Walton,13,2298,10,109,7,8,2774,9,86,6171,8,19,3260,212,3343,6,41,8469,27253,0,15,276,0,0,0,0,0,13,0,13146,5228,27253,8469,304
Ware,13,971,5,89,2,11,1168,17,29,1511,2,9,1255,61,917,0,18,4034,8311,0,0,71,0,0,0,0,0,0,0,3802,2276,8311,4034,71
Warren,9,252,0,17,0,1,563,4,2,190,0,1,194,11,126,1,3,1554,1087,0,0,19,0,0,0,0,0,0,0,528,846,1087,1554,19
Washington,26,762,8,66,5,22,1735,24,16,772,1,3,623,33,177,1,7,4607,4216,0,0,40,0,0,0,0,0,0,0,1633,2648,4216,4607,40
Wayne,11,1119,8,111,1,5,721,5,13,1552,2,6,1015,60,500,5,16,2858,7601,0,3,96,0,0,0,0,0,2,0,3169,1981,7601,2858,101
Webster,6,136,3,14,0,1,183,5,3,92,0,0,118,3,24,0,1,515,588,0,0,7,0,0,0,0,0,1,0,241,348,588,515,8
Wheeler,2,188,3,9,0,3,254,5,3,182,3,1,115,7,53,0,1,794,1408,0,0,8,0,0,0,0,0,0,0,365,464,1408,794,8
White,5,1042,0,103,0,9,627,6,33,1747,2,9,1237,113,1049,2,23,2174,8467,0,8,106,0,0,0,1,0,5,0,4215,1792,8467,2174,120
Whitfield,20,3429,5,148,7,8,1636,12,46,3981,2,12,2452,288,1957,3,40,8167,19230,0,18,254,0,0,0,0,0,8,0,8781,5265,19230,8167,280
Wilcox,8,261,2,24,1,3,287,5,7,319,3,3,269,10,113,0,3,978,2159,0,1,24,0,0,0,0,0,1,0,727,591,2159,978,26
Wilkes,7,430,2,23,3,7,843,9,9,390,2,2,378,24,257,0,6,2315,2705,0,0,32,0,0,0,0,0,0,0,1068,1324,2705,2315,32
Wilkinson,4,409,4,43,2,7,1085,4,2,542,1,7,280,36,145,0,3,2298,2349,0,1,23,0,0,0,0,0,2,0,1016,1558,2349,2298,26
Worth,7,797,6,71,0,2,825,10,18,847,5,2,989,27,422,1,24,2542,5780,0,4,43,0,0,0,0,0,1,0,2335,1718,5780,2542,48
