county,gen_dem_BIDEN,gen_dem_HARRI,gen_ind_COH,gen_ind_COHEN,gen_ind_JORGENSEN,gen_oth_INS,gen_oth_VOTES,gen_rep_PENC,gen_rep_TRUMP,pri_dem_BENNET,pri_dem_BIDEN,pri_dem_BLOOMBERG,pri_dem_BOOKER,pri_dem_BUTTIGIEG,pri_dem_CASTRO,pri_dem_DELANEY,pri_dem_GABBARD,pri_dem_KLOBUCHAR,pri_dem_SANDERS,pri_dem_STEYER,pri_dem_UNCOMMITTED,pri_dem_VOTES,pri_dem_WARREN,pri_dem_WILLIAMSON,pri_dem_YANG,pri_rep_TRUMP,pri_rep_UNCOMMITTED,pri_rep_VOTES,pri_rep_WELD,gen_total,rep_general_total,dem_general_total,rep_pri_total,dem_pri_total,rep_primary_total,dem_primary_total
Autauga,7503,0,0,0,350,79,87,0,19838,23,2241,429,6,10,2,1,5,5,606,7,22,33,193,1,9,9619,246,75,140,27857,19838,7503,10080,3593,10080,3593
Baldwin,24578,0,0,0,1229,328,333,0,83544,33,7343,1521,13,78,3,5,48,26,2490,43,84,33,895,6,30,39089,1052,327,670,110012,83544,24578,41138,12651,41138,12651
Barbour,4816,0,0,68,0,12,42,0,5622,31,1905,290,6,7,2,4,5,5,202,5,17,39,57,4,2,2739,23,28,17,10560,5622,4816,2807,2581,2807,2581
Bibb,1986,0,0,0,74,10,35,0,7525,4,561,243,1,5,0,2,0,0,138,1,6,13,34,0,2,3970,51,33,32,9630,7525,1986,4086,1010,4086,1010
Blount,2640,0,0,0,209,28,75,0,24711,5,655,147,1,9,2,1,5,1,338,4,23,14,91,0,8,12819,149,93,107,27663,24711,2640,13168,1304,13168,1304
Bullock,3446,0,0,0,19,2,20,0,1146,41,1572,356,6,5,1,3,10,6,150,3,32,154,44,3,7,420,7,3,1,4633,1146,3446,431,2393,431,2393
Calhoun,15216,0,0,0,553,113,162,0,35101,32,4871,885,13,25,1,4,27,22,1517,12,43,30,459,8,19,16539,276,126,162,51145,35101,15216,17103,7968,17103,7968
Chambers,6365,0,0,0,141,25,48,0,8753,18,1839,571,4,4,0,0,10,1,285,6,12,13,61,1,9,4093,83,43,38,15332,8753,6365,4257,2834,4257,2834
Cherokee,1624,0,0,0,82,12,45,0,10583,2,456,149,3,4,0,1,5,5,163,2,14,8,44,1,1,5520,118,137,94,12346,10583,1624,5869,858,5869,858
Chilton,3073,0,0,0,123,29,56,0,16085,15,857,169,2,3,0,1,5,2,234,7,17,5,63,0,5,8951,81,67,75,19366,16085,3073,9174,1385,9174,1385
Choctaw,3127,0,0,0,38,3,46,0,4296,32,1352,441,6,11,2,1,17,17,216,11,136,327,30,0,7,1632,7,20,12,7510,4296,3127,1671,2606,1671,2606
Clarke,5755,0,0,0,49,7,50,0,7324,33,1974,933,4,6,2,1,2,1,259,8,20,50,43,3,3,4228,50,73,36,13185,7324,5755,4387,3342,4387,3342
Clay,1267,0,0,0,53,9,26,0,5601,10,486,95,0,7,1,1,2,3,75,3,14,14,27,0,3,3836,80,68,53,6956,5601,1267,4037,741,4037,741
Cleburne,675,0,0,0,60,8,28,0,6484,2,220,43,0,5,1,0,0,2,60,1,6,5,25,0,0,3197,53,38,23,7255,6484,675,3311,370,3311,370
Coffee,5076,0,0,0,264,36,64,0,16899,11,1599,278,9,11,1,0,9,3,435,7,24,12,119,0,5,9270,178,60,123,22339,16899,5076,9631,2523,9631,2523
Colbert,8343,0,0,0,272,68,98,0,19203,26,2997,604,7,22,1,2,18,9,785,7,51,32,182,1,5,8598,153,89,101,27984,19203,8343,8941,4749,8941,4749
Conecuh,2966,0,0,0,32,1,38,0,3442,55,1216,704,18,5,3,5,14,6,254,27,112,377,52,7,9,1344,15,6,5,6479,3442,2966,1370,2864,1370,2864
Coosa,1796,0,0,0,46,6,15,0,3631,8,574,156,1,1,0,1,0,1,99,0,6,9,21,0,2,2064,48,51,27,5494,3631,1796,2190,879,2190,879
Covington,2721,0,0,0,97,26,61,0,14586,12,856,166,1,5,1,0,0,1,184,8,9,11,45,1,1,7974,119,86,69,17491,14586,2721,8248,1301,8248,1301
Crenshaw,1700,0,0,0,44,9,22,0,4864,5,554,221,2,4,0,0,0,0,70,0,6,5,17,0,3,2381,38,13,15,6639,4864,1700,2447,887,2447,887
Cullman,4478,0,0,0,418,75,132,0,36880,10,1262,317,5,20,3,2,6,15,633,9,64,25,173,1,11,21160,338,193,224,41983,36880,4478,21915,2556,21915,2556
Dale,5170,0,0,0,233,32,76,0,14303,8,1658,204,2,14,0,2,6,4,402,9,19,11,86,0,5,7836,140,50,91,19814,14303,5170,8117,2430,8117,2430
Dallas,12230,0,0,0,90,20,76,0,5524,69,6238,1071,33,44,7,13,58,40,897,38,510,1078,237,17,52,985,11,10,6,17940,5524,12230,1012,10402,1012,10402
Dekalb,4281,0,0,0,250,58,95,0,24767,8,1193,267,2,8,2,1,6,7,571,13,26,23,115,0,7,11678,145,125,82,29451,24767,4281,12030,2249,12030,2249
Elmore,10367,0,0,0,398,101,116,0,30164,16,3092,591,5,16,0,4,8,5,738,5,27,21,260,3,4,14977,308,115,189,41146,30164,10367,15589,4795,15589,4795
Escambia,4918,0,0,0,94,29,46,0,10869,19,1462,341,3,8,2,2,3,2,218,3,15,13,48,0,1,5129,80,49,32,15956,10869,4918,5290,2140,5290,2140
Etowah,11567,0,0,0,531,102,143,0,35528,28,3754,815,13,13,3,0,18,18,1053,16,56,29,258,0,7,16639,389,170,212,47871,35528,11567,17410,6081,17410,6081
Fayette,1395,0,0,0,56,15,49,0,7300,6,402,217,0,4,0,2,1,3,99,3,5,4,39,4,1,4460,57,76,42,8815,7300,1395,4635,790,4635,790
Franklin,2086,0,0,0,106,10,87,0,10376,7,634,155,2,6,1,1,3,3,222,5,22,17,38,0,3,5370,128,110,78,12665,10376,2086,5686,1119,5686,1119
Geneva,1595,0,0,0,90,12,43,0,10848,12,511,138,1,3,0,1,0,0,107,3,7,9,32,0,1,6096,102,37,52,12588,10848,1595,6287,825,6287,825
Greene,3884,0,0,0,8,8,26,0,875,23,1782,406,6,7,3,4,1,0,191,2,9,85,21,3,5,419,2,3,4,4801,875,3884,428,2548,428,2548
Hale,4663,0,0,0,37,8,23,0,3192,26,1329,951,7,3,0,2,3,2,175,7,18,22,44,1,3,1446,12,11,11,7923,3192,4663,1480,2593,1480,2593
Henry,2606,0,0,0,69,16,40,0,6607,21,1022,108,3,1,0,2,0,4,167,2,9,22,22,1,3,3530,51,20,20,9338,6607,2606,3621,1387,3621,1387
Houston,12917,0,0,0,533,105,132,0,32618,19,3922,433,14,13,1,2,12,13,934,11,38,21,239,3,16,17965,421,158,239,46305,32618,12917,18783,5691,18783,5691
Jackson,3717,0,0,0,208,41,93,0,19670,7,1040,269,3,8,1,4,2,10,403,8,23,20,89,0,6,9658,311,280,162,23729,19670,3717,10411,1893,10411,1893
Jefferson,181688,0,0,0,3578,1739,1161,0,138843,370,67662,8734,141,277,33,39,153,175,16166,139,411,458,7318,39,164,65177,2080,846,1241,327009,138843,181688,69344,102279,69344,102279
Lamar,978,0,0,0,33,8,18,0,6174,10,324,117,1,0,2,0,0,0,55,3,4,5,11,0,0,3143,27,21,16,7211,6174,978,3207,532,3207,532
Lauderdale,11915,0,0,0,537,166,171,0,31721,13,3587,742,9,25,2,4,18,16,1560,22,46,29,472,5,23,15572,484,319,282,44510,31721,11915,16657,6573,16657,6573
Lawrence,3562,0,0,0,126,21,70,0,12322,9,1357,344,3,5,1,0,2,2,257,7,11,14,68,2,2,5838,98,69,51,16101,12322,3562,6056,2084,6056,2084
Lee,27860,0,0,0,1019,349,176,0,42221,49,7381,1070,7,43,2,4,38,34,2624,16,43,37,1228,2,28,14179,445,126,299,71625,42221,27860,15049,12606,15049,12606
Limestone,13672,0,0,0,748,175,148,0,34640,14,4153,707,3,27,1,0,19,15,1420,12,36,30,404,3,12,15565,346,156,277,49383,34640,13672,16344,6856,16344,6856
Lowndes,4972,0,0,0,26,1,41,0,1836,44,2406,433,8,6,2,3,14,7,387,31,51,318,54,2,5,653,5,6,4,6876,1836,4972,668,3771,668,3771
Macon,7108,0,0,0,52,22,48,0,1541,36,3072,654,14,7,1,3,15,7,482,26,58,138,166,4,9,514,5,2,3,8771,1541,7108,524,4692,524,4692
Madison,87286,0,0,0,3699,1002,607,0,102780,79,25961,4125,59,161,9,9,111,113,10539,65,181,101,3636,10,113,46823,1982,671,1817,195374,102780,87286,51293,45272,51293,45272
Marengo,5488,0,0,0,59,10,42,0,5343,38,2121,883,6,5,2,8,5,9,241,6,28,52,52,1,10,2754,30,21,8,10942,5343,5488,2813,3467,2813,3467
Marion,1463,0,0,0,115,24,48,0,12205,5,398,104,0,2,0,0,0,2,134,2,17,8,35,0,1,6285,80,91,48,13855,12205,1463,6504,708,6504,708
Marshall,5943,0,0,0,435,86,96,0,33191,5,1581,365,1,17,1,2,16,20,779,15,16,11,190,0,5,15864,231,148,155,39751,33191,5943,16398,3024,16398,3024
Mobile,79474,0,0,0,1938,509,649,0,101243,205,27078,4296,82,90,10,27,73,47,6674,137,211,213,1596,22,56,46897,1249,478,813,183813,101243,79474,49437,40817,49437,40817
Monroe,4455,0,0,0,53,13,39,0,6147,32,1718,407,10,4,1,6,2,2,205,11,22,39,38,2,0,3599,38,42,23,10707,6147,4455,3702,2499,3702,2499
Montgomery,64529,0,0,0,923,376,423,0,33311,187,23538,4196,74,81,13,36,52,49,4530,83,280,281,1491,23,34,17214,597,218,394,99562,33311,64529,18423,34948,18423,34948
Morgan,13234,0,0,0,705,119,183,0,39664,28,3965,918,9,27,4,2,13,19,1252,20,46,38,340,0,11,20944,516,275,429,53905,39664,13234,22164,6692,22164,6692
Perry,3860,0,0,0,24,7,28,0,1339,28,2102,297,13,3,5,6,9,9,178,10,64,191,70,2,7,594,15,12,3,5258,1339,3860,624,2994,624,2994
Pickens,4022,0,0,0,40,12,33,0,5594,19,1142,754,1,3,2,2,1,5,196,5,4,22,29,2,1,2970,26,21,15,9701,5594,4022,3032,2188,3032,2188
Pike,5636,0,0,0,134,29,54,0,8042,16,1786,219,6,4,4,6,4,2,433,3,14,16,106,5,7,4047,75,39,64,13895,8042,5636,4225,2631,4225,2631
Randolph,0,2203,61,0,0,14,36,8559,0,13,522,327,4,5,0,0,5,4,122,2,12,10,28,3,1,4742,82,77,59,10873,8559,2203,4960,1058,4960,1058
Russell,11228,0,0,0,198,39,65,0,9864,17,3221,634,5,9,2,2,7,13,566,4,22,17,111,2,3,3057,48,23,19,21394,9864,11228,3147,4635,3147,4635
Shelby,33268,0,0,0,1462,520,315,0,79700,31,9555,1416,14,76,5,3,59,37,3805,21,71,54,1677,3,37,38474,1081,349,678,115265,79700,33268,40582,16864,40582,16864
Stclair,7744,0,0,0,446,85,110,0,36166,16,2269,457,4,25,0,2,16,3,835,8,25,26,283,0,9,17155,223,81,147,44551,36166,7744,17606,3978,17606,3978
Talladega,13138,0,0,0,247,43,116,0,22235,54,4618,918,11,16,3,9,3,7,803,9,19,25,197,4,11,11369,172,92,107,35779,22235,13138,11740,6707,11740,6707
Tallapoosa,5859,0,0,0,130,39,76,0,14963,40,1765,441,6,11,2,3,4,8,303,8,14,16,84,0,3,7690,134,127,84,21067,14963,5859,8035,2708,8035,2708
Tuscaloosa,37765,0,0,0,927,363,249,0,51117,83,11834,2176,15,58,8,8,54,27,3562,22,85,74,1684,3,30,22619,521,191,331,90421,51117,37765,23662,19723,23662,19723
Walker,4834,0,0,0,277,57,97,0,26002,6,1395,260,7,9,6,4,4,6,539,16,30,26,136,2,6,15091,343,249,252,31267,26002,4834,15935,2452,15935,2452
Washington,2258,0,0,0,45,9,42,0,6564,37,1110,246,2,11,3,5,9,7,156,12,197,374,37,3,9,2635,7,19,11,8918,6564,2258,2672,2218,2672,2218
Wilcox,4048,0,0,0,17,5,32,0,1833,53,1867,658,15,11,7,10,12,12,285,18,69,273,62,8,13,701,4,4,3,5935,1833,4048,712,3373,712,3373
Winston,974,0,0,0,102,13,29,0,10195,1,266,75,1,5,0,1,1,2,117,1,5,2,32,0,1,5341,71,34,57,11313,10195,974,5503,510,5503,510
