county,gen_oth_COHEN,gen_oth_DOW,gen_oth_HARRIS,gen_oth_HOWARD,gen_oth_LEMAY,gen_oth_PATEL,gen_oth_PENCE,gen_oth_RICHARDSON,gen_oth_ROZE,gen_oth_TIDBALL,gen_oth_WALKER,gen_oth_WALLACE,gen_oth_WEINSTEIN,gen_oth_WELLS,pri_oth_BIDEN,pri_oth_FUENTE,pri_oth_GABBARD,pri_oth_SANDERS,pri_oth_TRUMP,pri_oth_UNCOMMITTED,gen_total
Andover,0,0,0,0,0,0,0,0,0,0,0,0,0,0,229,13,4,31,111,27,0
Ansonia,0,0,0,0,0,0,0,0,0,0,0,0,0,0,787,17,21,137,286,69,0
Ashford,0,0,0,0,0,0,0,0,0,0,0,0,0,0,345,15,11,71,145,28,0
Avon,0,0,0,0,0,0,0,0,0,0,0,0,0,0,1610,61,13,192,593,172,0
Barkhamsted,0,0,0,0,0,0,0,0,0,0,0,0,0,0,217,11,4,41,157,25,0
Beacon Falls,0,0,0,0,0,0,0,0,0,0,0,0,0,0,322,11,5,52,191,42,0
Berlin,0,0,0,0,0,0,0,0,0,0,0,0,0,0,1347,66,40,162,1100,212,0
Bethany,0,0,0,0,0,0,0,0,0,0,0,0,0,0,493,18,8,103,199,37,0
Bethel,0,0,0,0,0,0,0,0,0,0,0,0,0,0,1244,32,16,221,763,124,0
Bethlehem,0,0,0,0,0,0,0,0,0,0,0,0,0,0,207,14,7,37,137,24,0
Bloomfield,0,0,0,0,0,0,0,0,0,0,0,0,0,0,4092,36,23,219,193,127,0
Bolton,0,0,0,0,0,0,0,0,0,0,0,0,0,0,407,18,14,70,211,45,0
Bozrah,0,0,0,0,0,0,0,0,0,0,0,0,0,0,158,3,7,20,78,24,0
Branford,0,0,0,0,0,0,0,0,0,0,0,0,0,0,2439,45,28,321,595,144,0
Bridgeport,0,0,0,0,0,0,0,0,0,0,0,0,0,0,8585,52,87,908,455,372,0
Bridgewater,0,0,0,0,0,0,0,0,0,0,0,0,0,0,160,5,7,20,70,16,0
Bristol,0,0,0,0,0,0,0,0,0,0,0,0,0,0,3069,88,79,440,1282,320,0
Brookfield,0,0,0,0,0,0,0,0,0,0,0,0,0,0,918,50,13,121,528,115,0
Brooklyn,0,0,0,0,0,0,0,0,0,0,0,0,0,0,359,9,8,69,229,49,0
Burlington,0,0,0,0,0,0,0,0,0,0,0,0,0,0,597,31,8,87,320,57,0
Canaan,0,0,0,0,0,0,0,0,0,0,0,0,0,0,131,5,1,15,27,12,0
Canterbury,0,0,0,0,0,0,0,0,0,0,0,0,0,0,223,14,4,27,199,27,0
Canton,0,0,0,0,0,0,0,0,0,0,0,0,0,0,795,34,13,119,337,85,0
Chaplin,0,0,0,0,0,0,0,0,0,0,0,0,0,0,123,6,1,34,95,15,0
Cheshire,0,0,0,0,0,0,0,0,0,0,0,0,0,0,2043,78,32,262,748,189,0
Chester,0,0,0,0,0,0,0,0,0,0,0,0,0,0,510,16,6,85,99,33,0
Clinton,0,0,0,0,0,0,0,0,0,0,0,0,0,0,1014,49,9,140,464,85,0
Colchester,0,0,0,0,0,0,0,0,0,0,0,0,0,0,1057,55,22,199,454,102,0
Colebrook,0,0,0,0,0,0,0,0,0,0,0,0,0,0,83,4,3,15,66,19,0
Columbia,0,0,0,0,0,0,0,0,0,0,0,0,0,0,438,18,10,56,166,46,0
Cornwall,0,0,0,0,0,0,0,0,0,0,0,0,0,0,267,8,5,45,33,10,0
Coventry,0,0,0,0,0,0,0,0,0,0,0,0,0,0,816,34,11,154,354,74,0
Cromwell,0,0,0,0,0,0,0,0,0,0,0,0,0,0,996,38,20,127,335,77,0
Danbury,0,0,0,0,0,0,0,0,0,0,0,0,0,0,2891,100,44,409,1096,259,0
Darien,0,0,0,0,0,0,0,0,0,0,0,0,0,0,1202,94,9,88,516,243,0
Deep River,0,0,0,0,0,0,0,0,0,0,0,0,0,0,402,10,9,68,94,29,0
Derby,0,0,0,0,0,0,0,0,0,0,0,0,0,0,679,14,26,102,212,68,0
Durham,0,0,0,0,0,0,0,0,0,0,0,0,0,0,475,29,9,94,255,67,0
East Granby,0,0,0,0,0,0,0,0,0,0,0,0,0,0,357,15,7,54,166,32,0
East Haddam,0,0,0,0,0,0,0,0,0,0,0,0,0,0,676,30,11,129,395,56,0
East Hampton,0,0,0,0,0,0,0,0,0,0,0,0,0,0,776,30,14,137,305,71,0
East Hartford,0,0,0,0,0,0,0,0,0,0,0,0,0,0,2789,45,39,267,426,172,0
East Haven,0,0,0,0,0,0,0,0,0,0,0,0,0,0,1080,21,18,143,524,98,0
East Lyme,0,0,0,0,0,0,0,0,0,0,0,0,0,0,1635,67,23,231,466,157,0
East Windsor,0,0,0,0,0,0,0,0,0,0,0,0,0,0,573,25,14,84,259,68,0
Eastford,0,0,0,0,0,0,0,0,0,0,0,0,0,0,99,8,1,18,66,29,0
Easton,0,0,0,0,0,0,0,0,0,0,0,0,0,0,573,37,9,89,238,71,0
Ellington,0,0,0,0,0,0,0,0,0,0,0,0,0,0,862,53,11,116,540,83,0
Enfield,0,0,0,0,0,0,0,0,0,0,0,0,0,0,2238,69,55,263,984,249,0
Essex,0,0,0,0,0,0,0,0,0,0,0,0,0,0,852,38,5,87,238,73,0
Fairfield,0,0,0,0,0,0,0,0,0,0,0,0,0,0,4229,153,55,500,1146,363,0
Farmington,0,0,0,0,0,0,0,0,0,0,0,0,0,0,1983,66,27,248,717,197,0
Franklin,0,0,0,0,0,0,0,0,0,0,0,0,0,0,84,4,1,15,65,14,0
Glastonbury,0,0,0,0,0,0,0,0,0,0,0,0,0,0,3003,151,50,440,856,306,0
Goshen,0,0,0,0,0,0,0,0,0,0,0,0,0,0,207,8,3,33,160,23,0
Granby,0,0,0,0,0,0,0,0,0,0,0,0,0,0,912,51,23,128,467,110,0
Greenwich,0,0,0,0,0,0,0,0,0,0,0,0,0,0,3557,199,45,305,1333,492,0
Griswold,0,0,0,0,0,0,0,0,0,0,0,0,0,0,630,22,27,115,269,101,0
Groton,0,0,0,0,0,0,0,0,0,0,0,0,0,0,2290,81,30,339,641,213,0
Guilford,0,0,0,0,0,0,0,0,0,0,0,0,0,0,2614,70,19,315,496,138,0
Haddam,0,0,0,0,0,0,0,0,0,0,0,0,0,0,630,32,16,126,364,64,0
Hamden,0,0,0,0,0,0,0,0,0,0,0,0,0,0,6841,85,73,961,845,263,0
Hampton,0,0,0,0,0,0,0,0,0,0,0,0,0,0,159,6,3,18,50,11,0
Hartford,0,0,0,0,0,0,0,0,0,0,0,0,0,0,3001,22,22,416,117,41,0
Hartland,0,0,0,0,0,0,0,0,0,0,0,0,0,0,91,1,3,24,130,9,0
Harwinton,0,0,0,0,0,0,0,0,0,0,0,0,0,0,276,8,12,53,227,46,0
Hebron,0,0,0,0,0,0,0,0,0,0,0,0,0,0,680,33,12,83,294,63,0
Kent,0,0,0,0,0,0,0,0,0,0,0,0,0,0,406,6,4,56,87,29,0
Killingly,0,0,0,0,0,0,0,0,0,0,0,0,0,0,567,20,14,126,304,59,0
Killingworth,0,0,0,0,0,0,0,0,0,0,0,0,0,0,575,16,11,73,251,70,0
Lebanon,0,0,0,0,0,0,0,0,0,0,0,0,0,0,391,28,9,90,259,50,0
Ledyard,0,0,0,0,0,0,0,0,0,0,0,0,0,0,909,54,14,141,424,112,0
Lisbon,0,0,0,0,0,0,0,0,0,0,0,0,0,0,236,15,3,46,136,38,0
Litchfield,0,0,0,0,0,0,0,0,0,0,0,0,0,0,609,29,8,96,281,60,0
Lyme,0,0,0,0,0,0,0,0,0,0,0,0,0,0,309,14,2,47,102,32,0
Madison,0,0,0,0,0,0,0,0,0,0,0,0,0,0,1755,98,20,180,618,203,0
Manchester,0,0,0,0,0,0,0,0,0,0,0,0,0,0,4109,96,59,672,935,304,0
Mansfield,0,0,0,0,0,0,0,0,0,0,0,0,0,0,1458,31,24,306,168,60,0
Marlborough,0,0,0,0,0,0,0,0,0,0,0,0,0,0,471,18,6,74,197,37,0
Meriden,0,0,0,0,0,0,0,0,0,0,0,0,0,0,2432,34,53,382,679,156,0
Middlebury,0,0,0,0,0,0,0,0,0,0,0,0,0,0,374,23,7,51,310,80,0
Middlefield,0,0,0,0,0,0,0,0,0,0,0,0,0,0,316,18,7,51,224,55,0
Middletown,0,0,0,0,0,0,0,0,0,0,0,0,0,0,3065,68,57,588,656,181,0
Milford,0,0,0,0,0,0,0,0,0,0,0,0,0,0,3334,106,59,525,1171,243,0
Monroe,0,0,0,0,0,0,0,0,0,0,0,0,0,0,838,41,14,110,400,80,0
Montville,0,0,0,0,0,0,0,0,0,0,0,0,0,0,811,36,19,147,553,99,0
Morris,0,0,0,0,0,0,0,0,0,0,0,0,0,0,129,9,2,16,82,18,0
Naugatuck,0,0,0,0,0,0,0,0,0,0,0,0,0,0,1252,31,47,253,666,179,0
New Britain,0,0,0,0,0,0,0,0,0,0,0,0,0,0,3223,34,37,275,629,186,0
New Canaan,0,0,0,0,0,0,0,0,0,0,0,0,0,0,1124,96,7,71,756,298,0
New Fairfield,0,0,0,0,0,0,0,0,0,0,0,0,0,0,688,28,9,112,496,57,0
New Hartford,0,0,0,0,0,0,0,0,0,0,0,0,0,0,433,24,7,77,274,64,0
New Haven,0,0,0,0,0,0,0,0,0,0,0,0,0,0,8873,32,100,1582,291,255,0
New London,0,0,0,0,0,0,0,0,0,0,0,0,0,0,1315,16,23,297,144,74,0
New Milford,0,0,0,0,0,0,0,0,0,0,0,0,0,0,1287,47,17,211,631,98,0
Newington,0,0,0,0,0,0,0,0,0,0,0,0,0,0,2196,53,47,334,630,210,0
Newtown,0,0,0,0,0,0,0,0,0,0,0,0,0,0,1973,92,25,276,911,196,0
Norfolk,0,0,0,0,0,0,0,0,0,0,0,0,0,0,191,7,0,16,34,8,0
North Branford,0,0,0,0,0,0,0,0,0,0,0,0,0,0,664,26,10,99,358,61,0
North Canaan,0,0,0,0,0,0,0,0,0,0,0,0,0,0,155,7,2,24,73,15,0
North Haven,0,0,0,0,0,0,0,0,0,0,0,0,0,0,1423,56,18,227,720,106,0
North Stonington,0,0,0,0,0,0,0,0,0,0,0,0,0,0,320,13,1,48,168,28,0
Norwalk,0,0,0,0,0,0,0,0,0,0,0,0,0,0,5253,126,46,660,998,291,0
Norwich,0,0,0,0,0,0,0,0,0,0,0,0,0,0,1871,47,52,284,479,131,0
Old Lyme,0,0,0,0,0,0,0,0,0,0,0,0,0,0,754,41,3,79,299,97,0
Old Saybrook,0,0,0,0,0,0,0,0,0,0,0,0,0,0,1002,45,9,85,393,118,0
Orange,0,0,0,0,0,0,0,0,0,0,0,0,0,0,930,38,20,108,405,98,0
Oxford,0,0,0,0,0,0,0,0,0,0,0,0,0,0,481,40,7,77,531,71,0
Plainfield,0,0,0,0,0,0,0,0,0,0,0,0,0,0,598,16,19,70,326,65,0
Plainville,0,0,0,0,0,0,0,0,0,0,0,0,0,0,920,21,16,130,399,95,0
Plymouth,0,0,0,0,0,0,0,0,0,0,0,0,0,0,398,20,10,83,301,49,0
Pomfret,0,0,0,0,0,0,0,0,0,0,0,0,0,0,284,11,2,49,114,28,0
Portland,0,0,0,0,0,0,0,0,0,0,0,0,0,0,699,18,18,131,276,76,0
Preston,0,0,0,0,0,0,0,0,0,0,0,0,0,0,231,11,4,44,149,34,0
Prospect,0,0,0,0,0,0,0,0,0,0,0,0,0,0,385,20,10,50,343,55,0
Putnam,0,0,0,0,0,0,0,0,0,0,0,0,0,0,404,11,6,63,172,39,0
Redding,0,0,0,0,0,0,0,0,0,0,0,0,0,0,893,31,4,107,321,99,0
Ridgefield,0,0,0,0,0,0,0,0,0,0,0,0,0,0,2091,89,23,212,914,226,0
Rocky Hill,0,0,0,0,0,0,0,0,0,0,0,0,0,0,1307,42,46,167,355,105,0
Roxbury,0,0,0,0,0,0,0,0,0,0,0,0,0,0,259,12,2,24,112,25,0
Salem,0,0,0,0,0,0,0,0,0,0,0,0,0,0,255,11,6,49,133,27,0
Salisbury,0,0,0,0,0,0,0,0,0,0,0,0,0,0,598,9,9,52,62,28,0
Scotland,0,0,0,0,0,0,0,0,0,0,0,0,0,0,59,1,4,14,42,10,0
Seymour,0,0,0,0,0,0,0,0,0,0,0,0,0,0,594,27,19,116,486,73,0
Sharon,0,0,0,0,0,0,0,0,0,0,0,0,0,0,284,11,1,27,67,18,0
Shelton,0,0,0,0,0,0,0,0,0,0,0,0,0,0,1588,93,20,257,1622,244,0
Sherman,0,0,0,0,0,0,0,0,0,0,0,0,0,0,244,9,2,26,82,25,0
Simsbury,0,0,0,0,0,0,0,0,0,0,0,0,0,0,2364,83,44,280,608,225,0
Somers,0,0,0,0,0,0,0,0,0,0,0,0,0,0,440,28,4,41,344,79,0
South Windsor,0,0,0,0,0,0,0,0,0,0,0,0,0,0,2144,82,28,252,609,182,0
Southbury,0,0,0,0,0,0,0,0,0,0,0,0,0,0,1470,62,7,155,835,188,0
Southington,0,0,0,0,0,0,0,0,0,0,0,0,0,0,2451,154,60,326,1970,465,0
Sprague,0,0,0,0,0,0,0,0,0,0,0,0,0,0,156,8,7,21,90,17,0
Stafford,0,0,0,0,0,0,0,0,0,0,0,0,0,0,607,18,15,135,294,63,0
Stamford,0,0,0,0,0,0,0,0,0,0,0,0,0,0,8595,200,104,888,2044,567,0
Sterling,0,0,0,0,0,0,0,0,0,0,0,0,0,0,101,6,10,12,105,18,0
Stonington,0,0,0,0,0,0,0,0,0,0,0,0,0,0,1933,55,20,214,398,151,0
Stratford,0,0,0,0,0,0,0,0,0,0,0,0,0,0,3717,93,41,430,872,241,0
Suffield,0,0,0,0,0,0,0,0,0,0,0,0,0,0,773,20,6,100,403,101,0
Thomaston,0,0,0,0,0,0,0,0,0,0,0,0,0,0,254,18,2,51,242,36,0
Thompson,0,0,0,0,0,0,0,0,0,0,0,0,0,0,373,11,16,68,244,65,0
Tolland,0,0,0,0,0,0,0,0,0,0,0,0,0,0,1048,51,18,173,378,113,0
Torrington,0,0,0,0,0,0,0,0,0,0,0,0,0,0,1371,57,33,239,772,182,0
Trumbull,0,0,0,0,0,0,0,0,0,0,0,0,0,0,2010,80,34,286,864,186,0
Union,0,0,0,0,0,0,0,0,0,0,0,0,0,0,46,5,1,6,56,12,0
Vernon,0,0,0,0,0,0,0,0,0,0,0,0,0,0,1798,55,20,304,595,154,0
Voluntown,0,0,0,0,0,0,0,0,0,0,0,0,0,0,135,5,7,25,160,21,0
Wallingford,0,0,0,0,0,0,0,0,0,0,0,0,0,0,2423,99,48,408,905,176,0
Warren,0,0,0,0,0,0,0,0,0,0,0,0,0,0,114,6,1,15,70,10,0
Washington,0,0,0,0,0,0,0,0,0,0,0,0,0,0,293,9,0,49,76,20,0
Waterbury,0,0,0,0,0,0,0,0,0,0,0,0,0,0,3493,39,107,430,875,310,0
Waterford,0,0,0,0,0,0,0,0,0,0,0,0,0,0,1452,45,20,211,483,116,0
Watertown,0,0,0,0,0,0,0,0,0,0,0,0,0,0,744,41,15,116,773,115,0
West Hartford,0,0,0,0,0,0,0,0,0,0,0,0,0,0,7766,153,89,1080,925,458,0
West Haven,0,0,0,0,0,0,0,0,0,0,0,0,0,0,2724,43,73,345,493,204,0
Westbrook,0,0,0,0,0,0,0,0,0,0,0,0,0,0,469,31,4,46,253,60,0
Weston,0,0,0,0,0,0,0,0,0,0,0,0,0,0,1061,29,3,99,226,85,0
Westport,0,0,0,0,0,0,0,0,0,0,0,0,0,0,2989,75,23,224,618,241,0
Wethersfield,0,0,0,0,0,0,0,0,0,0,0,0,0,0,2705,63,67,408,655,247,0
Willington,0,0,0,0,0,0,0,0,0,0,0,0,0,0,338,16,10,76,118,31,0
Wilton,0,0,0,0,0,0,0,0,0,0,0,0,0,0,1619,73,14,144,718,221,0
Winchester,0,0,0,0,0,0,0,0,0,0,0,0,0,0,430,15,9,101,292,38,0
Windham,0,0,0,0,0,0,0,0,0,0,0,0,0,0,901,19,9,184,208,61,0
Windsor,0,0,0,0,0,0,0,0,0,0,0,0,0,0,3697,63,40,348,503,153,0
Windsor Locks,0,0,0,0,0,0,0,0,0,0,0,0,0,0,712,32,11,78,284,94,0
Wolcott,0,0,0,0,0,0,0,0,0,0,0,0,0,0,439,12,19,82,454,56,0
Woodbridge,0,0,0,0,0,0,0,0,0,0,0,0,0,0,1037,25,11,125,179,57,0
Woodbury,0,0,0,0,0,0,0,0,0,0,0,0,0,0,777,23,6,111,408,85,0
Woodstock,0,0,0,0,0,0,0,0,0,0,0,0,0,0,511,36,8,85,291,55,0
