county,gen_dem_BIDEN,gen_lib_JORGENSEN,gen_rep_TRUMP,pri_dem_BENNET,pri_dem_BIDEN,pri_dem_BLOOMBERG,pri_dem_BUTTIGIEG,pri_dem_DELANEY,pri_dem_GABBARD,pri_dem_KLOBUCHAR,pri_dem_PATRICK,pri_dem_SANDERS,pri_dem_STEYER,pri_dem_WARREN,pri_dem_YANG,pri_rep_TRUMP,gen_total,rep_pri_total,dem_pri_total
Appling,1779,36,6526,15,647,7,3,13,5,4,3,61,14,7,10,3238,8341,3238,789
Atkinson,825,30,2300,8,269,4,0,3,2,0,2,24,2,3,1,1361,3155,1361,318
Bacon,625,25,4018,3,137,4,0,4,0,1,0,14,4,9,1,2310,4668,2310,177
Baker,652,6,897,13,374,13,6,9,16,8,2,52,10,23,23,65,1555,65,549
Baldwin,9140,208,8903,42,3776,24,16,9,10,11,1,268,3,81,24,3587,18251,3587,4265
Banks,932,74,7795,0,267,6,1,2,2,3,1,64,0,6,5,3622,8801,3622,357
Barrow,10453,664,26804,15,3061,30,26,4,15,17,0,442,4,70,40,8476,37921,8476,3724
Bartow,12092,701,37674,21,3576,37,40,2,20,22,4,546,7,75,43,14559,50467,14559,4393
Ben Hill,2392,58,4110,8,874,11,0,7,6,2,2,44,4,12,3,1529,6560,1529,973
Berrien,1269,55,6419,8,361,2,1,2,1,5,0,53,2,4,3,3014,7743,3014,442
Bibb,43468,749,26585,228,19406,279,130,47,200,145,25,1719,37,404,201,11137,70802,11137,22821
Bleckley,1311,67,4328,9,366,1,4,3,1,5,0,40,0,6,4,1684,5706,1684,439
Brantley,699,56,6991,3,210,4,2,0,1,0,0,28,2,4,3,3442,7746,3442,257
Brooks,2790,50,4260,4,904,8,3,3,2,0,0,53,1,11,6,1680,7100,1680,995
Bryan,6739,357,14244,13,2046,15,21,5,5,11,3,204,16,51,26,5639,21340,5639,2416
Bulloch,11243,455,18386,28,3490,31,22,8,7,13,4,472,25,109,32,8846,30084,8846,4241
Burke,5209,75,5400,43,2605,37,14,18,23,27,9,213,53,42,44,1569,10684,1569,3128
Butts,3274,91,8406,11,1199,17,2,4,3,6,0,94,2,15,8,3313,11771,3313,1361
Calhoun,1260,11,923,31,787,17,7,12,12,18,5,89,9,21,26,162,2194,162,1034
Camden,7967,470,15251,12,2231,17,19,2,9,14,4,198,2,45,11,4600,23688,4600,2564
Candler,1269,29,3133,4,434,1,1,1,0,1,0,30,4,7,5,1510,4431,1510,488
Carroll,16238,760,37476,32,5663,48,45,8,27,28,5,783,3,149,41,15290,54474,15290,6832
Catoosa,6932,494,25167,4,1536,22,15,1,6,14,0,231,2,37,23,9604,32593,9604,1891
Charlton,1103,44,3419,1,197,2,1,2,0,0,1,9,0,2,2,1921,4566,1921,217
Chatham,78254,1929,53237,150,29290,180,211,38,82,123,22,2844,146,588,215,18669,133420,18669,33889
Chattahoochee,667,35,880,7,281,4,0,0,4,2,4,40,1,13,7,244,1582,244,363
Chattooga,1854,132,8064,6,627,9,7,3,2,6,2,70,1,11,0,4225,10050,4225,744
Cherokee,42794,2449,99587,32,12756,104,166,9,77,68,5,1987,12,374,153,35457,144830,35457,15743
Clarke,36048,839,14446,64,12175,125,123,14,63,101,13,3454,11,906,176,5004,51333,5004,17225
Clay,790,7,637,2,336,2,1,7,3,0,1,9,2,4,2,278,1434,278,369
Clayton,95476,1055,15813,224,39503,283,63,58,88,69,57,3367,28,446,247,4522,112344,4522,44433
Clinch,747,12,2105,1,141,4,1,0,0,0,0,10,3,2,0,1530,2864,1530,162
Cobb,221846,6441,165459,208,84811,531,731,62,329,403,72,10690,42,2187,830,63696,393746,63696,100896
Coffee,4511,125,10578,12,1098,17,3,8,3,5,2,103,1,17,12,4931,15214,4931,1281
Colquitt,4187,119,11777,12,1310,9,11,6,3,7,3,108,4,20,4,5139,16083,5139,1497
Columbia,29236,1330,50013,22,9006,39,70,6,35,32,8,881,36,158,63,17358,80579,17358,10356
Cook,2059,76,4900,8,709,13,3,7,0,3,1,65,3,8,4,1854,7035,1854,824
Coweta,24210,1088,51501,28,8170,64,58,10,32,40,6,811,5,166,59,17274,76799,17274,9449
Crawford,1615,59,4428,10,761,8,2,1,1,0,1,50,1,10,8,1593,6102,1593,853
Crisp,2986,66,4987,8,880,14,3,3,1,3,1,42,2,13,7,2685,8039,2685,977
Dade,1261,107,6066,3,341,3,2,1,1,1,1,39,2,9,2,3070,7434,3070,405
Dawson,2486,197,13398,2,665,10,7,1,3,5,1,73,1,12,5,5978,16081,5978,785
Decatur,4780,89,6758,41,1731,35,21,9,63,41,9,149,18,50,73,1497,11627,1497,2240
Dekalb,308227,4204,58373,477,129273,772,943,89,361,510,111,15452,71,4803,1077,17425,370804,17425,153939
Dodge,2171,56,5843,9,522,4,0,4,1,5,0,63,3,9,1,3799,8070,3799,621
Dooly,1911,35,2159,32,903,26,16,10,21,24,5,87,5,29,54,551,4105,551,1212
Dougherty,24577,280,10454,110,10692,94,36,30,60,51,27,648,19,118,103,3571,35311,3571,11988
Douglas,42809,837,25451,126,18905,213,106,40,271,139,43,1835,42,292,346,8079,69097,8079,22358
Early,2437,28,2722,37,1173,21,2,13,2,14,5,98,5,30,14,1241,5187,1241,1414
Echols,167,18,1256,0,35,1,0,1,0,0,0,7,0,1,0,772,1441,772,45
Effingham,7720,492,23358,16,2425,17,11,6,10,5,5,211,14,60,25,8411,31570,8411,2805
Elbert,2879,66,6226,11,1018,8,3,1,5,4,1,73,7,12,10,2624,9171,2624,1153
Emanuel,2884,66,6551,9,1034,6,2,6,3,0,1,85,13,20,3,4431,9501,4431,1182
Evans,1324,35,2888,16,494,6,1,2,0,0,0,31,7,11,6,1216,4247,1216,574
Fannin,2571,110,12169,2,803,14,12,0,5,10,0,60,1,15,6,5799,14850,5799,928
Fayette,33065,976,37952,25,13054,80,85,8,39,50,5,1170,7,184,93,14697,71993,14697,14800
Floyd,12008,517,29123,16,3589,32,35,10,14,30,6,429,6,88,36,13227,41648,13227,4291
Forsyth,42203,1980,85122,38,11627,113,159,9,116,75,6,1683,7,307,157,28848,129305,28848,14297
Franklin,1593,103,9069,3,470,1,2,4,6,3,0,52,8,9,4,5238,10765,5238,562
Fulton,381144,6275,137240,488,134005,1021,1237,126,501,623,139,16308,101,4229,1485,33861,524659,33861,160263
Gilmer,2932,164,13429,1,938,8,3,2,2,14,0,94,2,19,3,6445,16525,6445,1086
Glascock,155,8,1403,0,51,1,0,0,0,0,0,7,3,2,0,992,1566,992,64
Glynn,15879,489,25616,21,4841,52,34,8,12,32,5,394,5,95,26,9701,41984,9701,5525
Gordon,4384,244,19405,7,1230,24,11,2,1,8,1,183,1,25,12,7735,24033,7735,1505
Grady,3619,54,7034,11,1222,13,4,6,3,3,2,85,1,19,4,3649,10707,3649,1373
Greene,4088,91,7068,12,1571,19,5,4,4,9,1,104,1,18,16,2953,11247,2953,1764
Gwinnett,241827,5625,166413,348,85688,684,534,77,311,321,91,11190,77,1675,907,57897,413865,57897,101903
Habersham,3563,232,16637,7,987,10,12,1,3,6,3,143,1,24,8,9012,20432,9012,1205
Hall,25031,1322,64170,36,7037,64,80,13,42,40,6,1022,8,180,70,26186,90523,26186,8598
Hancock,2985,21,1159,44,1575,34,8,6,6,15,6,146,8,41,23,360,4165,360,1912
Haralson,1792,125,12331,5,544,9,5,5,0,5,0,97,1,12,3,6672,14248,6672,686
Harris,5457,215,14319,9,2136,19,22,5,7,12,2,193,4,29,15,4942,19991,4942,2453
Hart,3157,106,9464,13,934,14,4,3,3,3,2,79,10,17,5,4725,12727,4725,1087
Heard,824,51,4516,5,295,7,2,0,0,1,0,32,1,9,1,2120,5391,2120,353
Henry,73276,1279,48187,134,30933,180,73,33,70,59,29,2354,30,310,200,17417,122742,17417,34405
Houston,32232,1057,41534,58,11709,63,57,13,29,38,11,888,6,142,74,14177,74823,14177,13088
Irwin,1008,26,3134,15,462,8,3,10,4,1,3,57,2,9,16,1866,4168,1866,590
Jackson,7642,531,29497,11,2186,23,34,2,10,19,1,313,4,47,25,11558,37670,11558,2675
Jasper,1761,61,5822,10,752,8,3,1,1,4,0,53,0,15,8,2289,7644,2289,855
Jeff Davis,1028,48,4695,4,367,3,1,2,1,2,0,30,6,2,5,2579,5771,2579,423
Jefferson,4061,44,3537,53,2111,36,23,22,74,31,7,200,68,56,71,638,7642,638,2752
Jenkins,1266,28,2161,36,632,24,14,6,21,13,11,105,39,27,41,295,3455,295,969
Johnson,1222,28,2850,5,431,11,0,3,2,3,0,48,2,15,5,1676,4100,1676,525
Jones,4888,113,9965,9,2073,13,5,2,2,7,2,118,2,16,13,3709,14966,3709,2262
Lamar,2615,94,6330,9,1132,16,3,6,4,5,3,84,0,8,5,2490,9039,2490,1275
Lanier,1019,48,2509,5,311,3,2,3,0,1,0,19,0,4,2,1054,3576,1054,350
Laurens,8073,163,14493,22,2272,25,9,15,3,3,3,166,6,36,24,5086,22729,5086,2584
Lee,4558,149,12007,15,1792,9,8,4,5,1,0,128,3,19,10,4868,16714,4868,1994
Liberty,13099,331,7959,36,4778,73,34,24,73,49,8,376,92,74,128,1606,21389,1606,5745
Lincoln,1435,36,3179,10,595,4,5,3,2,2,0,32,6,8,4,1615,4650,1615,671
Long,2033,95,3528,3,594,5,1,3,5,5,0,53,10,11,6,1623,5656,1623,696
Lowndes,20117,547,25691,33,5340,43,24,5,8,20,6,563,4,78,34,7080,46355,7080,6158
Lumpkin,3126,242,12163,3,827,11,10,2,5,3,0,138,2,45,10,6109,15531,6109,1056
Macon,2857,22,1783,23,1226,13,9,5,18,8,2,84,4,24,16,406,4662,406,1432
Madison,3411,200,11326,8,1091,13,10,3,7,11,1,189,2,32,9,5594,14937,5594,1376
Marion,1311,38,2275,10,590,7,2,4,1,1,1,31,2,7,12,1113,3624,1113,668
Mcduffie,4168,118,6169,10,1321,7,2,0,1,10,0,98,18,15,3,2068,10455,2068,1485
Mcintosh,2612,68,4016,10,1213,11,3,5,2,7,1,92,10,22,9,2098,6696,2098,1385
Meriwether,4287,66,6524,37,1964,26,12,6,9,13,3,134,6,28,23,2569,10877,2569,2261
Miller,749,20,2066,19,334,9,4,6,9,7,2,57,1,19,23,634,2835,634,490
Mitchell,3995,33,4935,17,1532,15,7,5,1,3,2,106,2,21,17,2137,8963,2137,1728
Monroe,4384,148,11060,14,1737,12,5,3,3,6,2,126,0,25,11,4805,15592,4805,1944
Montgomery,979,27,2960,1,350,1,1,1,0,4,0,22,5,8,3,1711,3966,1711,396
Morgan,3355,122,8230,7,1196,14,5,1,0,5,1,87,1,27,4,4085,11707,4085,1348
Murray,2302,144,12943,6,516,7,6,4,3,3,0,109,1,8,1,6677,15389,6677,664
Muscogee,49529,965,30049,111,18984,188,97,29,96,86,16,1608,30,273,177,9287,80543,9287,21695
Newton,29794,576,23869,65,12924,112,33,17,29,26,17,909,11,128,62,10069,54239,10069,14333
Oconee,8162,411,16595,9,2443,11,39,2,15,25,1,414,3,124,30,8178,25168,8178,3116
Oglethorpe,2436,102,5593,4,864,12,5,2,4,2,1,120,2,30,2,3273,8131,3273,1048
Paulding,29704,1156,54525,25,10076,64,59,12,37,31,12,1039,9,138,93,19958,85385,19958,11595
Peach,5920,123,6502,13,2322,26,4,4,18,4,2,152,5,30,18,2068,12545,2068,2598
Pickens,2808,233,14075,4,787,3,9,0,3,8,1,81,0,22,7,7114,17116,7114,925
Pierce,1100,49,7899,6,360,3,1,1,4,2,1,28,1,8,2,4253,9048,4253,417
Pike,1505,88,9127,3,571,5,5,2,0,0,1,64,2,6,4,4210,10720,4210,663
Polk,3658,152,13589,15,1148,15,5,4,3,7,0,107,0,15,8,6432,17399,6432,1327
Pulaski,1217,37,2805,2,282,5,0,0,1,1,1,18,2,5,1,1525,4059,1525,318
Putnam,3448,116,8291,7,1365,21,7,2,3,7,2,103,2,18,7,3870,11855,3870,1544
Quitman,497,5,604,8,256,7,3,2,2,3,0,26,1,10,12,146,1106,146,330
Rabun,1984,110,7474,2,571,6,6,2,4,4,1,45,3,17,4,3295,9568,3295,665
Randolph,1671,12,1391,46,889,35,12,14,32,23,5,119,15,39,33,243,3074,243,1262
Richmond,59124,1111,26781,102,25646,160,78,26,69,46,21,1662,126,287,115,10678,87016,10678,28338
Rockdale,31244,430,13012,78,14115,114,57,29,84,64,19,1170,19,128,142,4421,44686,4421,16019
Schley,462,13,1800,2,174,2,0,1,3,0,1,9,1,4,2,1103,2275,1103,199
Screven,2661,51,3916,26,1088,19,7,11,38,11,14,90,37,36,34,1157,6628,1157,1411
Seminole,1254,19,2611,12,627,12,1,5,3,2,2,46,0,9,5,984,3884,984,724
Spalding,11784,275,18057,40,4481,26,17,4,17,12,1,395,1,57,22,7096,30116,7096,5073
Stephens,2385,132,9368,1,565,4,3,1,1,4,0,67,4,8,6,4461,11885,4461,664
Stewart,1182,7,801,11,476,10,2,3,4,3,1,34,1,5,8,214,1990,214,558
Sumter,6318,100,5732,51,2891,31,22,10,14,23,2,232,10,40,20,2449,12150,2449,3346
Talbot,2114,16,1392,18,1150,22,4,1,7,5,1,92,2,21,5,460,3522,460,1328
Taliaferro,561,7,360,3,297,2,1,5,2,4,1,26,1,4,3,90,928,90,349
Tattnall,2061,69,6053,11,673,6,1,2,1,2,0,51,8,12,2,3350,8183,3350,769
Taylor,1387,34,2418,5,587,12,1,0,2,1,0,45,1,8,9,1234,3839,1234,671
Telfair,1487,21,2825,29,868,17,6,10,14,14,3,77,7,26,21,1196,4333,1196,1092
Terrell,2376,36,2004,22,1004,14,4,9,14,3,4,95,2,18,15,680,4416,680,1204
Thomas,8708,191,12954,22,2448,25,19,9,3,7,1,173,3,31,14,3380,21853,3380,2755
Tift,5322,177,10784,13,1655,11,10,3,3,6,2,107,1,29,13,4964,16283,4964,1853
Toombs,2939,103,7872,6,796,12,3,4,6,8,0,71,15,13,7,4065,10914,4065,941
Towns,1550,45,6384,3,430,8,2,0,4,8,0,35,0,10,5,3244,7979,3244,505
Treutlen,952,24,2101,2,223,4,0,0,0,0,0,14,2,4,1,1062,3077,1062,250
Troup,11578,328,18143,43,4430,44,29,16,16,19,4,379,6,73,23,8652,30049,8652,5082
Turner,1410,33,2349,8,513,5,1,5,2,3,0,36,2,23,11,1107,3792,1107,609
Twiggs,2044,30,2370,42,1062,31,14,9,30,22,7,85,9,22,30,556,4444,556,1363
Union,2801,108,12651,6,908,13,9,2,8,7,1,62,0,17,5,5242,15560,5242,1038
Upson,4201,96,8608,24,1659,25,7,4,4,5,2,125,3,29,9,4256,12905,4256,1896
Walker,5769,411,23174,8,1689,24,17,6,8,7,1,207,2,27,15,10439,29354,10439,2011
Walton,12682,571,37842,30,4470,46,27,9,6,17,4,443,6,88,41,15253,51095,15253,5187
Ware,4211,116,9865,19,1437,22,8,8,9,4,3,99,2,29,11,4780,14192,4780,1651
Warren,1469,16,1166,22,720,11,6,7,14,7,1,77,17,14,23,326,2651,326,919
Washington,4730,66,4663,105,2755,113,36,41,69,72,16,378,26,76,138,588,9459,588,3825
Wayne,2687,104,9987,6,784,6,2,6,1,4,1,45,8,18,3,4964,12778,4964,884
Webster,639,3,748,13,277,11,10,0,8,7,1,25,7,8,12,70,1390,70,379
Wheeler,689,13,1583,5,360,10,2,2,5,3,0,24,4,12,7,626,2285,626,434
White,2411,183,12222,6,685,8,9,0,10,9,1,100,1,27,9,6475,14816,6475,865
Whitfield,10670,440,25636,13,2461,29,12,8,11,20,3,473,2,49,28,11335,36746,11335,3109
Wilcox,862,16,2403,8,264,5,0,4,0,1,1,18,0,4,2,1189,3281,1189,307
Wilkes,2160,46,2823,21,1031,24,7,7,18,26,6,107,20,21,30,915,5029,915,1318
Wilkinson,2075,31,2664,19,1130,28,5,7,12,10,3,109,7,11,29,890,4770,890,1370
Worth,2395,60,6830,13,949,7,7,4,0,2,1,73,4,9,5,3496,9285,3496,1074
