county,gen_dem_BIDEN,gen_dem_HARRIS,gen_grn_W,gen_ind_W,gen_lib_COHE,gen_lib_COHEN,gen_lib_JORGENSEN,gen_lib_JORGENSON,gen_oth_CARROLL,gen_oth_COHEN,gen_oth_HARRIS,gen_oth_HAWKINS,gen_oth_IN,gen_oth_INS,gen_oth_PENCE,gen_oth_VOTES,gen_oth_W,gen_rep_PENCE,gen_rep_TRUMP,pri_dem_BIDEN,pri_dem_BLOOMBERG,pri_dem_BUTTIGIEG,pri_dem_GABBARD,pri_dem_KLOBUCHAR,pri_dem_SANDERS,pri_dem_STEYER,pri_dem_WARREN,pri_dem_YANG,pri_rep_TRUMP,pri_rep_WELD,gen_total,rep_general_total,dem_general_total,rep_pri_total,dem_pri_total,rep_primary_total,dem_primary_total
Adams,0,3236,0,0,0,287,0,0,0,287,3236,0,30,0,10685,0,0,10686,0,978,18,34,9,16,141,8,31,11,4501,294,28447,10686,3236,4795,1246,4795,1246
Allen,0,73189,29,2,0,3728,0,0,0,0,0,0,0,0,0,0,51,92083,0,21296,206,810,87,189,3941,56,747,193,27627,2433,169082,92083,73189,30060,27525,30060,27525
Bartholomew,0,12934,9,0,0,872,0,0,0,863,12934,0,84,0,22410,0,10,22410,0,4286,42,193,20,52,672,9,177,42,9027,1113,72526,22410,12934,10140,5493,10140,5493
Benton,0,3027,1,2,0,276,0,0,0,0,0,0,0,0,0,14,3,9021,0,246,3,16,0,1,53,0,10,2,1639,206,12344,9021,3027,1845,331,1845,331
Blackford,0,2752,1,0,0,264,0,0,0,0,0,0,9,0,0,0,1,7682,0,493,13,26,5,5,63,3,10,5,1234,74,10709,7682,2752,1308,623,1308,623
Boone,0,15244,7,0,0,905,0,0,0,905,15244,0,168,0,22351,0,13,22351,0,3952,20,238,19,36,530,4,162,42,7276,999,77188,22351,15244,8275,5003,8275,5003
Brown,3036,3036,0,0,0,168,168,0,0,0,0,0,0,0,0,0,0,5777,5777,1003,6,32,4,9,205,1,26,6,1745,111,17962,11554,6072,1856,1292,1856,1292
Carroll,2224,2224,0,0,0,185,185,0,0,0,0,0,19,0,0,0,0,7086,7086,648,12,31,2,14,94,8,33,12,2523,215,19009,14172,4448,2738,854,2738,854
Cass,0,4304,3,1,0,333,0,0,0,0,0,0,0,0,0,0,5,10552,0,1258,20,58,3,12,188,5,22,14,3742,445,15198,10552,4304,4187,1580,4187,1580
Clark,23093,23093,0,0,0,1108,1108,0,0,0,0,0,0,188,0,0,0,33668,33668,7786,136,345,60,109,1322,45,299,142,9966,644,115926,67336,46186,10610,10244,10610,10244
Clay,2552,2552,6,0,0,208,208,0,0,0,0,0,22,0,0,0,2,9499,9499,897,22,44,9,26,107,12,27,17,2388,67,24548,18998,5104,2455,1161,2455,1161
Clinton,3361,3361,6,0,0,246,246,0,0,0,0,0,20,0,0,0,2,9334,9334,746,14,39,3,10,137,1,26,9,3438,350,25910,18668,6722,3788,985,3788,985
Crawford,1354,1355,0,0,0,106,106,0,0,0,0,0,4,0,0,0,0,3483,3483,569,9,15,10,17,71,8,23,5,967,35,9891,6966,2709,1002,727,1002,727
Daviess,2169,2169,3,0,0,204,204,0,0,0,0,0,22,0,0,0,2,9576,9576,569,13,15,3,6,113,7,18,8,3689,260,23925,19152,4338,3949,752,3949,752
Dearborn,5445,5446,12,1,0,387,387,0,0,0,0,0,72,0,0,0,9,19528,19528,1327,30,48,13,15,190,4,23,20,4601,249,50815,39056,10891,4850,1670,4850,1670
Decatur,2436,2439,0,0,0,273,273,0,0,0,0,0,17,0,0,0,0,9575,9570,648,18,34,6,12,96,9,25,10,3365,203,24583,19145,4875,3568,858,3568,858
Dekalb,4966,4966,0,0,0,425,425,0,0,0,0,0,28,0,0,0,0,14237,14237,1360,19,70,8,11,199,9,33,14,4502,359,39284,28474,9932,4861,1723,4861,1723
Delaware,0,20474,0,0,0,890,0,0,0,0,0,0,0,0,0,0,0,26827,0,6743,124,329,62,90,1480,37,289,128,8211,597,48191,26827,20474,8808,9282,8808,9282
Dubois,6292,6292,0,0,0,432,432,0,0,0,0,0,49,0,0,0,13,15033,15033,2066,39,97,16,31,265,12,59,27,2487,142,43576,30066,12584,2629,2612,2629,2612
Elkhart,0,26108,37,3,0,1241,0,0,0,0,0,0,0,0,0,0,26,46972,0,6763,37,387,22,62,1131,18,260,47,14472,1465,74387,46972,26108,15937,8727,15937,8727
Fayette,2237,2237,0,0,144,144,0,0,0,0,0,0,10,0,0,0,0,7755,7755,739,19,36,11,8,103,3,16,6,2359,101,20282,15510,4474,2460,941,2460,941
Floyd,17511,17511,24,2,0,850,841,0,0,0,0,0,0,138,0,0,15,23400,23400,5492,91,247,43,62,1034,22,253,81,6823,537,83692,46800,35022,7360,7325,7360,7325
Fountain,1629,1629,2,0,0,200,200,0,1,0,0,2,0,0,0,7,1,6154,6154,462,6,16,2,6,69,6,9,0,2343,171,15979,12308,3258,2514,576,2514,576
Franklin,2137,2137,1,0,0,169,169,0,0,0,0,0,21,0,0,0,2,9691,9691,666,11,30,3,2,86,4,13,9,2541,101,24018,19382,4274,2642,824,2642,824
Fulton,0,2280,3,0,0,170,0,0,0,0,0,0,0,0,0,0,0,6694,0,555,11,41,7,7,71,3,10,6,1744,131,9147,6694,2280,1875,711,1875,711
Gibson,0,4023,0,0,0,321,0,0,0,0,0,0,0,0,0,0,0,11817,0,1317,27,37,7,30,165,10,30,27,4005,283,16161,11817,4023,4288,1650,4288,1650
Grant,0,8015,4,1,0,584,0,0,0,0,0,0,0,0,0,0,12,18543,0,2485,44,80,17,26,335,14,90,31,7300,508,27159,18543,8015,7808,3122,7808,3122
Greene,3389,3389,1,1,0,290,290,0,0,0,0,0,25,0,0,0,0,11103,11305,1205,34,68,11,18,153,10,37,12,3453,203,29793,22408,6778,3656,1548,3656,1548
Hamilton,0,88390,57,9,0,3894,0,0,0,0,0,0,0,0,0,0,62,101587,0,22170,111,1047,85,136,3539,26,882,233,35986,5386,193999,101587,88390,41372,28229,41372,28229
Hancock,12895,12895,2,0,0,1016,1016,0,0,0,0,0,113,0,0,0,2,28996,28996,2623,15,134,13,15,404,5,104,30,7607,884,85931,57992,25790,8491,3343,8491,3343
Harrison,0,5343,3,0,0,323,0,0,0,0,0,0,0,0,0,0,2,14565,0,1830,40,70,16,25,234,13,63,24,4646,299,20236,14565,5343,4945,2315,4945,2315
Hendricks,0,32604,18,1,0,2052,0,0,0,0,0,0,0,0,0,0,28,53802,0,6998,47,368,31,45,1247,7,231,81,13114,1289,88505,53802,32604,14403,9055,14403,9055
Henry,0,5544,4,2,0,434,0,0,0,0,0,0,0,0,0,0,3,15043,0,1622,30,60,8,23,296,13,50,22,5133,459,21030,15043,5544,5592,2124,5592,2124
Howard,0,13303,12,0,0,858,0,0,0,0,0,0,0,0,0,0,8,26449,0,3954,65,163,12,30,640,8,97,35,7905,435,40630,26449,13303,8340,5004,8340,5004
Huntington,0,4255,7,0,0,408,0,0,0,0,0,0,0,0,0,0,12,13147,0,972,12,35,8,9,179,4,29,9,5210,560,17829,13147,4255,5770,1257,5770,1257
Jackson,4302,4302,0,0,0,381,381,0,0,0,0,0,0,0,0,0,0,14555,14555,1429,43,47,11,32,214,17,45,21,4845,281,38476,29110,8604,5126,1859,5126,1859
Jasper,3798,3798,4,1,0,288,288,0,0,0,0,0,26,0,0,0,1,11383,11383,1094,28,46,5,8,185,2,22,8,3872,308,30970,22766,7596,4180,1398,4180,1398
Jay,1926,1926,3,0,0,169,169,0,0,0,0,0,10,0,0,0,2,6361,6361,633,22,26,5,6,76,7,17,5,2661,289,16927,12722,3852,2950,797,2950,797
Jefferson,0,4731,6,0,0,296,0,0,0,295,4731,0,0,0,9659,0,1,9663,0,1528,35,67,11,27,202,13,66,22,2574,170,29382,9663,4731,2744,1971,2744,1971
Jennings,2523,2523,0,0,0,238,238,0,0,0,0,0,27,0,0,0,0,9490,9490,790,22,39,11,12,136,9,26,16,2625,127,24529,18980,5046,2752,1061,2752,1061
Johnson,0,24736,30,2,0,1618,0,0,0,0,0,0,0,0,0,0,13,51219,0,5529,49,266,37,43,1079,23,218,53,13629,1197,77618,51219,24736,14826,7297,14826,7297
Knox,4067,4067,4,0,0,282,282,0,0,0,0,0,24,0,0,0,3,11655,11654,1658,42,85,9,26,178,15,42,28,4553,253,32038,23309,8134,4806,2083,4806,2083
Kosciusko,0,8364,5,0,0,903,0,0,0,0,0,0,0,0,0,0,16,26499,0,1572,11,121,14,15,329,2,67,12,9155,845,35787,26499,8364,10000,2143,10000,2143
Lagrange,2355,2355,0,0,0,168,168,0,0,0,0,0,19,0,0,0,0,8110,8110,583,7,29,2,4,66,0,8,4,2729,275,21285,16220,4710,3004,703,3004,703
Lake,0,124870,76,4,0,3212,0,0,0,0,0,0,0,0,0,0,34,91760,0,46974,958,1583,657,614,10734,200,1347,597,17525,1018,219956,91760,124870,18543,63664,18543,63664
Laporte,22427,22427,0,0,0,968,968,0,0,0,0,0,91,0,0,0,0,25997,25997,7642,146,540,57,79,1221,27,179,79,5943,431,98875,51994,44854,6374,9970,6374,9970
Lawrence,4961,4961,0,0,0,463,463,0,0,0,0,0,46,0,0,0,0,15601,15601,1206,13,39,5,12,227,3,51,13,5647,403,42096,31202,9922,6050,1569,6050,1569
Madison,0,19524,12,2,0,1026,0,0,0,0,0,0,0,0,0,0,14,31215,0,8228,125,390,33,75,1221,62,271,111,13333,995,51793,31215,19524,14328,10516,14328,10516
Marion,0,247772,254,16,0,7228,0,0,0,0,0,0,0,0,0,0,174,134175,0,77656,425,3101,272,463,12580,110,3299,704,36842,4091,389619,134175,247772,40933,98610,40933,98610
Marshall,5712,5712,4,0,0,362,362,0,0,0,0,0,35,0,0,0,5,13844,13844,1416,9,142,4,10,190,6,32,15,3866,350,39880,27688,11424,4216,1824,4216,1824
Martin,0,1011,0,0,0,104,0,0,0,0,0,0,0,0,0,0,0,4029,0,399,13,17,5,13,60,9,12,6,1206,82,5144,4029,1011,1288,534,1288,534
Miami,3235,3235,5,0,0,306,306,0,0,0,0,0,27,0,0,0,2,10925,10925,849,8,41,5,7,133,6,21,9,3148,224,28966,21850,6470,3372,1079,3372,1079
Monroe,0,39861,88,1,0,1105,0,0,0,0,0,0,0,0,0,0,25,22071,0,12861,60,664,100,155,4252,17,1244,174,6258,556,63151,22071,39861,6814,19527,6814,19527
Montgomery,4213,4213,0,0,0,326,326,0,0,0,0,0,0,0,0,0,0,12659,12659,983,12,39,6,13,150,1,31,6,4944,593,34396,25318,8426,5537,1241,5537,1241
Morgan,7781,7781,2,0,0,862,862,0,0,0,0,0,0,64,0,0,2,27512,27512,1810,19,92,10,16,270,7,53,16,7403,581,72378,55024,15562,7984,2293,7984,2293
Newton,3018,1509,0,0,0,140,280,0,0,0,0,0,0,0,0,120,0,4942,9884,388,14,10,1,4,66,3,11,6,1874,196,19893,14826,4527,2070,503,2070,503
Noble,4660,4660,0,0,0,335,335,0,0,0,0,0,25,0,0,0,0,14195,14195,1173,18,43,8,8,160,2,27,9,4172,354,38405,28390,9320,4526,1448,4526,1448
Ohio,0,668,0,0,0,353,0,0,0,0,0,0,0,0,0,0,0,2054,0,186,3,6,1,0,23,0,1,3,410,9,3075,2054,668,419,223,419,223
Orange,2224,2224,0,0,0,174,174,0,0,0,0,0,14,0,0,0,2,6432,6432,592,13,23,5,12,91,1,19,10,2082,161,17676,12864,4448,2243,766,2243,766
Owen,2420,2420,0,0,0,198,198,0,0,0,0,0,13,0,0,0,0,7286,7286,846,19,38,9,10,150,7,30,12,2359,121,19821,14572,4840,2480,1121,2480,1121
Parke,1503,1503,0,0,0,110,110,0,0,0,0,0,9,0,0,0,0,5400,5400,557,22,28,7,14,71,5,22,7,1949,108,14035,10800,3006,2057,733,2057,733
Perry,0,3203,0,0,0,174,0,0,0,0,0,0,0,0,0,0,0,5345,0,1156,25,42,16,19,122,6,25,12,724,39,8722,5345,3203,763,1423,763,1423
Pike,0,1415,0,0,0,113,0,0,0,0,0,0,0,0,0,0,0,4692,0,509,10,23,5,12,61,5,8,9,1032,39,6220,4692,1415,1071,642,1071,642
Porter,0,39746,66,3,0,1656,0,0,0,0,0,0,0,0,0,0,30,45008,0,15003,231,709,123,152,2871,42,503,155,12161,940,86509,45008,39746,13101,19789,13101,19789
Posey,0,3811,2,1,0,214,0,0,0,0,0,0,0,0,0,0,2,9206,0,1190,14,53,6,15,117,5,27,12,2114,155,13236,9206,3811,2269,1439,2269,1439
Pulaski,1463,1463,0,0,0,97,97,0,0,0,0,0,7,0,0,0,0,4246,4246,378,8,27,0,5,53,3,10,0,1627,140,11619,8492,2926,1767,484,1767,484
Putnam,0,3946,0,0,0,371,0,0,0,0,0,0,0,0,0,0,2,12278,0,1006,14,52,7,13,141,6,41,13,3204,230,16597,12278,3946,3434,1293,3434,1293
Randolph,2513,2513,1,0,0,243,243,0,0,0,0,0,11,0,0,0,1,8312,8312,673,18,24,7,4,89,3,11,8,2640,204,22149,16624,5026,2844,837,2844,837
Ripley,2774,2774,4,0,0,229,229,0,0,0,0,0,28,0,0,0,3,11261,11261,764,18,23,1,12,118,6,27,10,3465,174,28563,22522,5548,3639,979,3639,979
Rush,0,1754,0,0,0,143,0,0,0,0,0,0,0,0,0,0,0,6035,0,388,9,22,6,1,62,2,8,3,2349,203,7932,6035,1754,2552,501,2552,501
Scott,2701,2698,1,0,0,134,134,0,0,0,0,0,16,0,0,0,0,7328,7331,1459,51,60,36,61,183,33,60,49,1819,45,20343,14659,5399,1864,1992,1864,1992
Shelby,5023,5023,0,0,0,400,400,0,0,0,0,0,26,0,0,0,0,14568,14568,1234,17,79,10,9,257,2,38,10,4281,305,40008,29136,10046,4586,1656,4586,1656
Spencer,3213,3213,0,0,0,199,199,0,0,0,0,0,20,0,0,0,0,7357,7357,1199,15,48,10,15,141,9,26,16,1660,77,21558,14714,6426,1737,1479,1737,1479
St. Joseph,59896,59896,55,0,0,1925,1925,0,0,0,0,0,0,0,0,0,451,53164,53164,19529,113,1950,124,155,2436,49,535,166,10410,739,230476,106328,119792,11149,25057,11149,25057
Starke,2650,2650,0,0,0,174,174,0,0,0,0,0,19,0,0,0,0,7466,7466,967,36,98,10,14,135,8,15,10,1594,63,20599,14932,5300,1657,1293,1657,1293
Steuben,4513,4513,7,1,0,312,312,0,0,0,0,0,32,0,0,0,2,11327,11327,1249,13,52,2,6,138,2,34,4,3927,398,32346,22654,9026,4325,1500,4325,1500
Sullivan,2445,2153,0,0,0,150,160,0,0,0,0,0,18,0,0,0,0,6691,7688,1113,51,69,19,33,133,19,34,45,2000,69,19305,14379,4598,2069,1516,2069,1516
Switzerland,964,964,0,1,0,55,55,0,0,0,0,0,0,7,0,0,1,3133,3133,352,16,12,3,5,41,2,12,5,855,37,8313,6266,1928,892,448,892,448
Tippecanoe,35017,35017,10,0,0,1832,1832,0,0,0,0,0,0,394,0,0,8,34581,34581,8529,79,406,42,83,2134,12,499,101,8659,1215,143272,69162,70034,9874,11885,9874,11885
Tipton,1834,1834,1,0,0,171,171,0,0,0,0,0,9,0,0,0,0,6110,6110,496,10,37,6,7,77,2,19,5,2630,198,16240,12220,3668,2828,659,2828,659
Union,0,736,0,0,0,59,0,0,0,0,0,0,0,0,0,0,0,2688,0,246,4,8,3,3,38,1,4,8,714,39,3483,2688,736,753,315,753,315
Vanderburgh,0,34415,45,5,0,1322,0,0,0,0,0,0,0,0,0,0,31,41844,0,8541,82,270,37,70,1616,29,312,83,7150,593,77662,41844,34415,7743,11040,7743,11040
Vermillion,2145,2145,0,0,0,151,151,0,0,0,0,0,10,0,0,0,1,5184,5184,1203,71,84,39,30,176,23,48,53,1410,48,14971,10368,4290,1458,1727,1458,1727
Vigo,18123,18123,15,0,0,900,900,0,0,0,0,0,130,0,0,310,11,24545,24545,7755,252,577,159,192,1286,79,330,246,5534,267,87602,49090,36246,5801,10876,5801,10876
Wabash,0,3494,0,0,0,317,0,0,0,0,0,0,0,0,0,0,0,10762,0,966,15,25,4,6,154,2,34,7,3248,242,14573,10762,3494,3490,1213,3490,1213
Warren,974,974,0,0,0,96,0,96,0,0,0,0,2,0,0,0,1,3401,3401,228,1,10,1,6,31,3,7,2,1324,102,8945,6802,1948,1426,289,1426,289
Warrick,11923,11923,9,2,0,557,557,0,0,0,0,0,84,0,0,0,12,21326,21326,3189,32,121,21,24,474,14,113,41,5420,463,67719,42652,23846,5883,4029,5883,4029
Washington,2784,2784,6,0,0,233,233,0,0,0,0,0,0,0,0,90,10,9114,9094,980,14,35,8,15,136,7,20,11,2847,128,24348,18208,5568,2975,1226,2975,1226
Wayne,0,9524,14,0,0,571,0,0,0,0,0,0,0,0,0,0,3,17567,0,2565,25,92,13,23,472,25,97,14,5546,817,27679,17567,9524,6363,3326,6363,3326
Wells,0,2928,2,0,0,261,0,0,0,0,0,0,0,0,0,0,4,10855,0,810,12,42,5,13,92,11,23,5,3682,199,14050,10855,2928,3881,1013,3881,1013
White,3032,3032,2,0,0,170,170,0,0,0,0,0,28,0,0,0,5,7957,7957,765,13,37,3,6,103,1,22,5,3047,329,22353,15914,6064,3376,955,3376,955
Whitley,0,4234,3,1,0,453,0,0,0,0,0,0,0,0,0,0,3,12862,0,1088,14,55,6,8,184,7,27,12,4480,397,17556,12862,4234,4877,1401,4877,1401
