county,gen_dem_JR,gen_lib_JORGENSEN,gen_oth_BLANKENSHIP,gen_oth_BODDIE,gen_oth_CARROLL,gen_oth_HAMMONS,gen_oth_HOEFLING,gen_oth_KENNEDY,gen_oth_PIERCE,gen_oth_RIVA,gen_oth_SIMMONS,gen_oth_WEST,gen_rep_TRUMP,pri_dem_BENNET,pri_dem_BIDEN,pri_dem_BLOOMBERG,pri_dem_BURKE,pri_dem_BUTTIGIEG,pri_dem_DELANEY,pri_dem_GABBARD,pri_dem_KLOBUCHAR,pri_dem_PATRICK,pri_dem_SANDERS,pri_dem_STEYER,pri_dem_WARREN,pri_dem_WELLS,pri_dem_YANG,gen_total,rep_general_total,dem_general_total,rep_pri_total,dem_pri_total,rep_primary_total,dem_primary_total
Acadia,5443,241,16,12,25,8,8,3,6,4,18,45,22596,52,1060,56,21,32,19,26,34,13,103,17,47,15,70,28425,22596,5443,0,1565,0,1565
Allen,2108,73,6,2,11,1,3,0,3,1,13,15,7574,48,546,17,13,14,7,6,14,2,36,14,20,12,36,9810,7574,2108,0,785,0,785
Ascension,20399,816,20,32,89,16,19,13,28,26,46,134,40687,103,4455,88,32,39,53,41,53,15,315,18,87,34,112,62325,40687,20399,0,5445,0,5445
Assumption,3833,68,8,5,13,5,1,4,3,2,6,16,7271,50,958,23,9,14,18,9,25,9,45,4,25,14,26,11235,7271,3833,0,1229,0,1229
Avoyelles,4979,161,8,23,20,1,7,5,3,5,11,41,12028,36,917,28,10,19,16,13,17,9,76,8,23,10,35,17292,12028,4979,0,1217,0,1217
Beauregard,2542,172,6,6,18,3,5,0,1,3,13,13,13575,52,682,21,13,15,21,12,11,9,70,13,23,16,50,16357,13575,2542,0,1008,0,1008
Bienville,3067,49,4,10,7,1,1,1,3,1,3,12,3891,26,915,25,11,10,12,13,5,4,38,4,24,7,19,7050,3891,3067,0,1113,0,1113
Bossier,15662,632,31,22,40,12,19,9,15,19,38,82,38074,69,2886,100,11,38,24,37,55,22,213,20,66,28,77,54655,38074,15662,0,3646,0,3646
Caddo,55110,1021,38,50,122,37,27,28,33,37,98,290,48021,210,12845,301,56,76,47,52,87,30,761,35,227,32,118,104912,48021,55110,0,14877,0,14877
Calcasieu,25982,1083,36,30,89,24,38,19,27,26,79,164,55066,208,7180,186,64,98,100,126,114,46,525,41,183,63,277,82663,55066,25982,0,9211,0,9211
Caldwell,745,21,2,1,7,2,1,1,1,1,1,3,3976,18,217,5,4,3,6,1,5,6,14,2,4,4,17,4762,3976,745,0,306,0,306
Cameron,324,23,0,1,2,2,2,2,0,1,6,5,3671,8,82,15,4,9,5,8,9,2,21,3,8,7,18,4039,3671,324,0,199,0,199
Catahoula,1269,26,1,3,7,0,2,1,1,0,2,5,3541,17,343,10,2,5,6,4,2,1,22,6,8,1,9,4858,3541,1269,0,436,0,436
Claiborne,2731,29,4,8,9,0,2,1,4,4,6,12,3770,20,551,17,1,2,5,4,3,6,26,2,13,4,9,6580,3770,2731,0,663,0,663
Concordia,3177,64,5,3,14,2,2,1,4,0,1,5,5550,72,1256,26,14,10,19,13,19,8,112,6,36,16,33,8828,5550,3177,0,1640,0,1640
De Soto,5457,79,3,14,22,1,7,4,9,3,4,21,9112,38,1191,23,9,5,12,6,9,10,51,5,24,4,21,14736,9112,5457,0,1408,0,1408
East Baton Rouge,115577,2440,76,103,329,84,82,45,77,111,219,619,88420,820,34493,515,161,271,187,230,297,91,2981,107,974,138,410,208182,88420,115577,0,41675,0,41675
East Carroll,1900,20,1,12,12,2,0,1,1,2,1,4,1080,10,359,4,2,0,1,0,2,1,18,1,5,3,3,3036,1080,1900,0,409,0,409
East Feliciana,4280,89,14,11,10,4,6,0,4,5,6,16,6064,64,1474,57,19,15,20,19,18,7,111,10,31,19,33,10509,6064,4280,0,1897,0,1897
Evangeline,4158,96,5,19,22,4,5,5,5,7,11,22,11053,125,1353,50,31,30,49,9,29,12,122,10,61,21,79,15412,11053,4158,0,1981,0,1981
Franklin,2658,45,3,7,10,1,0,3,5,4,6,8,6970,25,491,23,6,6,12,3,15,3,22,6,11,13,28,9720,6970,2658,0,664,0,664
Grant,1157,79,7,2,10,1,3,0,4,1,6,5,8117,21,294,7,8,10,8,6,5,4,29,5,10,11,23,9392,8117,1157,0,441,0,441
Iberia,11027,253,10,20,30,5,10,5,11,8,23,60,21251,78,2302,65,14,34,22,22,26,6,134,10,49,16,52,32713,21251,11027,0,2830,0,2830
Iberville,8514,141,6,31,27,7,8,5,11,3,16,57,7893,62,2076,34,13,27,23,19,27,13,125,12,40,15,34,16719,7893,8514,0,2520,0,2520
Jackson,2143,51,3,2,10,2,3,0,3,2,3,16,5394,33,662,17,7,12,13,1,9,7,33,8,22,7,19,7632,5394,2143,0,850,0,850
Jefferson,84477,1935,101,86,215,54,59,39,66,86,134,532,105949,407,16763,358,132,231,140,175,222,65,1565,64,452,106,443,193733,105949,84477,0,21123,0,21123
Jefferson Davis,3208,131,3,4,19,7,2,2,5,6,9,22,11423,36,783,37,12,22,12,11,18,5,62,10,19,8,49,14841,11423,3208,0,1084,0,1084
Lafayette,39685,1512,36,37,168,32,32,29,47,73,95,256,72519,145,6770,99,42,91,44,80,88,29,800,25,187,30,150,114521,72519,39685,0,8580,0,8580
Lafourche,8672,424,21,19,54,18,12,8,17,18,21,80,36024,196,1757,128,80,74,65,70,98,38,273,49,135,79,241,45388,36024,8672,0,3283,0,3283
Lasalle,638,39,4,1,4,1,3,0,1,2,1,5,6378,22,170,5,7,5,5,4,12,3,12,4,4,16,20,7077,6378,638,0,289,0,289
Lincoln,7559,276,3,9,27,11,9,2,4,8,16,40,11311,24,1668,27,8,14,12,13,13,8,95,2,34,10,32,19275,11311,7559,0,1960,0,1960
Livingston,9249,817,22,9,51,17,21,12,13,15,29,98,54877,126,1839,104,46,53,52,51,76,27,264,38,118,57,112,65230,54877,9249,0,2963,0,2963
Madison,2654,23,4,10,11,6,1,3,7,1,8,12,1930,17,597,15,10,3,6,0,6,2,28,3,7,3,10,4670,1930,2654,0,707,0,707
Morehouse,4946,56,5,9,8,4,5,5,3,4,11,8,6510,29,1211,23,8,11,15,7,9,1,60,5,16,4,34,11574,6510,4946,0,1433,0,1433
Natchitoches,6896,172,12,12,23,4,5,9,6,7,22,28,9358,137,2583,59,39,27,37,37,45,15,240,14,78,22,66,16554,9358,6896,0,3399,0,3399
Orleans,147854,1603,42,100,178,52,37,111,76,262,132,708,26664,762,43261,391,91,277,120,125,161,49,6379,35,1944,33,400,177819,26664,147854,0,54028,0,54028
Ouachita,25913,624,22,33,69,14,19,11,15,18,48,125,42255,312,8189,184,82,72,87,66,96,46,664,26,196,46,160,69166,42255,25913,0,10226,0,10226
Plaquemines,3414,103,2,7,17,5,6,1,6,4,6,31,7412,30,723,21,10,13,12,9,10,2,60,3,20,6,20,11014,7412,3414,0,939,0,939
Pointe Coupee,4683,94,5,11,17,11,6,5,6,2,7,21,7503,32,1113,37,10,13,22,13,12,2,83,4,15,11,16,12371,7503,4683,0,1383,0,1383
Rapides,19475,693,23,22,48,16,16,15,18,20,47,125,38347,131,4437,113,30,57,50,59,55,28,276,26,98,34,84,58865,38347,19475,0,5478,0,5478
Red River,1644,31,4,10,5,1,3,4,1,2,4,10,2413,21,343,10,13,7,6,10,9,2,23,2,8,2,14,4132,2413,1644,0,470,0,470
Richland,3225,53,5,11,11,1,3,2,3,3,4,12,6607,51,843,19,13,9,12,14,12,8,65,6,15,9,21,9940,6607,3225,0,1097,0,1097
Sabine,1731,49,3,4,8,3,3,1,2,2,6,8,8776,35,296,16,8,7,12,14,17,6,34,7,16,10,29,10596,8776,1731,0,507,0,507
St. Bernard,6151,188,8,16,12,6,7,5,6,8,15,49,11179,44,958,32,5,23,16,18,16,4,139,6,37,11,49,17650,11179,6151,0,1358,0,1358
St. Charles,9800,294,14,3,38,11,12,4,13,9,23,63,18233,85,2467,42,16,26,19,37,32,10,173,13,54,18,59,28517,18233,9800,0,3051,0,3051
St. Helena,3346,43,7,11,14,3,2,0,2,4,2,10,2714,59,1022,20,8,10,9,12,11,2,75,4,24,8,17,6158,2714,3346,0,1281,0,1281
St. James,6510,47,10,14,12,3,1,1,5,3,7,23,5954,62,1871,27,13,12,14,15,13,8,84,8,30,9,30,12590,5954,6510,0,2196,0,2196
St. John The Baptist,13582,118,9,34,28,9,2,6,16,7,20,63,7538,56,3086,36,11,14,19,6,15,9,140,8,39,10,43,21432,7538,13582,0,3492,0,3492
St. Landry,17372,301,25,37,55,15,9,9,17,10,55,78,23171,125,3879,77,31,40,42,41,34,18,233,17,67,26,99,41154,23171,17372,0,4729,0,4729
St. Martin,8439,205,16,23,34,11,2,11,12,11,16,55,18203,62,1577,58,16,24,27,30,28,15,140,12,31,22,50,27038,18203,8439,0,2092,0,2092
St. Mary,8055,173,6,16,31,3,11,4,7,4,13,52,14811,74,2065,33,18,25,19,9,25,6,102,9,37,13,36,23186,14811,8055,0,2471,0,2471
St. Tammany,37746,1868,56,34,152,54,43,31,45,47,81,287,99666,178,7988,204,79,156,65,122,141,35,806,41,273,53,197,140110,99666,37746,0,10338,0,10338
Tangipahoa,18887,589,14,37,63,17,24,12,17,17,42,136,37806,158,3866,135,37,86,57,74,82,16,314,28,122,86,133,57661,37806,18887,0,5194,0,5194
Tensas,1329,11,0,2,4,2,2,0,0,1,2,4,1197,15,378,15,1,1,6,3,0,0,26,2,5,2,3,2554,1197,1329,0,457,0,457
Terrebonne,11198,434,17,27,51,11,16,9,15,17,25,81,34339,106,2195,46,25,49,37,34,43,14,159,11,55,28,83,46240,34339,11198,0,2885,0,2885
Union,2654,76,5,11,12,3,2,4,3,5,5,14,8407,46,666,20,10,9,19,11,14,6,31,4,18,12,26,11201,8407,2654,0,892,0,892
Vermilion,5009,228,10,6,36,6,7,9,12,9,17,45,21930,64,915,52,25,36,22,34,39,12,78,18,66,15,87,27324,21930,5009,0,1463,0,1463
Vernon,2898,188,11,4,8,4,5,4,3,2,16,18,14107,34,643,15,8,8,18,12,22,10,50,7,24,25,56,17268,14107,2898,0,932,0,932
Washington,5970,120,5,4,28,4,9,3,3,4,16,40,13307,55,1469,38,26,16,17,23,28,12,99,6,54,20,35,19513,13307,5970,0,1898,0,1898
Webster,6172,119,6,9,9,10,3,5,5,7,17,24,11830,33,1462,36,13,19,16,15,19,11,76,3,28,10,38,18216,11830,6172,0,1779,0,1779
West Baton Rouge,6200,122,2,7,10,4,2,3,5,8,8,42,7684,49,1748,20,7,14,13,17,7,9,95,8,31,7,27,14097,7684,6200,0,2052,0,2052
West Carroll,710,12,0,1,3,0,1,1,1,0,3,3,4317,12,137,8,4,1,6,1,0,2,7,2,8,9,10,5052,4317,710,0,207,0,207
West Feliciana,2298,66,4,4,6,2,5,0,1,1,3,15,3863,49,828,25,4,9,14,7,7,4,36,4,26,7,15,6268,3863,2298,0,1035,0,1035
Winn,1543,36,5,2,3,2,0,0,3,4,4,4,4619,29,401,14,4,5,8,3,6,2,10,1,14,8,15,6225,4619,1543,0,520,0,520
