state,county,rep_general_total,dem_general_total,rep_primary_total,dem_primary_total,rep_primary_share,rep_general_share,primary_total_votes,general_total_votes
AL,Autauga,19838,7503,10080.0,3593.0,0.7372193373802384,0.7255769723126441,13673.0,27341
AL,Baldwin,83544,24578,41138.0,12651.0,0.7648032125527524,0.7726827102717301,53789.0,108122
AL,Barbour,5622,4816,2807.0,2581.0,0.5209725315515962,0.538608928913585,5388.0,10438
AL,Bibb,7525,1986,4086.0,1010.0,0.8018053375196232,0.791189149405951,5096.0,9511
AL,Blount,24711,2640,13168.0,1304.0,0.9098949695964621,0.9034770209498738,14472.0,27351
AL,Bullock,1146,3446,431.0,2393.0,0.15262039660056656,0.2495644599303136,2824.0,4592
AL,Calhoun,35101,15216,17103.0,7968.0,0.6821826014119899,0.6975972335393604,25071.0,50317
AL,Chambers,8753,6365,4257.0,2834.0,0.6003384571992667,0.5789787008863606,7091.0,15118
AL,Cherokee,10583,1624,5869.0,858.0,0.8724542886873792,0.8669615794216433,6727.0,12207
AL,Chilton,16085,3073,9174.0,1385.0,0.8688322757836916,0.8395970351811254,10559.0,19158
AL,Choctaw,4296,3127,1671.0,2606.0,0.39069441197100774,0.5787417486191567,4277.0,7423
AL,Clarke,7324,5755,4387.0,3342.0,0.5676025359037392,0.5599816499732395,7729.0,13079
AL,Clay,5601,1267,4037.0,741.0,0.8449141900376727,0.8155212580081538,4778.0,6868
AL,Cleburne,6484,675,3311.0,370.0,0.8994838359141538,0.9057130884201704,3681.0,7159
AL,Coffee,16899,5076,9631.0,2523.0,0.7924140200756953,0.7690102389078498,12154.0,21975
AL,Colbert,19203,8343,8941.0,4749.0,0.6531044558071585,0.6971248094097147,13690.0,27546
AL,Conecuh,3442,2966,1370.0,2864.0,0.3235710911667454,0.5371410736579276,4234.0,6408
AL,Coosa,3631,1796,2190.0,879.0,0.7135874877810362,0.6690620969227934,3069.0,5427
AL,Covington,14586,2721,8248.0,1301.0,0.8637553670541418,0.842780377881782,9549.0,17307
AL,Crenshaw,4864,1700,2447.0,887.0,0.7339532093581284,0.741011578305911,3334.0,6564
AL,Cullman,36880,4478,21915.0,2556.0,0.8955498344979772,0.8917259055080032,24471.0,41358
AL,Dale,14303,5170,8117.0,2430.0,0.7696027306343036,0.7345041852821856,10547.0,19473
AL,Dallas,5524,12230,1012.0,10402.0,0.08866304538286315,0.31114115128985015,11414.0,17754
AL,Dekalb,24767,4281,12030.0,2249.0,0.8424959731073605,0.8526232442853209,14279.0,29048
AL,Elmore,30164,10367,15589.0,4795.0,0.7647664835164835,0.7442204732180306,20384.0,40531
AL,Escambia,10869,4918,5290.0,2140.0,0.7119784656796769,0.6884778615316399,7430.0,15787
AL,Etowah,35528,11567,17410.0,6081.0,0.7411349027287046,0.754390062639346,23491.0,47095
AL,Fayette,7300,1395,4635.0,790.0,0.8543778801843318,0.8395629672225416,5425.0,8695
AL,Franklin,10376,2086,5686.0,1119.0,0.8355620867009552,0.8326111378590917,6805.0,12462
AL,Geneva,10848,1595,6287.0,825.0,0.8839988751406074,0.8718154785823354,7112.0,12443
AL,Greene,875,3884,428.0,2548.0,0.14381720430107528,0.1838621559151082,2976.0,4759
AL,Hale,3192,4663,1480.0,2593.0,0.36336852442916767,0.4063653723742839,4073.0,7855
AL,Henry,6607,2606,3621.0,1387.0,0.7230431309904153,0.7171388255725605,5008.0,9213
AL,Houston,32618,12917,18783.0,5691.0,0.7674675165481736,0.7163280992643022,24474.0,45535
AL,Jackson,19670,3717,10411.0,1893.0,0.8461475942782835,0.8410655492367555,12304.0,23387
AL,Jefferson,138843,181688,69344.0,102279.0,0.40404840843010553,0.43316559084768713,171623.0,320531
AL,Lamar,6174,978,3207.0,532.0,0.8577159668360524,0.863255033557047,3739.0,7152
AL,Lauderdale,31721,11915,16657.0,6573.0,0.7170469220835127,0.7269456412136768,23230.0,43636
AL,Lawrence,12322,3562,6056.0,2084.0,0.743980343980344,0.7757491815663561,8140.0,15884
AL,Lee,42221,27860,15049.0,12606.0,0.5441692279877056,0.6024600105592101,27655.0,70081
AL,Limestone,34640,13672,16344.0,6856.0,0.7044827586206897,0.7170061268421924,23200.0,48312
AL,Lowndes,1836,4972,668.0,3771.0,0.1504843433205677,0.2696827262044653,4439.0,6808
AL,Macon,1541,7108,524.0,4692.0,0.1004601226993865,0.17817088680772344,5216.0,8649
AL,Madison,102780,87286,51293.0,45272.0,0.5311758918862942,0.5407595256384624,96565.0,190066
AL,Marengo,5343,5488,2813.0,3467.0,0.44792993630573247,0.49330625057704736,6280.0,10831
AL,Marion,12205,1463,6504.0,708.0,0.9018302828618968,0.892961662276851,7212.0,13668
AL,Marshall,33191,5943,16398.0,3024.0,0.8443002780352178,0.8481371697245362,19422.0,39134
AL,Mobile,101243,79474,49437.0,40817.0,0.5477541161610566,0.5602295301493495,90254.0,180717
AL,Monroe,6147,4455,3702.0,2499.0,0.5970004837929366,0.5797962648556876,6201.0,10602
AL,Montgomery,33311,64529,18423.0,34948.0,0.3451874613554177,0.34046402289452166,53371.0,97840
AL,Morgan,39664,13234,22164.0,6692.0,0.7680898253396174,0.7498204090891906,28856.0,52898
AL,Perry,1339,3860,624.0,2994.0,0.1724709784411277,0.2575495287555299,3618.0,5199
AL,Pickens,5594,4022,3032.0,2188.0,0.5808429118773947,0.581738768718802,5220.0,9616
AL,Pike,8042,5636,4225.0,2631.0,0.6162485414235706,0.5879514548910659,6856.0,13678
AL,Randolph,8559,2203,4960.0,1058.0,0.8241940844134263,0.7952982716967106,6018.0,10762
AL,Russell,9864,11228,3147.0,4635.0,0.4043947571318427,0.46766546557936656,7782.0,21092
AL,Shelby,79700,33268,40582.0,16864.0,0.706437349858998,0.7055095248211883,57446.0,112968
AL,Stclair,36166,7744,17606.0,3978.0,0.8156968124536694,0.8236392621270782,21584.0,43910
AL,Talladega,22235,13138,11740.0,6707.0,0.6364178457201713,0.6285867752240409,18447.0,35373
AL,Tallapoosa,14963,5859,8035.0,2708.0,0.7479288839244159,0.7186149265200269,10743.0,20822
AL,Tuscaloosa,51117,37765,23662.0,19723.0,0.5453958741500519,0.5751108210886343,43385.0,88882
AL,Walker,26002,4834,15935.0,2452.0,0.8666449121662044,0.8432351796601375,18387.0,30836
AL,Washington,6564,2258,2672.0,2218.0,0.5464212678936605,0.7440489684878713,4890.0,8822
AL,Wilcox,1833,4048,712.0,3373.0,0.17429620563035494,0.3116816867879612,4085.0,5881
AL,Winston,10195,974,5503.0,510.0,0.9151837685015799,0.9127943414808846,6013.0,11169
AR,Arkansas,4304,1818,670.0,507.0,0.5692438402718777,0.7030382228030055,1177.0,6122
AR,Ashley,5548,2125,1251.0,680.0,0.6478508544795443,0.7230548677179721,1931.0,7673
AR,Baxter,15836,4635,2611.0,1145.0,0.6951544195953142,0.7735821405891261,3756.0,20471
AR,Benton,73965,42249,12237.0,10166.0,0.5462214881935455,0.6364551603077082,22403.0,116214
AR,Boone,13652,3064,1909.0,924.0,0.6738439816448994,0.8167025604211534,2833.0,16716
AR,Bradley,2335,1214,615.0,433.0,0.5868320610687023,0.6579318117779657,1048.0,3549
AR,Calhoun,1636,479,234.0,184.0,0.5598086124401914,0.7735224586288416,418.0,2115
AR,Carroll,7424,4023,1297.0,1176.0,0.5244642135058634,0.6485542063422731,2473.0,11447
AR,Chicot,1752,2260,334.0,944.0,0.26134585289514867,0.43668993020937186,1278.0,4012
AR,Clark,4616,3438,882.0,1151.0,0.4338416133792425,0.5731313632977403,2033.0,8054
AR,Clay,4086,962,754.0,440.0,0.6314907872696818,0.8094294770206022,1194.0,5048
AR,Cleburne,10328,1988,47.0,17.0,0.734375,0.8385839558298148,64.0,12316
AR,Cleveland,2867,651,750.0,284.0,0.7253384912959381,0.8149516770892553,1034.0,3518
AR,Columbia,5500,2814,808.0,620.0,0.5658263305322129,0.6615347606446957,1428.0,8314
AR,Conway,5694,2615,1224.0,1253.0,0.494146144529673,0.6852810205800939,2477.0,8309
AR,Craighead,25558,11921,4946.0,2671.0,0.649337009321255,0.6819285466527922,7617.0,37479
AR,Crawford,18607,4959,3862.0,1625.0,0.7038454528886459,0.7895697190868199,5487.0,23566
AR,Crittenden,7333,8514,722.0,2108.0,0.25512367491166077,0.4627374266422667,2830.0,15847
AR,Cross,4946,1772,720.0,365.0,0.663594470046083,0.7362310211372433,1085.0,6718
AR,Dallas,1573,963,317.0,427.0,0.4260752688172043,0.6202681388012619,744.0,2536
AR,Desha,1921,2016,464.0,766.0,0.3772357723577236,0.4879349758699517,1230.0,3937
AR,Drew,4349,2426,952.0,815.0,0.5387662705149971,0.6419188191881919,1767.0,6775
AR,Faulkner,34421,18347,4814.0,4669.0,0.5076452599388379,0.6523082171012735,9483.0,52768
AR,Franklin,5677,1300,1205.0,507.0,0.7038551401869159,0.8136734986383832,1712.0,6977
AR,Fulton,3961,1035,601.0,493.0,0.5493601462522852,0.7928342674139311,1094.0,4996
AR,Garland,29069,14045,5023.0,3663.0,0.5782868984572875,0.6742357470891126,8686.0,43114
AR,Grant,6794,1268,1408.0,515.0,0.7321892875715028,0.8427189283056313,1923.0,8062
AR,Greene,12670,3058,2189.0,928.0,0.7022778312479949,0.8055696846388606,3117.0,15728
AR,Hempstead,4470,2138,1121.0,665.0,0.6276595744680851,0.676452784503632,1786.0,6608
AR,Hot Spring,9202,3082,2046.0,941.0,0.6849681955138935,0.74910452621296,2987.0,12284
AR,Howard,3367,1340,5.0,5.0,0.5,0.7153176120671341,10.0,4707
AR,Independence,11250,2806,1244.0,827.0,0.6006760019314341,0.8003699487763233,2071.0,14056
AR,Izard,4631,1021,800.0,371.0,0.6831767719897524,0.8193559801840057,1171.0,5652
AR,Jackson,3593,1365,692.0,492.0,0.5844594594594594,0.7246873739411053,1184.0,4958
AR,Jefferson,9521,14981,1920.0,5864.0,0.24665981500513876,0.38858052403885396,7784.0,24502
AR,Johnson,6938,2283,1352.0,904.0,0.599290780141844,0.7524129703936666,2256.0,9221
AR,Lafayette,1757,839,263.0,200.0,0.5680345572354212,0.6768104776579353,463.0,2596
AR,Lawrence,4569,1080,961.0,566.0,0.6293385723641126,0.8088157195963888,1527.0,5649
AR,Lee,1286,1423,158.0,451.0,0.2594417077175698,0.47471391657438167,609.0,2709
AR,Lincoln,2729,1032,17.0,13.0,0.5666666666666667,0.7256048923158734,30.0,3761
AR,Little River,3715,1226,876.0,481.0,0.6455416359616801,0.7518720906699049,1357.0,4941
AR,Logan,6441,1544,1598.0,626.0,0.7185251798561151,0.8066374452097683,2224.0,7985
AR,Lonoke,22884,6686,2726.0,1652.0,0.6226587482868889,0.7738924585728779,4378.0,29570
AR,Madison,5658,1563,1087.0,644.0,0.6279607163489312,0.7835479850436228,1731.0,7221
AR,Marion,5783,1531,930.0,455.0,0.6714801444043321,0.7906754170084769,1385.0,7314
AR,Miller,11920,4245,2997.0,1098.0,0.7318681318681318,0.737395607794618,4095.0,16165
AR,Mississippi,7296,4558,1265.0,993.0,0.5602302922940655,0.615488442719757,2258.0,11854
AR,Monroe,1545,1147,329.0,597.0,0.35529157667386607,0.5739227340267459,926.0,2692
AR,Montgomery,3046,731,693.0,289.0,0.7057026476578412,0.8064601535610273,982.0,3777
AR,Nevada,2133,1076,346.0,425.0,0.4487678339818418,0.66469305079464,771.0,3209
AR,Newton,3192,709,473.0,328.0,0.5905118601747815,0.8182517303255575,801.0,3901
AR,Ouachita,5294,3995,708.0,1054.0,0.4018161180476731,0.5699214124232964,1762.0,9289
AR,Perry,3479,1012,679.0,464.0,0.5940507436570429,0.7746604319750612,1143.0,4491
AR,Phillips,2417,3623,419.0,1074.0,0.28064300066979236,0.40016556291390726,1493.0,6040
AR,Pike,3519,644,529.0,226.0,0.7006622516556291,0.8453038674033149,755.0,4163
AR,Poinsett,5918,1424,1314.0,664.0,0.6643073811931244,0.8060473985290112,1978.0,7342
AR,Polk,7035,1246,1576.0,381.0,0.805314256515074,0.849535080304311,1957.0,8281
AR,Pope,18081,5772,3256.0,1464.0,0.6898305084745763,0.7580178593887561,4720.0,23853
AR,Prairie,2786,654,538.0,264.0,0.6708229426433915,0.8098837209302325,802.0,3440
AR,Pulaski,63687,101947,12647.0,36265.0,0.25856640497219496,0.38450438919545504,48912.0,165634
AR,Randolph,5355,1215,749.0,470.0,0.6144380639868745,0.815068493150685,1219.0,6570
AR,Saline,39556,16060,7117.0,4397.0,0.6181170748653813,0.7112341772151899,11514.0,55616
AR,Scott,2962,483,888.0,233.0,0.792149866190901,0.8597968069666183,1121.0,3445
AR,Searcy,3365,588,597.0,193.0,0.7556962025316456,0.8512522135087276,790.0,3953
AR,Sebastian,31198,14487,6748.0,4350.0,0.608037484231393,0.6828937287950093,11098.0,45685
AR,Sevier,3884,1116,716.0,408.0,0.6370106761565836,0.7768,1124.0,5000
AR,Sharp,5938,1398,1223.0,545.0,0.6917420814479638,0.809432933478735,1768.0,7336
AR,St Francis,3242,3604,4.0,108.0,0.03571428571428571,0.47356120362255333,112.0,6846
AR,Stone,4616,1180,1116.0,567.0,0.6631016042780749,0.7964113181504486,1683.0,5796
AR,Union,10478,5584,1765.0,1595.0,0.5252976190476191,0.652347154775246,3360.0,16062
AR,Van Buren,6034,1593,1004.0,551.0,0.6456591639871383,0.7911367510161269,1555.0,7627
AR,Washington,47504,43824,9637.0,15439.0,0.384311692454937,0.5201471618780659,25076.0,91328
AR,White,24182,5978,4958.0,2140.0,0.6985066215835447,0.801790450928382,7098.0,30160
AR,Woodruff,1543,856,271.0,516.0,0.3443456162642948,0.6431846602751147,787.0,2399
AR,Yell,5226,1284,886.0,590.0,0.6002710027100271,0.8027649769585253,1476.0,6510
CO,Adams,95657,134202,42034.0,66153.0,0.3885309695249891,0.4161551211829861,108187.0,229859
CO,Alamosa,3813,3759,1905.0,2169.0,0.46759941089838,0.5035657686212361,4074.0,7572
CO,Arapahoe,127323,213607,62022.0,105343.0,0.370579272846772,0.3734578945824656,167365.0,340930
CO,Archuleta,5189,3738,2712.0,1889.0,0.5894370788958923,0.5812703035734289,4601.0,8927
CO,Baca,1867,317,1153.0,239.0,0.8283045977011494,0.8548534798534798,1392.0,2184
CO,Bent,1503,732,861.0,450.0,0.6567505720823799,0.6724832214765101,1311.0,2235
CO,Boulder,42501,159089,21518.0,99893.0,0.17723270543855169,0.21082891016419467,121411.0,201590
CO,Broomfield,16295,29077,8225.0,16050.0,0.3388259526261586,0.3591422022392665,24275.0,45372
CO,Chaffee,6222,7160,3635.0,4212.0,0.4632343570791385,0.4649529218353011,7847.0,13382
CO,Cheyenne,993,131,656.0,83.0,0.8876860622462788,0.8834519572953736,739.0,1124
CO,Clear Creek,2754,3604,1353.0,1975.0,0.4065504807692308,0.43315508021390375,3328.0,6358
CO,Conejos,2286,1959,1106.0,1285.0,0.4625679631953158,0.5385159010600706,2391.0,4245
CO,Costilla,741,1311,243.0,797.0,0.23365384615384616,0.3611111111111111,1040.0,2052
CO,Crowley,1271,437,802.0,273.0,0.746046511627907,0.7441451990632318,1075.0,1708
CO,Custer,2474,1112,1615.0,531.0,0.7525629077353215,0.6899051868377022,2146.0,3586
CO,Delta,13081,5887,7496.0,3449.0,0.684878940155322,0.6896351750316322,10945.0,18968
CO,Denver,71618,313293,30059.0,179423.0,0.14349204227570866,0.18606379136995305,209482.0,384911
CO,Dolores,1089,341,651.0,179.0,0.7843373493975904,0.7615384615384615,830.0,1430
CO,Douglas,121270,104653,58600.0,48701.0,0.546127249513052,0.5367758041456603,107301.0,225923
CO,Eagle,9892,18588,4093.0,9285.0,0.30595006727463,0.3473314606741573,13378.0,28480
CO,El Paso,202828,161941,108828.0,77432.0,0.5842800386556426,0.5560450586535588,186260.0,364769
CO,Elbert,14027,4490,7737.0,2222.0,0.7768852294407069,0.7575201166495653,9959.0,18517
CO,Fremont,17517,7369,9544.0,4041.0,0.7025395656974605,0.7038897372016395,13585.0,24886
CO,Garfield,14717,15427,7287.0,8112.0,0.47321254626923825,0.48822319532908703,15399.0,30144
CO,Gilpin,1833,2223,796.0,1297.0,0.38031533683707597,0.4519230769230769,2093.0,4056
CO,Grand,4883,4710,2719.0,2314.0,0.5402344526127558,0.5090169915563432,5033.0,9593
CO,Gunnison,3735,7132,1823.0,3839.0,0.32197103496997526,0.3437011134627772,5662.0,10867
CO,Hinsdale,353,255,246.0,109.0,0.6929577464788732,0.5805921052631579,355.0,608
CO,Huerfano,2203,2076,1187.0,1350.0,0.46787544343713044,0.5148399158681936,2537.0,4279
CO,Jackson,681,175,485.0,83.0,0.8538732394366197,0.7955607476635514,568.0,856
CO,Jefferson,148417,218396,77222.0,119616.0,0.3923124599924811,0.40461215932914046,196838.0,366813
CO,Kiowa,795,98,533.0,70.0,0.8839137645107794,0.8902575587905935,603.0,893
CO,Kit Carson,3144,662,2045.0,367.0,0.8478441127694859,0.8260641093011035,2412.0,3806
CO,La Plata,14233,20548,7138.0,10963.0,0.39434285398596763,0.4092176763175297,18101.0,34781
CO,Lake,1497,2303,515.0,1332.0,0.27883053600433133,0.39394736842105266,1847.0,3800
CO,Larimer,91489,126120,45575.0,67779.0,0.4020590362933818,0.42042838301724655,113354.0,217609
CO,Las Animas,4284,3497,1964.0,2234.0,0.46784182944259173,0.5505719059246883,4198.0,7781
CO,Lincoln,2135,470,1369.0,261.0,0.839877300613497,0.8195777351247601,1630.0,2605
CO,Logan,8087,2218,4996.0,1283.0,0.7956681000159261,0.7847646773410966,6279.0,10305
CO,Mesa,56894,31536,28952.0,16070.0,0.6430633912309538,0.6433789437973538,45022.0,88430
CO,Mineral,427,317,252.0,198.0,0.56,0.5739247311827957,450.0,744
CO,Moffat,5670,1203,3118.0,560.0,0.8477433387710712,0.8249672632038412,3678.0,6873
CO,Montezuma,9306,5836,5300.0,2951.0,0.6423463822566962,0.6145819574692907,8251.0,15142
CO,Montrose,16770,7687,9506.0,3971.0,0.705349855309045,0.6856932575540745,13477.0,24457
CO,Morgan,9593,3876,4974.0,1785.0,0.735907678650688,0.7122280792931918,6759.0,13469
CO,Otero,5756,3605,3286.0,1996.0,0.6221128360469519,0.6148915714133105,5282.0,9361
CO,Ouray,1577,2365,932.0,1366.0,0.40557006092254133,0.40005073566717403,2298.0,3942
CO,Park,6991,4903,3719.0,2547.0,0.5935205872965209,0.5877753489154195,6266.0,11894
CO,Phillips,1958,486,1204.0,269.0,0.8173794976238968,0.8011456628477905,1473.0,2444
CO,Pitkin,2780,8989,1001.0,4935.0,0.16863207547169812,0.2362137819695811,5936.0,11769
CO,Prowers,4008,1458,2434.0,751.0,0.7642072213500785,0.7332601536772777,3185.0,5466
CO,Pueblo,42252,43772,19393.0,24927.0,0.4375676895306859,0.49116525620756996,44320.0,86024
CO,Rio Blanco,3061,561,2054.0,265.0,0.8857266062958171,0.8451131971286582,2319.0,3622
CO,Rio Grande,3660,2495,2099.0,1287.0,0.6199054932073242,0.59463850528026,3386.0,6155
CO,Routt,5925,10582,2722.0,5537.0,0.32957985228235864,0.35893863209547466,8259.0,16507
CO,Saguache,1413,1884,691.0,1188.0,0.3677488025545503,0.42857142857142855,1879.0,3297
CO,San Juan,202,342,86.0,200.0,0.3006993006993007,0.3713235294117647,286.0,544
CO,San Miguel,1136,3924,508.0,2269.0,0.1829312207418077,0.22450592885375495,2777.0,5060
CO,Sedgwick,1121,301,721.0,180.0,0.8002219755826859,0.7883263009845288,901.0,1422
CO,Summit,5322,12631,2207.0,6110.0,0.26536010580738245,0.29644070628864255,8317.0,17953
CO,Teller,11241,5278,6093.0,2673.0,0.6950718685831622,0.6804891337248018,8766.0,16519
CO,Washington,2595,369,1706.0,186.0,0.9016913319238901,0.8755060728744939,1892.0,2964
CO,Weld,96145,66060,43460.0,30348.0,0.588825059614134,0.5927375851545883,73808.0,162205
CO,Yuma,4107,785,2457.0,476.0,0.837708830548926,0.8395339329517579,2933.0,4892
CT,Andover,998,1058,141.0,274.0,0.3397590361445783,0.48540856031128404,415.0,2056
CT,Ansonia,3797,4521,323.0,994.0,0.24525436598329536,0.4564799230584275,1317.0,8318
CT,Ashford,1160,1330,181.0,434.0,0.2943089430894309,0.46586345381526106,615.0,2490
CT,Avon,4469,7299,808.0,1833.0,0.30594471790988265,0.3797586675730795,2641.0,11768
CT,Barkhamsted,1228,1154,189.0,266.0,0.4153846153846154,0.5155331654072208,455.0,2382
CT,Beacon Falls,2191,1543,226.0,397.0,0.36276083467094705,0.5867702196036422,623.0,3734
CT,Berlin,6687,6008,1296.0,1631.0,0.4427741715066621,0.5267428121307601,2927.0,12695
CT,Bethany,1718,1912,248.0,610.0,0.289044289044289,0.4732782369146005,858.0,3630
CT,Bethel,4734,6270,887.0,1513.0,0.3695833333333333,0.4302071973827699,2400.0,11004
CT,Bethlehem,1393,937,168.0,258.0,0.39436619718309857,0.5978540772532189,426.0,2330
CT,Bloomfield,1698,11007,309.0,4381.0,0.06588486140724947,0.13364817001180637,4690.0,12705
CT,Bolton,1482,1727,265.0,500.0,0.3464052287581699,0.4618261140542225,765.0,3209
CT,Bozrah,817,703,97.0,193.0,0.33448275862068966,0.5375,290.0,1520
CT,Branford,7098,10562,741.0,2831.0,0.2074468085106383,0.401925254813137,3572.0,17660
CT,Bridgeport,8269,33515,579.0,9880.0,0.05535902093890429,0.19789871721233007,10459.0,41784
CT,Bridgewater,549,667,88.0,190.0,0.31654676258992803,0.45148026315789475,278.0,1216
CT,Bristol,13834,15462,1541.0,3737.0,0.29196665403561955,0.4722146368104861,5278.0,29296
CT,Brookfield,5226,5426,680.0,1065.0,0.38968481375358166,0.49061209162598574,1745.0,10652
CT,Brooklyn,2262,1876,276.0,447.0,0.3817427385892116,0.5466408893185114,723.0,4138
CT,Burlington,3034,3099,396.0,704.0,0.36,0.494700798956465,1100.0,6133
CT,Canaan,209,437,40.0,151.0,0.2094240837696335,0.3235294117647059,191.0,646
CT,Canterbury,1755,1182,231.0,263.0,0.4676113360323887,0.5975485188968335,494.0,2937
CT,Canton,2663,3878,444.0,939.0,0.3210412147505423,0.40712429292157165,1383.0,6541
CT,Chaplin,662,598,112.0,162.0,0.40875912408759124,0.5253968253968254,274.0,1260
CT,Cheshire,7349,9745,983.0,2369.0,0.2932577565632458,0.4299169299169299,3352.0,17094
CT,Chester,853,1701,140.0,609.0,0.18691588785046728,0.33398590446358656,749.0,2554
CT,Clinton,3312,4368,579.0,1182.0,0.3287904599659284,0.43125,1761.0,7680
CT,Colchester,4243,5216,586.0,1303.0,0.31021704605611433,0.44856750185008987,1889.0,9459
CT,Colebrook,563,403,83.0,107.0,0.4368421052631579,0.582815734989648,190.0,966
CT,Columbia,1600,1888,215.0,519.0,0.29291553133514986,0.45871559633027525,734.0,3488
CT,Cornwall,250,760,51.0,317.0,0.13858695652173914,0.24752475247524752,368.0,1010
CT,Coventry,3545,4011,446.0,997.0,0.3090783090783091,0.46916357861302277,1443.0,7556
CT,Cromwell,3749,4872,426.0,1167.0,0.2674199623352166,0.43486834473958935,1593.0,8621
CT,Danbury,12788,18869,1372.0,3427.0,0.2858928943529902,0.40395489149319264,4799.0,31657
CT,Darien,4921,7876,839.0,1313.0,0.3898698884758364,0.3845432523247636,2152.0,12797
CT,Deep River,1076,1785,126.0,486.0,0.20588235294117646,0.376092275428172,612.0,2861
CT,Derby,2749,2963,244.0,857.0,0.22161671207992734,0.48126750700280113,1101.0,5712
CT,Durham,2330,2363,342.0,587.0,0.3681377825618945,0.4964841252929896,929.0,4693
CT,East Granby,1405,1789,204.0,427.0,0.3232963549920761,0.4398872886662492,631.0,3194
CT,East Haddam,2731,2980,463.0,834.0,0.35697764070932925,0.47819996497986345,1297.0,5711
CT,East Hampton,3746,4051,382.0,951.0,0.2865716429107277,0.4804411953315378,1333.0,7797
CT,East Hartford,5524,14787,537.0,3201.0,0.14365971107544143,0.2719708532322387,3738.0,20311
CT,East Haven,7572,6757,589.0,1295.0,0.31263269639065816,0.5284388303440575,1884.0,14329
CT,East Lyme,4285,7290,661.0,1918.0,0.2563008918185343,0.3701943844492441,2579.0,11575
CT,East Windsor,2541,3008,326.0,697.0,0.31867057673509286,0.4579203460082898,1023.0,5549
CT,Eastford,572,464,103.0,118.0,0.4660633484162896,0.5521235521235521,221.0,1036
CT,Easton,2178,2777,334.0,683.0,0.32841691248770893,0.43955600403632694,1017.0,4955
CT,Ellington,4515,4787,659.0,1006.0,0.39579579579579577,0.4853794882820899,1665.0,9302
CT,Enfield,9298,11263,1199.0,2659.0,0.3107827890098497,0.4522153591751374,3858.0,20561
CT,Essex,1635,3011,339.0,954.0,0.26218097447795824,0.3519156263452432,1293.0,4646
CT,Fairfield,12052,22861,1614.0,4832.0,0.25038783741855414,0.345200928021081,6446.0,34913
CT,Farmington,6160,9616,942.0,2296.0,0.2909203211859172,0.39046653144016225,3238.0,15776
CT,Franklin,674,553,74.0,109.0,0.40437158469945356,0.5493072534637327,183.0,1227
CT,Glastonbury,7998,13990,1270.0,3536.0,0.2642530170620058,0.3637438602874295,4806.0,21988
CT,Goshen,1161,902,183.0,251.0,0.4216589861751152,0.5627726611730489,434.0,2063
CT,Granby,3166,4029,610.0,1081.0,0.3607332939089296,0.44002779708130646,1691.0,7195
CT,Greenwich,13269,22243,1977.0,3954.0,0.3333333333333333,0.37364834422167154,5931.0,35512
CT,Griswold,3257,2565,339.0,825.0,0.2912371134020619,0.5594297492270698,1164.0,5822
CT,Groton,6272,10699,876.0,2718.0,0.24373956594323873,0.36957162217901124,3594.0,16971
CT,Guilford,5050,9616,686.0,2966.0,0.18784227820372398,0.34433383335606166,3652.0,14666
CT,Haddam,2693,2728,441.0,791.0,0.35795454545454547,0.4967718133185759,1232.0,5421
CT,Hamden,7139,21652,1045.0,8023.0,0.11524040582267314,0.2479594317668716,9068.0,28791
CT,Hampton,551,572,63.0,184.0,0.2550607287449393,0.4906500445235975,247.0,1123
CT,Hartford,4116,28301,180.0,3439.0,0.04973749654600718,0.12697041675664003,3619.0,32417
CT,Hartland,818,457,135.0,123.0,0.5232558139534884,0.6415686274509804,258.0,1275
CT,Harwinton,2229,1397,267.0,355.0,0.4292604501607717,0.614726971869829,622.0,3626
CT,Hebron,2731,3388,378.0,787.0,0.3244635193133047,0.44631475731328646,1165.0,6119
CT,Kent,568,1277,115.0,473.0,0.195578231292517,0.30785907859078593,588.0,1845
CT,Killingly,4678,3402,356.0,734.0,0.326605504587156,0.5789603960396039,1090.0,8080
CT,Killingworth,1979,2343,331.0,665.0,0.33232931726907633,0.45788986580286906,996.0,4322
CT,Lebanon,2268,2052,321.0,506.0,0.38814993954050786,0.525,827.0,4320
CT,Ledyard,3664,4534,566.0,1088.0,0.3422007255139057,0.44693827762868993,1654.0,8198
CT,Lisbon,1331,1099,169.0,305.0,0.35654008438818563,0.5477366255144033,474.0,2430
CT,Litchfield,2555,2673,360.0,723.0,0.33240997229916897,0.4887146136189747,1083.0,5228
CT,Lyme,576,1165,145.0,361.0,0.2865612648221344,0.3308443423319931,506.0,1741
CT,Madison,4638,7625,902.0,1972.0,0.313848295059151,0.3782108782516513,2874.0,12263
CT,Manchester,8530,19455,1248.0,4927.0,0.20210526315789473,0.30480614614972307,6175.0,27985
CT,Mansfield,1708,5608,245.0,1802.0,0.11968734733756717,0.2334609075997813,2047.0,7316
CT,Marlborough,1861,2119,245.0,558.0,0.30510585305105853,0.46758793969849244,803.0,3980
CT,Meriden,9981,14955,779.0,2957.0,0.2085117773019272,0.40026467757459094,3736.0,24936
CT,Middlebury,2741,2259,389.0,456.0,0.4603550295857988,0.5482,845.0,5000
CT,Middlefield,1356,1442,279.0,392.0,0.4157973174366617,0.48463187991422446,671.0,2798
CT,Middletown,7611,15508,818.0,3797.0,0.1772481040086674,0.3292097409057485,4615.0,23119
CT,Milford,13997,17626,1438.0,4000.0,0.26443545421110703,0.4426208772096259,5438.0,31623
CT,Monroe,5989,5838,503.0,980.0,0.3391773432231962,0.5063836983174094,1483.0,11827
CT,Montville,4242,4406,664.0,1001.0,0.3987987987987988,0.49051803885291395,1665.0,8648
CT,Morris,874,653,108.0,148.0,0.421875,0.5723641126391618,256.0,1527
CT,Naugatuck,7740,6923,765.0,1663.0,0.31507413509060955,0.5278592375366569,2428.0,14663
CT,New Britain,7724,16031,752.0,3632.0,0.17153284671532848,0.32515259945274677,4384.0,23755
CT,New Canaan,4855,7298,1138.0,1214.0,0.483843537414966,0.39948983790010695,2352.0,12153
CT,New Fairfield,4343,4101,567.0,823.0,0.4079136690647482,0.5143297015632402,1390.0,8444
CT,New Hartford,2382,2089,346.0,533.0,0.39362912400455063,0.5327667188548423,879.0,4471
CT,New Haven,6146,35521,383.0,10750.0,0.034402227611605135,0.1475028199774402,11133.0,41667
CT,New London,2045,6912,196.0,1673.0,0.10486891385767791,0.22831305124483645,1869.0,8957
CT,New Milford,7493,8004,759.0,1532.0,0.33129637712789173,0.48351293798799766,2291.0,15497
CT,Newington,7074,10031,793.0,2677.0,0.22853025936599425,0.41356328558900907,3470.0,17105
CT,Newtown,7292,9695,1159.0,2314.0,0.3337172473365966,0.4292694413374934,3473.0,16987
CT,Norfolk,381,659,46.0,210.0,0.1796875,0.3663461538461538,256.0,1040
CT,North Branford,4786,3718,422.0,796.0,0.3464696223316913,0.562793979303857,1218.0,8504
CT,North Canaan,812,862,93.0,183.0,0.33695652173913043,0.4850657108721625,276.0,1674
CT,North Haven,7879,7389,855.0,1695.0,0.3352941176470588,0.516046633481792,2550.0,15268
CT,North Stonington,1710,1601,206.0,372.0,0.356401384083045,0.5164602839021444,578.0,3311
CT,Norwalk,13311,29382,1339.0,6035.0,0.18158394358557092,0.31178413323027193,7374.0,42693
CT,Norwich,5643,9306,587.0,2277.0,0.2049581005586592,0.37748344370860926,2864.0,14949
CT,Old Lyme,2099,3226,423.0,850.0,0.3322859387274156,0.39417840375586854,1273.0,5325
CT,Old Saybrook,2995,4253,537.0,1115.0,0.32506053268765134,0.4132174392935982,1652.0,7248
CT,Orange,4317,4816,514.0,1085.0,0.3214509068167605,0.4726814847257199,1599.0,9133
CT,Oxford,5118,3269,625.0,582.0,0.5178127589063795,0.6102301180398235,1207.0,8387
CT,Plainfield,4080,2849,373.0,721.0,0.34095063985374774,0.5888295569346226,1094.0,6929
CT,Plainville,4811,4670,468.0,1113.0,0.29601518026565465,0.50743592448054,1581.0,9481
CT,Plymouth,3984,2477,344.0,517.0,0.3995354239256678,0.6166228138059124,861.0,6461
CT,Pomfret,1113,1357,145.0,343.0,0.29713114754098363,0.4506072874493927,488.0,2470
CT,Portland,2641,3155,345.0,873.0,0.2832512315270936,0.4556590752242926,1218.0,5796
CT,Preston,1529,1270,184.0,289.0,0.3890063424947146,0.5462665237584852,473.0,2799
CT,Prospect,3935,2110,391.0,472.0,0.45307068366164543,0.6509511993382961,863.0,6045
CT,Putnam,2193,2063,199.0,496.0,0.28633093525179854,0.5152725563909775,695.0,4256
CT,Redding,2052,3829,443.0,1012.0,0.30446735395189,0.3489202516578813,1455.0,5881
CT,Ridgefield,5689,10278,1208.0,2347.0,0.339803094233474,0.35629736331183065,3555.0,15967
CT,Rocky Hill,4670,6115,465.0,1557.0,0.22997032640949555,0.4330088085303663,2022.0,10785
CT,Roxbury,660,937,144.0,290.0,0.3317972350230415,0.41327489041953663,434.0,1597
CT,Salem,1291,1285,164.0,317.0,0.340956340956341,0.5011645962732919,481.0,2576
CT,Salisbury,502,2023,97.0,661.0,0.1279683377308707,0.19881188118811882,758.0,2525
CT,Scotland,537,406,50.0,80.0,0.38461538461538464,0.5694591728525981,130.0,943
CT,Seymour,5242,4011,562.0,753.0,0.42737642585551333,0.5665189668215714,1315.0,9253
CT,Sharon,510,1019,94.0,314.0,0.23039215686274508,0.33355134074558535,408.0,1529
CT,Shelton,12747,10837,1873.0,1951.0,0.4898012552301255,0.5404935549525102,3824.0,23584
CT,Sherman,1076,1234,114.0,274.0,0.29381443298969073,0.4658008658008658,388.0,2310
CT,Simsbury,5575,10296,883.0,2721.0,0.24500554938956715,0.35126961124062756,3604.0,15871
CT,Somers,3204,2445,431.0,505.0,0.46047008547008544,0.5671800318640468,936.0,5649
CT,South Windsor,5630,9596,815.0,2482.0,0.24719441916894147,0.36976224878497305,3297.0,15226
CT,Southbury,6260,6570,1053.0,1664.0,0.3875598086124402,0.48791893998441155,2717.0,12830
CT,Southington,13473,12855,2512.0,2914.0,0.462956137117582,0.5117365542388331,5426.0,26328
CT,Sprague,882,641,104.0,195.0,0.34782608695652173,0.5791201575837164,299.0,1523
CT,Stafford,3461,2809,335.0,797.0,0.2959363957597173,0.551993620414673,1132.0,6270
CT,Stamford,18242,40437,2648.0,9750.0,0.21358283594128086,0.31087782682049797,12398.0,58679
CT,Sterling,1229,639,117.0,135.0,0.4642857142857143,0.6579229122055674,252.0,1868
CT,Stonington,4240,7453,573.0,2198.0,0.20678455431252254,0.36261010861199006,2771.0,11693
CT,Stratford,10516,17363,1086.0,4308.0,0.20133481646273638,0.3772014778148427,5394.0,27879
CT,Suffield,4155,4363,503.0,900.0,0.3585174625801853,0.48779056116459263,1403.0,8518
CT,Thomaston,2768,1528,284.0,319.0,0.4709784411276949,0.6443202979515829,603.0,4296
CT,Thompson,3005,2050,284.0,493.0,0.3655083655083655,0.5944609297725024,777.0,5055
CT,Tolland,3975,5103,518.0,1263.0,0.29084783829309374,0.437871777924653,1781.0,9078
CT,Torrington,9220,7283,936.0,1718.0,0.35267520723436324,0.5586862994607041,2654.0,16503
CT,Trumbull,9769,11919,1082.0,2378.0,0.31271676300578033,0.45043341940243453,3460.0,21688
CT,Union,307,249,69.0,57.0,0.5476190476190477,0.552158273381295,126.0,556
CT,Vernon,5848,9259,751.0,2175.0,0.2566643882433356,0.38710531541669424,2926.0,15107
CT,Voluntown,918,566,170.0,183.0,0.48158640226628896,0.6185983827493261,353.0,1484
CT,Wallingford,11831,13560,1111.0,2948.0,0.27371273712737126,0.46595250285534245,4059.0,25391
CT,Warren,470,465,86.0,130.0,0.39814814814814814,0.5026737967914439,216.0,935
CT,Washington,770,1461,102.0,345.0,0.22818791946308725,0.3451367099955177,447.0,2231
CT,Waterbury,14157,21573,1006.0,4248.0,0.1914731633041492,0.39622166246851387,5254.0,35730
CT,Waterford,5124,6917,603.0,1724.0,0.25913192952299097,0.42554605099244247,2327.0,12041
CT,Watertown,7976,4612,878.0,926.0,0.4866962305986696,0.6336193199872895,1804.0,12588
CT,West Hartford,8451,27298,1407.0,9064.0,0.1343711202368446,0.23639822092925677,10471.0,35749
CT,West Haven,8126,14245,582.0,3300.0,0.14992272024729522,0.36323812078136875,3882.0,22371
CT,Westbrook,1958,2288,331.0,532.0,0.38354577056778677,0.46113989637305697,863.0,4246
CT,Weston,1680,4733,334.0,1169.0,0.2222222222222222,0.2619678777483237,1503.0,6413
CT,Westport,4222,13048,909.0,3261.0,0.21798561151079138,0.24447017950202662,4170.0,17270
CT,Wethersfield,6413,9612,835.0,3310.0,0.2014475271411339,0.40018720748829956,4145.0,16025
CT,Willington,1445,1674,159.0,430.0,0.2699490662139219,0.4632895158704713,589.0,3119
CT,Wilton,3819,7676,996.0,1793.0,0.3571172463248476,0.3322314049586777,2789.0,11495
CT,Winchester,2799,2304,329.0,556.0,0.37175141242937854,0.5485008818342152,885.0,5103
CT,Windham,2824,5365,261.0,1121.0,0.18885672937771347,0.34485285138600563,1382.0,8189
CT,Windsor,4090,13183,670.0,4134.0,0.13946711074104912,0.23678573496207955,4804.0,17273
CT,Windsor Locks,3156,3751,353.0,858.0,0.29149463253509494,0.45692775445200523,1211.0,6907
CT,Wolcott,6519,3333,498.0,564.0,0.4689265536723164,0.6616930572472595,1062.0,9852
CT,Woodbridge,1816,3855,248.0,1186.0,0.17294281729428174,0.3202257097513666,1434.0,5671
CT,Woodbury,3295,3181,506.0,904.0,0.3588652482269504,0.5088017294626312,1410.0,6476
CT,Woodstock,2520,2548,370.0,616.0,0.3752535496957404,0.4972375690607735,986.0,5068
DE,Kent,41009,44552,41009.0,44552.0,0.47929547340493917,0.47929547340493917,85561.0,85561
DE,New Castle,88364,195034,88364.0,195033.0,0.3118028772358211,0.31180177700618916,283397.0,283398
DE,Sussex,71230,56682,71230.0,56682.0,0.556867221214585,0.556867221214585,127912.0,127912
GA,Appling,6526,1779,3238.0,789.0,0.804072510553762,0.7857916917519566,4027.0,8305
GA,Atkinson,2300,825,1361.0,318.0,0.8106015485407981,0.736,1679.0,3125
GA,Bacon,4018,625,2310.0,177.0,0.9288299155609168,0.8653887572690071,2487.0,4643
GA,Baker,897,652,65.0,549.0,0.10586319218241043,0.579083279535184,614.0,1549
GA,Baldwin,8903,9140,3587.0,4265.0,0.456826286296485,0.49343235603835284,7852.0,18043
GA,Banks,7795,932,3622.0,357.0,0.9102789645639608,0.893204995989458,3979.0,8727
GA,Barrow,26804,10453,8476.0,3724.0,0.6947540983606557,0.7194352739082589,12200.0,37257
GA,Bartow,37674,12092,14559.0,4393.0,0.7682038834951457,0.7570228670176425,18952.0,49766
GA,Ben Hill,4110,2392,1529.0,973.0,0.6111111111111112,0.6321131959397108,2502.0,6502
GA,Berrien,6419,1269,3014.0,442.0,0.8721064814814815,0.8349375650364204,3456.0,7688
GA,Bibb,26585,43468,11137.0,22821.0,0.32796395547440954,0.3794983797981528,33958.0,70053
GA,Bleckley,4328,1311,1684.0,439.0,0.7932171455487518,0.7675119702074836,2123.0,5639
GA,Brantley,6991,699,3442.0,257.0,0.9305217626385509,0.9091027308192458,3699.0,7690
GA,Brooks,4260,2790,1680.0,995.0,0.6280373831775701,0.6042553191489362,2675.0,7050
GA,Bryan,14244,6739,5639.0,2416.0,0.7000620732464308,0.6788352475813754,8055.0,20983
GA,Bulloch,18386,11243,8846.0,4241.0,0.675937953694506,0.6205406864895879,13087.0,29629
GA,Burke,5400,5209,1569.0,3128.0,0.3340430061741537,0.5090017909322273,4697.0,10609
GA,Butts,8406,3274,3313.0,1361.0,0.7088147197261446,0.7196917808219178,4674.0,11680
GA,Calhoun,923,1260,162.0,1034.0,0.1354515050167224,0.4228126431516262,1196.0,2183
GA,Camden,15251,7967,4600.0,2564.0,0.6420993858179788,0.6568610560771815,7164.0,23218
GA,Candler,3133,1269,1510.0,488.0,0.7557557557557557,0.7117219445706497,1998.0,4402
GA,Carroll,37476,16238,15290.0,6832.0,0.6911671639092306,0.6976952005063857,22122.0,53714
GA,Catoosa,25167,6932,9604.0,1891.0,0.8354936929099609,0.784043116607994,11495.0,32099
GA,Charlton,3419,1103,1921.0,217.0,0.8985032740879326,0.7560813799203893,2138.0,4522
GA,Chatham,53237,78254,18669.0,33889.0,0.35520758019711557,0.4048718163220296,52558.0,131491
GA,Chattahoochee,880,667,244.0,363.0,0.40197693574958815,0.5688429217840982,607.0,1547
GA,Chattooga,8064,1854,4225.0,744.0,0.8502716844435501,0.8130671506352087,4969.0,9918
GA,Cherokee,99587,42794,35457.0,15743.0,0.69251953125,0.699440234300925,51200.0,142381
GA,Clarke,14446,36048,5004.0,17225.0,0.2251113410409825,0.2860933972353151,22229.0,50494
GA,Clay,637,790,278.0,369.0,0.42967542503863987,0.44639103013314646,647.0,1427
GA,Clayton,15813,95476,4522.0,44433.0,0.09237054437748952,0.14208951468698613,48955.0,111289
GA,Clinch,2105,747,1530.0,162.0,0.9042553191489362,0.738078541374474,1692.0,2852
GA,Cobb,165459,221846,63696.0,100896.0,0.3869932925051035,0.4272059488000413,164592.0,387305
GA,Coffee,10578,4511,4931.0,1281.0,0.7937862202189311,0.7010404930744251,6212.0,15089
GA,Colquitt,11777,4187,5139.0,1497.0,0.7744122965641953,0.7377223753445252,6636.0,15964
GA,Columbia,50013,29236,17358.0,10356.0,0.6263260445983979,0.631086827594039,27714.0,79249
GA,Cook,4900,2059,1854.0,824.0,0.6923076923076923,0.7041241557695072,2678.0,6959
GA,Coweta,51501,24210,17274.0,9449.0,0.6464094600157168,0.6802314062685739,26723.0,75711
GA,Crawford,4428,1615,1593.0,853.0,0.651267375306623,0.7327486347840476,2446.0,6043
GA,Crisp,4987,2986,2685.0,977.0,0.733205898416166,0.625486015301643,3662.0,7973
GA,Dade,6066,1261,3070.0,405.0,0.883453237410072,0.8278968199808926,3475.0,7327
GA,Dawson,13398,2486,5978.0,785.0,0.8839272512198728,0.8434903047091413,6763.0,15884
GA,Decatur,6758,4780,1497.0,2240.0,0.40058870751940057,0.5857167620038135,3737.0,11538
GA,Dekalb,58373,308227,17425.0,153939.0,0.10168413435727457,0.15922804146208402,171364.0,366600
GA,Dodge,5843,2171,3799.0,621.0,0.859502262443439,0.7290990766159221,4420.0,8014
GA,Dooly,2159,1911,551.0,1212.0,0.31253545093590474,0.5304668304668305,1763.0,4070
GA,Dougherty,10454,24577,3571.0,11988.0,0.22951346487563468,0.29842139819017444,15559.0,35031
GA,Douglas,25451,42809,8079.0,22358.0,0.2654335184150869,0.37285379431585114,30437.0,68260
GA,Early,2722,2437,1241.0,1414.0,0.4674199623352166,0.5276216320992441,2655.0,5159
GA,Echols,1256,167,772.0,45.0,0.944920440636475,0.8826423049894588,817.0,1423
GA,Effingham,23358,7720,8411.0,2805.0,0.7499108416547788,0.7515927665872965,11216.0,31078
GA,Elbert,6226,2879,2624.0,1153.0,0.6947312682022769,0.6838001098297639,3777.0,9105
GA,Emanuel,6551,2884,4431.0,1182.0,0.78941742383752,0.6943296237413884,5613.0,9435
GA,Evans,2888,1324,1216.0,574.0,0.6793296089385474,0.6856600189933523,1790.0,4212
GA,Fannin,12169,2571,5799.0,928.0,0.8620484614241117,0.8255766621438263,6727.0,14740
GA,Fayette,37952,33065,14697.0,14800.0,0.4982540597348883,0.534407254601011,29497.0,71017
GA,Floyd,29123,12008,13227.0,4291.0,0.755051946569243,0.7080547518903018,17518.0,41131
GA,Forsyth,85122,42203,28848.0,14297.0,0.6686290416038938,0.6685411348910268,43145.0,127325
GA,Franklin,9069,1593,5238.0,562.0,0.9031034482758621,0.8505908835115363,5800.0,10662
GA,Fulton,137240,381144,33861.0,160263.0,0.17442974593558755,0.264745825488441,194124.0,518384
GA,Gilmer,13429,2932,6445.0,1086.0,0.855796043022175,0.8207933500397286,7531.0,16361
GA,Glascock,1403,155,992.0,64.0,0.9393939393939394,0.9005134788189987,1056.0,1558
GA,Glynn,25616,15879,9701.0,5525.0,0.6371338499934323,0.6173273888420292,15226.0,41495
GA,Gordon,19405,4384,7735.0,1505.0,0.8371212121212122,0.815713144730758,9240.0,23789
GA,Grady,7034,3619,3649.0,1373.0,0.7266029470330546,0.660283488219281,5022.0,10653
GA,Greene,7068,4088,2953.0,1764.0,0.6260334958660165,0.6335604159196845,4717.0,11156
GA,Gwinnett,166413,241827,57897.0,101903.0,0.36230913642052565,0.407635214579659,159800.0,408240
GA,Habersham,16637,3563,9012.0,1205.0,0.8820593129098562,0.8236138613861386,10217.0,20200
GA,Hall,64170,25031,26186.0,8598.0,0.7528173873045079,0.7193865539623995,34784.0,89201
GA,Hancock,1159,2985,360.0,1912.0,0.15845070422535212,0.2796814671814672,2272.0,4144
GA,Haralson,12331,1792,6672.0,686.0,0.9067681435172601,0.8731147773136019,7358.0,14123
GA,Harris,14319,5457,4942.0,2453.0,0.668289384719405,0.7240594660194175,7395.0,19776
GA,Hart,9464,3157,4725.0,1087.0,0.8129731589814178,0.7498613422074321,5812.0,12621
GA,Heard,4516,824,2120.0,353.0,0.8572583906186818,0.8456928838951311,2473.0,5340
GA,Henry,48187,73276,17417.0,34405.0,0.33609277912855545,0.3967216353951409,51822.0,121463
GA,Houston,41534,32232,14177.0,13088.0,0.5199706583532001,0.5630507279776591,27265.0,73766
GA,Irwin,3134,1008,1866.0,590.0,0.759771986970684,0.7566393046837276,2456.0,4142
GA,Jackson,29497,7642,11558.0,2675.0,0.8120564884423522,0.7942324779880988,14233.0,37139
GA,Jasper,5822,1761,2289.0,855.0,0.7280534351145038,0.7677700118686536,3144.0,7583
GA,Jeff Davis,4695,1028,2579.0,423.0,0.8590939373750833,0.8203739297571204,3002.0,5723
GA,Jefferson,3537,4061,638.0,2752.0,0.1882005899705015,0.46551724137931033,3390.0,7598
GA,Jenkins,2161,1266,295.0,969.0,0.23338607594936708,0.630580682812956,1264.0,3427
GA,Johnson,2850,1222,1676.0,525.0,0.7614720581553839,0.699901768172888,2201.0,4072
GA,Jones,9965,4888,3709.0,2262.0,0.6211689834198627,0.6709082340267959,5971.0,14853
GA,Lamar,6330,2615,2490.0,1275.0,0.6613545816733067,0.7076579094466182,3765.0,8945
GA,Lanier,2509,1019,1054.0,350.0,0.7507122507122507,0.7111678004535147,1404.0,3528
GA,Laurens,14493,8073,5086.0,2584.0,0.663102998696219,0.6422494017548525,7670.0,22566
GA,Lee,12007,4558,4868.0,1994.0,0.7094141649664821,0.7248415333534561,6862.0,16565
GA,Liberty,7959,13099,1606.0,5745.0,0.2184736770507414,0.37795612118909677,7351.0,21058
GA,Lincoln,3179,1435,1615.0,671.0,0.7064741907261592,0.6889900303424361,2286.0,4614
GA,Long,3528,2033,1623.0,696.0,0.6998706338939198,0.6344182700953066,2319.0,5561
GA,Lowndes,25691,20117,7080.0,6158.0,0.5348239915395074,0.5608409011526371,13238.0,45808
GA,Lumpkin,12163,3126,6109.0,1056.0,0.8526168876482902,0.7955392766040944,7165.0,15289
GA,Macon,1783,2857,406.0,1432.0,0.22089227421109903,0.38426724137931034,1838.0,4640
GA,Madison,11326,3411,5594.0,1376.0,0.8025824964131995,0.7685417656239397,6970.0,14737
GA,Marion,2275,1311,1113.0,668.0,0.6249298147108366,0.6344116006692694,1781.0,3586
GA,Mcduffie,6169,4168,2068.0,1485.0,0.5820433436532507,0.5967882364322338,3553.0,10337
GA,Mcintosh,4016,2612,2098.0,1385.0,0.602354292276773,0.6059143029571514,3483.0,6628
GA,Meriwether,6524,4287,2569.0,2261.0,0.5318840579710145,0.6034594394598094,4830.0,10811
GA,Miller,2066,749,634.0,490.0,0.5640569395017794,0.7339253996447602,1124.0,2815
GA,Mitchell,4935,3995,2137.0,1728.0,0.5529107373868046,0.5526315789473685,3865.0,8930
GA,Monroe,11060,4384,4805.0,1944.0,0.7119573270114091,0.7161357161357161,6749.0,15444
GA,Montgomery,2960,979,1711.0,396.0,0.8120550545799715,0.7514597613607514,2107.0,3939
GA,Morgan,8230,3355,4085.0,1348.0,0.75188661881097,0.7104013810962452,5433.0,11585
GA,Murray,12943,2302,6677.0,664.0,0.9095491077509876,0.8489996720236143,7341.0,15245
GA,Muscogee,30049,49529,9287.0,21695.0,0.2997546962752566,0.37760436301490363,30982.0,79578
GA,Newton,23869,29794,10069.0,14333.0,0.4126301122858782,0.44479436483237983,24402.0,53663
GA,Oconee,16595,8162,8178.0,3116.0,0.7241012927217992,0.6703154663327544,11294.0,24757
GA,Oglethorpe,5593,2436,3273.0,1048.0,0.7574635501041426,0.6965998256320837,4321.0,8029
GA,Paulding,54525,29704,19958.0,11595.0,0.6325230564447121,0.6473423642688385,31553.0,84229
GA,Peach,6502,5920,2068.0,2598.0,0.44320617231033005,0.5234261793592014,4666.0,12422
GA,Pickens,14075,2808,7114.0,925.0,0.884935937305635,0.8336788485458746,8039.0,16883
GA,Pierce,7899,1100,4253.0,417.0,0.9107066381156317,0.8777641960217802,4670.0,8999
GA,Pike,9127,1505,4210.0,663.0,0.8639441822286066,0.8584462001504891,4873.0,10632
GA,Polk,13589,3658,6432.0,1327.0,0.82897280577394,0.787905142923407,7759.0,17247
GA,Pulaski,2805,1217,1525.0,318.0,0.8274552360282149,0.6974142217802088,1843.0,4022
GA,Putnam,8291,3448,3870.0,1544.0,0.7148134466198744,0.7062782179061249,5414.0,11739
GA,Quitman,604,497,146.0,330.0,0.3067226890756303,0.5485921889191644,476.0,1101
GA,Rabun,7474,1984,3295.0,665.0,0.8320707070707071,0.7902304927045887,3960.0,9458
GA,Randolph,1391,1671,243.0,1262.0,0.16146179401993355,0.4542782495101241,1505.0,3062
GA,Richmond,26781,59124,10678.0,28338.0,0.2736825917572278,0.3117513532390431,39016.0,85905
GA,Rockdale,13012,31244,4421.0,16019.0,0.21629158512720156,0.29401663051337673,20440.0,44256
GA,Schley,1800,462,1103.0,199.0,0.84715821812596,0.7957559681697612,1302.0,2262
GA,Screven,3916,2661,1157.0,1411.0,0.45054517133956384,0.5954082408392884,2568.0,6577
GA,Seminole,2611,1254,984.0,724.0,0.5761124121779859,0.6755498059508409,1708.0,3865
GA,Spalding,18057,11784,7096.0,5073.0,0.5831210452789876,0.6051070674575248,12169.0,29841
GA,Stephens,9368,2385,4461.0,664.0,0.8704390243902439,0.7970730877222837,5125.0,11753
GA,Stewart,801,1182,214.0,558.0,0.2772020725388601,0.4039334341906203,772.0,1983
GA,Sumter,5732,6318,2449.0,3346.0,0.42260569456427954,0.47568464730290455,5795.0,12050
GA,Talbot,1392,2114,460.0,1328.0,0.25727069351230425,0.3970336565887051,1788.0,3506
GA,Taliaferro,360,561,90.0,349.0,0.20501138952164008,0.39087947882736157,439.0,921
GA,Tattnall,6053,2061,3350.0,769.0,0.8133042000485555,0.7459945772738477,4119.0,8114
GA,Taylor,2418,1387,1234.0,671.0,0.6477690288713911,0.6354796320630749,1905.0,3805
GA,Telfair,2825,1487,1196.0,1092.0,0.5227272727272727,0.6551484230055659,2288.0,4312
GA,Terrell,2004,2376,680.0,1204.0,0.3609341825902335,0.4575342465753425,1884.0,4380
GA,Thomas,12954,8708,3380.0,2755.0,0.5509372453137734,0.5980057243098513,6135.0,21662
GA,Tift,10784,5322,4964.0,1853.0,0.7281795511221946,0.6695641375884763,6817.0,16106
GA,Toombs,7872,2939,4065.0,941.0,0.8120255693168198,0.7281472574229951,5006.0,10811
GA,Towns,6384,1550,3244.0,505.0,0.8652974126433716,0.8046382656919586,3749.0,7934
GA,Treutlen,2101,952,1062.0,250.0,0.8094512195121951,0.688175565018015,1312.0,3053
GA,Troup,18143,11578,8652.0,5082.0,0.6299694189602446,0.6104437939504055,13734.0,29721
GA,Turner,2349,1410,1107.0,609.0,0.6451048951048951,0.6249002394253791,1716.0,3759
GA,Twiggs,2370,2044,556.0,1363.0,0.2897342365815529,0.536927956502039,1919.0,4414
GA,Union,12651,2801,5242.0,1038.0,0.8347133757961783,0.8187289671239969,6280.0,15452
GA,Upson,8608,4201,4256.0,1896.0,0.6918075422626788,0.6720274806776485,6152.0,12809
GA,Walker,23174,5769,10439.0,2011.0,0.8384738955823293,0.8006771931036866,12450.0,28943
GA,Walton,37842,12682,15253.0,5187.0,0.7462328767123287,0.7489905787348586,20440.0,50524
GA,Ware,9865,4211,4780.0,1651.0,0.7432747628673613,0.7008383063370276,6431.0,14076
GA,Warren,1166,1469,326.0,919.0,0.26184738955823295,0.4425047438330171,1245.0,2635
GA,Washington,4663,4730,588.0,3825.0,0.13324269204622705,0.4964335143191739,4413.0,9393
GA,Wayne,9987,2687,4964.0,884.0,0.8488372093023255,0.7879911630108885,5848.0,12674
GA,Webster,748,639,70.0,379.0,0.155902004454343,0.5392934390771449,449.0,1387
GA,Wheeler,1583,689,626.0,434.0,0.590566037735849,0.6967429577464789,1060.0,2272
GA,White,12222,2411,6475.0,865.0,0.8821525885558583,0.8352354267750974,7340.0,14633
GA,Whitfield,25636,10670,11335.0,3109.0,0.7847549155358626,0.7061091830551424,14444.0,36306
GA,Wilcox,2403,862,1189.0,307.0,0.7947860962566845,0.7359877488514548,1496.0,3265
GA,Wilkes,2823,2160,915.0,1318.0,0.4097626511419615,0.5665261890427453,2233.0,4983
GA,Wilkinson,2664,2075,890.0,1370.0,0.3938053097345133,0.5621439122177675,2260.0,4739
GA,Worth,6830,2395,3496.0,1074.0,0.7649890590809628,0.740379403794038,4570.0,9225
ID,Ada,130699,120539,21299.0,47519.0,0.3094975151849807,0.5202198711978283,68818.0,251238
ID,Adams,1941,591,0.0,0.0,,0.7665876777251185,0.0,2532
ID,Bannock,23331,14682,4906.0,6329.0,0.4366711170449488,0.613763712414174,11235.0,38013
ID,Bear Lake,2914,350,0.0,0.0,,0.8927696078431373,0.0,3264
ID,Benewah,3878,977,0.0,0.0,,0.7987641606591143,0.0,4855
ID,Bingham,15295,4124,3369.0,1185.0,0.7397891963109354,0.7876306709923271,4554.0,19419
ID,Blaine,4032,8919,660.0,3865.0,0.14585635359116023,0.3113273106323836,4525.0,12951
ID,Boise,3485,1204,0.0,0.0,,0.7432288334399659,0.0,4689
ID,Bonner,18369,8310,4445.0,3388.0,0.5674709562109026,0.6885190599347801,7833.0,26679
ID,Bonneville,37805,14254,5697.0,4278.0,0.5711278195488722,0.7261952784340844,9975.0,52059
ID,Boundary,4937,1220,0.0,0.0,,0.8018515510800714,0.0,6157
ID,Butte,1202,188,0.0,0.0,,0.8647482014388489,0.0,1390
ID,Camas,507,149,0.0,0.0,,0.7728658536585366,0.0,656
ID,Canyon,61759,25881,16074.0,8446.0,0.6555464926590538,0.7046896394340484,24520.0,87640
ID,Caribou,2906,431,0.0,0.0,,0.8708420737189092,0.0,3337
ID,Cassia,7907,1464,2433.0,462.0,0.8404145077720208,0.8437733432931384,2895.0,9371
ID,Clark,264,41,0.0,0.0,,0.8655737704918033,0.0,305
ID,Clearwater,3453,877,1125.0,394.0,0.7406188281764319,0.797459584295612,1519.0,4330
ID,Custer,2089,603,0.0,0.0,,0.7760029717682021,0.0,2692
ID,Elmore,7246,2601,0.0,0.0,,0.7358586371483701,0.0,9847
ID,Franklin,5845,657,0.0,0.0,,0.8989541679483236,0.0,6502
ID,Fremont,5548,998,1393.0,279.0,0.8331339712918661,0.8475404827375497,1672.0,6546
ID,Gem,7951,1803,2166.0,621.0,0.7771797631862217,0.8151527578429363,2787.0,9754
ID,Gooding,4659,1256,1103.0,376.0,0.7457741717376606,0.787658495350803,1479.0,5915
ID,Idaho,7826,1561,0.0,0.0,,0.8337061894108874,0.0,9387
ID,Jefferson,12099,1661,0.0,0.0,,0.8792877906976744,0.0,13760
ID,Jerome,5734,1893,1122.0,475.0,0.7025673137132122,0.7518028058214239,1597.0,7627
ID,Kootenai,62837,24312,12795.0,8973.0,0.5877894156560088,0.7210295011990958,21768.0,87149
ID,Latah,9472,10236,2047.0,5022.0,0.28957419719903804,0.4806170083214938,7069.0,19708
ID,Lemhi,3592,1032,0.0,0.0,,0.7768166089965398,0.0,4624
ID,Lewis,1489,349,0.0,0.0,,0.8101196953210011,0.0,1838
ID,Lincoln,1469,414,0.0,0.0,,0.7801380775358471,0.0,1883
ID,Madison,13559,2666,0.0,0.0,,0.8356856702619414,0.0,16225
ID,Minidoka,6265,1550,1176.0,357.0,0.7671232876712328,0.8016634676903391,1533.0,7815
ID,Nez Perce,13738,6686,2457.0,2518.0,0.49386934673366834,0.6726400313356835,4975.0,20424
ID,Oneida,2148,249,763.0,96.0,0.8882421420256111,0.8961201501877347,859.0,2397
ID,Owyhee,3819,816,0.0,0.0,,0.8239482200647249,0.0,4635
ID,Payette,8862,2161,1729.0,664.0,0.722524028416214,0.8039553660527987,2393.0,11023
ID,Power,2116,865,674.0,313.0,0.6828774062816616,0.7098289164709829,987.0,2981
ID,Shoshone,4216,1693,0.0,0.0,,0.7134878998138433,0.0,5909
ID,Teton,2858,3318,0.0,0.0,,0.46275906735751293,0.0,6176
ID,Twin Falls,25897,9391,5303.0,2952.0,0.6423985463355542,0.7338755384266606,8255.0,35288
ID,Valley,3947,2976,0.0,0.0,,0.5701285569839665,0.0,6923
IN,Adams,10686,3236,4795.0,1246.0,0.7937427578215527,0.7675621318776038,6041.0,13922
IN,Allen,92083,73189,30060.0,27525.0,0.5220109403490493,0.5571603175371509,57585.0,165272
IN,Bartholomew,22410,12934,10140.0,5493.0,0.6486279025139129,0.6340538705296515,15633.0,35344
IN,Benton,9021,3027,1845.0,331.0,0.8478860294117647,0.7487549800796812,2176.0,12048
IN,Blackford,7682,2752,1308.0,623.0,0.677369238736406,0.7362468851830554,1931.0,10434
IN,Boone,22351,15244,8275.0,5003.0,0.6232113270070794,0.5945205479452055,13278.0,37595
IN,Brown,11554,6072,1856.0,1292.0,0.5895806861499364,0.6555089072960399,3148.0,17626
IN,Carroll,14172,4448,2738.0,854.0,0.762249443207127,0.7611170784103115,3592.0,18620
IN,Cass,10552,4304,4187.0,1580.0,0.726027397260274,0.7102854065697362,5767.0,14856
IN,Clark,67336,46186,10610.0,10244.0,0.5087752949074518,0.5931537499339335,20854.0,113522
IN,Clay,18998,5104,2455.0,1161.0,0.6789269911504425,0.7882333416313999,3616.0,24102
IN,Clinton,18668,6722,3788.0,985.0,0.7936308401424681,0.7352500984639622,4773.0,25390
IN,Crawford,6966,2709,1002.0,727.0,0.5795257374204743,0.72,1729.0,9675
IN,Daviess,19152,4338,3949.0,752.0,0.8400340353116358,0.8153256704980842,4701.0,23490
IN,Dearborn,39056,10891,4850.0,1670.0,0.7438650306748467,0.7819488657977456,6520.0,49947
IN,Decatur,19145,4875,3568.0,858.0,0.8061455038409399,0.7970441298917569,4426.0,24020
IN,Dekalb,28474,9932,4861.0,1723.0,0.7383049817739976,0.741394573764516,6584.0,38406
IN,Delaware,26827,20474,8808.0,9282.0,0.4868988391376451,0.5671550284349168,18090.0,47301
IN,Dubois,30066,12584,2629.0,2612.0,0.5016218278954399,0.704947245017585,5241.0,42650
IN,Elkhart,46972,26108,15937.0,8727.0,0.6461644502108336,0.6427476737821566,24664.0,73080
IN,Fayette,15510,4474,2460.0,941.0,0.7233166715671862,0.7761208967173739,3401.0,19984
IN,Floyd,46800,35022,7360.0,7325.0,0.5011916922029281,0.5719733079122974,14685.0,81822
IN,Fountain,12308,3258,2514.0,576.0,0.8135922330097087,0.7906976744186046,3090.0,15566
IN,Franklin,19382,4274,2642.0,824.0,0.762261973456434,0.8193270206290159,3466.0,23656
IN,Fulton,6694,2280,1875.0,711.0,0.7250580046403712,0.7459326944506351,2586.0,8974
IN,Gibson,11817,4023,4288.0,1650.0,0.7221286628494442,0.7460227272727272,5938.0,15840
IN,Grant,18543,8015,7808.0,3122.0,0.7143641354071363,0.6982076963626779,10930.0,26558
IN,Greene,22408,6778,3656.0,1548.0,0.7025365103766333,0.7677653669567601,5204.0,29186
IN,Hamilton,101587,88390,41372.0,28229.0,0.5944167468858206,0.5347331519078625,69601.0,189977
IN,Hancock,57992,25790,8491.0,3343.0,0.717508872739564,0.6921773173235302,11834.0,83782
IN,Harrison,14565,5343,4945.0,2315.0,0.681129476584022,0.7316154309825196,7260.0,19908
IN,Hendricks,53802,32604,14403.0,9055.0,0.6139909625714042,0.6226650927018957,23458.0,86406
IN,Henry,15043,5544,5592.0,2124.0,0.7247278382581649,0.7307038422305339,7716.0,20587
IN,Howard,26449,13303,8340.0,5004.0,0.625,0.6653501710605756,13344.0,39752
IN,Huntington,13147,4255,5770.0,1257.0,0.8211185427636261,0.7554878749569015,7027.0,17402
IN,Jackson,29110,8604,5126.0,1859.0,0.7338582677165354,0.771861908044758,6985.0,37714
IN,Jasper,22766,7596,4180.0,1398.0,0.7493725349587665,0.7498188525130097,5578.0,30362
IN,Jay,12722,3852,2950.0,797.0,0.7872965038697625,0.7675877881018462,3747.0,16574
IN,Jefferson,9663,4731,2744.0,1971.0,0.5819724284199363,0.6713213839099624,4715.0,14394
IN,Jennings,18980,5046,2752.0,1061.0,0.7217414109624968,0.7899775243486223,3813.0,24026
IN,Johnson,51219,24736,14826.0,7297.0,0.6701622745558921,0.6743334869330525,22123.0,75955
IN,Knox,23309,8134,4806.0,2083.0,0.6976339091304979,0.7413096714690074,6889.0,31443
IN,Kosciusko,26499,8364,10000.0,2143.0,0.823519723297373,0.7600894931589364,12143.0,34863
IN,Lagrange,16220,4710,3004.0,703.0,0.8103587806851902,0.774964166268514,3707.0,20930
IN,Lake,91760,124870,18543.0,63664.0,0.22556473293028576,0.42357937497114895,82207.0,216630
IN,Laporte,51994,44854,6374.0,9970.0,0.389990210474792,0.536861886667768,16344.0,96848
IN,Lawrence,31202,9922,6050.0,1569.0,0.7940674629216432,0.7587296955549071,7619.0,41124
IN,Madison,31215,19524,14328.0,10516.0,0.5767187248430204,0.6152072370365991,24844.0,50739
IN,Marion,134175,247772,40933.0,98610.0,0.2933361042832675,0.3512921949904044,139543.0,381947
IN,Marshall,27688,11424,4216.0,1824.0,0.6980132450331126,0.707915729187973,6040.0,39112
IN,Martin,4029,1011,1288.0,534.0,0.7069154774972558,0.799404761904762,1822.0,5040
IN,Miami,21850,6470,3372.0,1079.0,0.7575825657155696,0.7715395480225988,4451.0,28320
IN,Monroe,22071,39861,6814.0,19527.0,0.2586841805550283,0.3563747335787638,26341.0,61932
IN,Montgomery,25318,8426,5537.0,1241.0,0.8169076423723812,0.7502963489805595,6778.0,33744
IN,Morgan,55024,15562,7984.0,2293.0,0.7768804125717622,0.7795313518261412,10277.0,70586
IN,Newton,14826,4527,2070.0,503.0,0.8045083560046639,0.7660827778638971,2573.0,19353
IN,Noble,28390,9320,4526.0,1448.0,0.7576163374623368,0.752850702731371,5974.0,37710
IN,Ohio,2054,668,419.0,223.0,0.6526479750778816,0.7545922116091109,642.0,2722
IN,Orange,12864,4448,2243.0,766.0,0.7454303755400465,0.7430683918669131,3009.0,17312
IN,Owen,14572,4840,2480.0,1121.0,0.6886975840044433,0.7506696888522564,3601.0,19412
IN,Parke,10800,3006,2057.0,733.0,0.7372759856630824,0.7822685788787483,2790.0,13806
IN,Perry,5345,3203,763.0,1423.0,0.34903934126258007,0.6252924660739354,2186.0,8548
IN,Pike,4692,1415,1071.0,642.0,0.6252189141856392,0.7682986736531848,1713.0,6107
IN,Porter,45008,39746,13101.0,19789.0,0.39832775919732444,0.5310427826415273,32890.0,84754
IN,Posey,9206,3811,2269.0,1439.0,0.6119201725997843,0.70722900822002,3708.0,13017
IN,Pulaski,8492,2926,1767.0,484.0,0.7849844513549533,0.74373795761079,2251.0,11418
IN,Putnam,12278,3946,3434.0,1293.0,0.7264649883647134,0.7567800788954635,4727.0,16224
IN,Randolph,16624,5026,2844.0,837.0,0.7726161369193154,0.7678521939953811,3681.0,21650
IN,Ripley,22522,5548,3639.0,979.0,0.7880034647033348,0.8023512646954043,4618.0,28070
IN,Rush,6035,1754,2552.0,501.0,0.8358991156239765,0.7748106303761715,3053.0,7789
IN,Scott,14659,5399,1864.0,1992.0,0.483402489626556,0.7308305912852727,3856.0,20058
IN,Shelby,29136,10046,4586.0,1656.0,0.7347004165331624,0.7436067582052983,6242.0,39182
IN,Spencer,14714,6426,1737.0,1479.0,0.5401119402985075,0.6960264900662252,3216.0,21140
IN,St. Joseph,106328,119792,11149.0,25057.0,0.3079323868971994,0.47022819741730054,36206.0,226120
IN,Starke,14932,5300,1657.0,1293.0,0.5616949152542373,0.7380387504942665,2950.0,20232
IN,Steuben,22654,9026,4325.0,1500.0,0.7424892703862661,0.7150883838383838,5825.0,31680
IN,Sullivan,14379,4598,2069.0,1516.0,0.5771269177126918,0.7577066975812826,3585.0,18977
IN,Switzerland,6266,1928,892.0,448.0,0.6656716417910448,0.7647058823529411,1340.0,8194
IN,Tippecanoe,69162,70034,9874.0,11885.0,0.45378923663771314,0.49686772608408286,21759.0,139196
IN,Tipton,12220,3668,2828.0,659.0,0.8110123315170634,0.7691339375629406,3487.0,15888
IN,Union,2688,736,753.0,315.0,0.7050561797752809,0.7850467289719626,1068.0,3424
IN,Vanderburgh,41844,34415,7743.0,11040.0,0.41223446733748603,0.5487090048387732,18783.0,76259
IN,Vermillion,10368,4290,1458.0,1727.0,0.4577708006279435,0.7073270568972575,3185.0,14658
IN,Vigo,49090,36246,5801.0,10876.0,0.34784433651136293,0.5752554607668511,16677.0,85336
IN,Wabash,10762,3494,3490.0,1213.0,0.7420795237082713,0.7549102132435466,4703.0,14256
IN,Warren,6802,1948,1426.0,289.0,0.8314868804664723,0.7773714285714286,1715.0,8750
IN,Warrick,42652,23846,5883.0,4029.0,0.5935230024213075,0.6414027489548558,9912.0,66498
IN,Washington,18208,5568,2975.0,1226.0,0.708164722685075,0.765814266487214,4201.0,23776
IN,Wayne,17567,9524,6363.0,3326.0,0.6567241201362369,0.6484441327378097,9689.0,27091
IN,Wells,10855,2928,3881.0,1013.0,0.7930118512464241,0.7875643909163462,4894.0,13783
IN,White,15914,6064,3376.0,955.0,0.779496652043408,0.724087724087724,4331.0,21978
IN,Whitley,12862,4234,4877.0,1401.0,0.7768397578846766,0.7523397285914833,6278.0,17096
MA,Barnstable,55311,91994,19866.0,55631.0,0.2631362835609362,0.37548623604086756,75497.0,147305
MA,Berkshire,18064,51705,3115.0,28582.0,0.09827428463261507,0.25891155097536156,31697.0,69769
MA,Bristol,119872,153377,22107.0,78759.0,0.21917197073344832,0.43869144992296405,100866.0,273249
MA,Dukes,2631,9914,638.0,6006.0,0.09602649006622517,0.20972499003587086,6644.0,12545
MA,Essex,144837,267198,35578.0,155282.0,0.18640888609451955,0.35151625468710185,190860.0,412035
MA,Franklin,11201,30030,2325.0,20364.0,0.10247256379743488,0.2716645242657224,22689.0,41231
MA,Hampden,87318,125948,15161.0,62614.0,0.19493410478945677,0.40943235208612716,77775.0,213266
MA,Hampshire,22281,63362,4631.0,43955.0,0.09531552299016177,0.2601613675373352,48586.0,85643
MA,Middlesex,226956,617196,59492.0,403790.0,0.12841422718776038,0.26885679356324454,463282.0,844152
MA,Nantucket,1914,5241,445.0,2599.0,0.1461892247043364,0.26750524109014673,3044.0,7155
MA,Norfolk,125294,273312,33076.0,166787.0,0.16549336295362324,0.31433044158893747,199863.0,398606
MA,Plymouth,121227,173630,31714.0,96151.0,0.24802721620459078,0.4111382805902522,127865.0,294857
MA,Suffolk,58613,270522,10464.0,158991.0,0.06175090732052757,0.17808194206024883,169455.0,329135
MA,Worcester,171683,248773,36148.0,134608.0,0.2116938789852187,0.40832572254885174,170756.0,420456
MS,Adams,5696,7917,1686.0,4162.0,0.28830369357045144,0.4184235657092485,5848.0,13613
MS,Alcorn,12818,2782,2911.0,1305.0,0.6904648956356736,0.8216666666666667,4216.0,15600
MS,Amite,4503,2620,1785.0,1478.0,0.5470425988354275,0.6321774533202302,3263.0,7123
MS,Attala,5178,3542,1616.0,2004.0,0.44640883977900553,0.5938073394495413,3620.0,8720
MS,Benton,2570,1679,607.0,680.0,0.4716394716394716,0.6048481995763709,1287.0,4249
MS,Bolivar,4671,8904,1131.0,4560.0,0.19873484449130205,0.34408839779005523,5691.0,13575
MS,Calhoun,4625,1902,1730.0,912.0,0.6548069644208933,0.7085950666462387,2642.0,6527
MS,Carroll,3924,1729,1083.0,999.0,0.5201729106628242,0.6941447019281797,2082.0,5653
MS,Chickasaw,4175,3810,1268.0,1930.0,0.3964978111319575,0.5228553537883531,3198.0,7985
MS,Choctaw,3001,1185,967.0,644.0,0.6002482929857231,0.7169135212613473,1611.0,4186
MS,Claiborne,603,3772,110.0,1852.0,0.05606523955147808,0.13782857142857144,1962.0,4375
MS,Clarke,5417,2838,2146.0,1509.0,0.587140902872777,0.6562083585705633,3655.0,8255
MS,Clay,4181,5844,1218.0,3200.0,0.2756903576278859,0.4170573566084788,4418.0,10025
MS,Coahoma,2375,6020,228.0,3188.0,0.06674473067915691,0.2829064919594997,3416.0,8395
MS,Copiah,6250,6470,2280.0,3993.0,0.3634624581539933,0.4913522012578616,6273.0,12720
MS,Covington,5854,3416,2182.0,1789.0,0.5494837572399899,0.6314994606256742,3971.0,9270
MS,Desoto,46462,28265,10046.0,11155.0,0.4738455733220131,0.6217565270919481,21201.0,74727
MS,Forrest,17290,13755,6568.0,6586.0,0.4993157974760529,0.5569334836527621,13154.0,31045
MS,Franklin,2923,1480,1225.0,826.0,0.5972696245733788,0.6638655462184874,2051.0,4403
MS,George,9713,1218,3742.0,562.0,0.8694237918215614,0.8885737809898454,4304.0,10931
MS,Greene,4794,966,1764.0,439.0,0.8007262823422605,0.8322916666666667,2203.0,5760
MS,Grenada,6081,4734,1739.0,2323.0,0.4281142294436238,0.5622746185852981,4062.0,10815
MS,Hancock,16132,4504,5264.0,2083.0,0.7164829181979039,0.7817406474122892,7347.0,20636
MS,Harrison,46822,27728,16314.0,12715.0,0.5619897344035275,0.6280617035546613,29029.0,74550
MS,Hinds,25141,73550,7160.0,43924.0,0.14016130295200063,0.25474460690437833,51084.0,98691
MS,Holmes,1369,6588,370.0,3917.0,0.08630744110100304,0.1720497675003142,4287.0,7957
MS,Humphreys,1118,3016,321.0,1865.0,0.14684354986276305,0.27044025157232704,2186.0,4134
MS,Issaquena,308,355,106.0,219.0,0.3261538461538461,0.4645550527903469,325.0,663
MS,Itawamba,9438,1249,3092.0,626.0,0.8316299085529855,0.8831290352765042,3718.0,10687
MS,Jackson,36295,17375,13657.0,8442.0,0.6179917643332278,0.6762623439537917,22099.0,53670
MS,Jasper,4302,4341,1490.0,2487.0,0.37465426200653756,0.49774383894481083,3977.0,8643
MS,Jeff Davis,2534,3599,806.0,2209.0,0.26733001658374794,0.41317462905592695,3015.0,6133
MS,Jefferson,531,3327,143.0,1730.0,0.07634810464495462,0.13763608087091758,1873.0,3858
MS,Jones,21226,8517,8758.0,4268.0,0.672347612467373,0.7136469085162895,13026.0,29743
MS,Kemper,1787,2887,627.0,1448.0,0.30216867469879516,0.3823277706461275,2075.0,4674
MS,Lafayette,12949,10070,2427.0,4541.0,0.3483065442020666,0.5625352969286241,6968.0,23019
MS,Lamar,20704,7340,7431.0,3331.0,0.6904850399553987,0.7382684353159321,10762.0,28044
MS,Lauderdale,17967,12960,6365.0,6046.0,0.5128515026992184,0.5809486856145116,12411.0,30927
MS,Lawrence,4285,2260,1794.0,1385.0,0.564328405158855,0.6546982429335371,3179.0,6545
MS,Leake,5228,3897,1960.0,2175.0,0.4740024183796856,0.572931506849315,4135.0,9125
MS,Lee,24207,12189,6093.0,5635.0,0.5195259208731241,0.665100560501154,11728.0,36396
MS,Leflore,3129,7648,525.0,3257.0,0.13881544156530937,0.29034054003897186,3782.0,10777
MS,Lincoln,11596,5040,4079.0,2677.0,0.6037596210775606,0.6970425583072855,6756.0,16636
MS,Lowndes,13800,13087,3743.0,5893.0,0.38843918638439184,0.5132591958939264,9636.0,26887
MS,Madison,31091,24440,9965.0,13216.0,0.4298779172598249,0.5598854693774649,23181.0,55531
MS,Marion,8273,3787,3643.0,2030.0,0.6421646395205358,0.6859867330016584,5673.0,12060
MS,Marshall,7566,8057,1827.0,4038.0,0.31150895140664964,0.48428598860654165,5865.0,15623
MS,Monroe,11177,5874,3069.0,2859.0,0.5177125506072875,0.6555040760072723,5928.0,17051
MS,Montgomery,2917,2121,904.0,1213.0,0.4270193670288144,0.5789996030170703,2117.0,5038
MS,Neshoba,8320,3260,3055.0,1477.0,0.6740953221535746,0.7184801381692574,4532.0,11580
MS,Newton,6997,3075,2702.0,1576.0,0.6316035530621786,0.6946981731532963,4278.0,10072
MS,Noxubee,1240,4040,317.0,1842.0,0.14682723483094026,0.23484848484848486,2159.0,5280
MS,Oktibbeha,9004,10299,2442.0,4802.0,0.33710657095527335,0.46645599129668963,7244.0,19303
MS,Panola,8060,7403,1996.0,3744.0,0.34773519163763067,0.5212442604927893,5740.0,15463
MS,Pearl River,19595,4148,7278.0,1672.0,0.8131843575418994,0.8252958766794424,8950.0,23743
MS,Perry,4500,1362,1756.0,663.0,0.7259198015708971,0.7676560900716479,2419.0,5862
MS,Pike,8479,8646,3093.0,4249.0,0.42127485698719697,0.4951240875912409,7342.0,17125
MS,Pontotoc,11550,2614,3770.0,1257.0,0.7499502685498309,0.8154476136684552,5027.0,14164
MS,Prentiss,8370,2153,2191.0,1108.0,0.6641406486814186,0.7954005511736197,3299.0,10523
MS,Quitman,1026,2150,112.0,1148.0,0.08888888888888889,0.3230478589420655,1260.0,3176
MS,Rankin,50895,18847,19432.0,9593.0,0.6694918173987942,0.7297611195549311,29025.0,69742
MS,Scott,6285,4330,2328.0,2630.0,0.46954417103670837,0.5920866698068771,4958.0,10615
MS,Sharkey,688,1465,172.0,928.0,0.15636363636363637,0.31955411054342775,1100.0,2153
MS,Simpson,7635,4037,3382.0,2360.0,0.5889933820968304,0.6541295407813571,5742.0,11672
MS,Smith,6458,1791,2440.0,978.0,0.713867758923347,0.7828827736695357,3418.0,8249
MS,Stone,5964,1802,2571.0,851.0,0.7513150204558737,0.7679629152716971,3422.0,7766
MS,Sunflower,2799,6781,574.0,3325.0,0.14721723518850988,0.29217118997912317,3899.0,9580
MS,Tallahatchie,2488,3105,582.0,1734.0,0.25129533678756477,0.44484176649383156,2316.0,5593
MS,Tate,8707,4183,2455.0,1817.0,0.5746722846441947,0.6754848719937936,4272.0,12890
MS,Tippah,8054,1937,2560.0,848.0,0.7511737089201878,0.8061255129616655,3408.0,9991
MS,Tishomingo,7933,1059,2300.0,571.0,0.8011145942180425,0.8822286476868327,2871.0,8992
MS,Tunica,926,2580,90.0,977.0,0.08434864104967198,0.26411865373645177,1067.0,3506
MS,Union,10373,2160,2992.0,983.0,0.7527044025157232,0.827654990824224,3975.0,12533
MS,Walthall,4220,2835,1528.0,1421.0,0.5181417429637165,0.5981573352232459,2949.0,7055
MS,Warren,10365,10442,3339.0,5425.0,0.38099041533546324,0.49814966117172105,8764.0,20807
MS,Washington,5300,12503,1090.0,5613.0,0.16261375503505893,0.2977026343874628,6703.0,17803
MS,Wayne,6307,3624,2575.0,2023.0,0.5600260983036103,0.6350820662571744,4598.0,9931
MS,Webster,4291,1043,1586.0,567.0,0.7366465397120298,0.8044619422572179,2153.0,5334
MS,Wilkinson,1324,2749,376.0,1246.0,0.2318125770653514,0.3250675178001473,1622.0,4073
MS,Winston,5112,4040,1517.0,2137.0,0.4151614668856048,0.5585664335664335,3654.0,9152
MS,Yalobusha,3671,2785,1223.0,1576.0,0.4369417649160414,0.5686183395291202,2799.0,6456
MS,Yazoo,4832,5496,1592.0,2925.0,0.35244631392517156,0.4678543764523625,4517.0,10328
OR,Baker,7352,2346,,,,0.7580944524644256,,9698
OR,Benton,14878,35827,,,,0.2934227393748151,,50705
OR,Clackamas,110509,139043,,,,0.44282955055459383,,249552
OR,Clatsop,10218,12916,,,,0.4416875594363275,,23134
OR,Columbia,17150,13835,,,,0.5534936259480394,,30985
OR,Coos,0,0,,,,,,0
OR,Crook,11287,3801,,,,0.7480779427359491,,15088
OR,Curry,16968,12116,,,,0.5834135607206712,,29084
OR,Deschutes,55646,65962,,,,0.45758502730083545,,121608
OR,Douglas,0,0,,,,,,0
OR,Gilliam,834,324,,,,0.7202072538860104,,1158
OR,Grant,3545,929,,,,0.792355833705856,,4474
OR,Harney,0,0,,,,,,0
OR,Hood River,3955,8764,,,,0.3109521188772702,,12719
OR,Jackson,63869,59478,,,,0.5177993789877338,,123347
OR,Jefferson,7189,4393,,,,0.6207045415299602,,11582
OR,Josephine,0,0,,,,,,0
OR,Klamath,25308,10388,,,,0.7089870013446885,,35696
OR,Lake,3470,792,,,,0.8141717503519474,,4262
OR,Lane,80336,134366,,,,0.3741744371268083,,214702
OR,Lincoln,12460,17385,,,,0.4174903668956274,,29845
OR,Linn,43486,26512,,,,0.6212463213234664,,69998
OR,Malheur,8187,3260,,,,0.7152092251244868,,11447
OR,Marion,79002,80872,,,,0.4941516444199807,,159874
OR,Morrow,3289,1284,,,,0.7192215176033239,,4573
OR,Multnomah,82995,367249,,,,0.18433338367640656,,450244
OR,Polk,23732,22917,,,,0.5087354498488713,,46649
OR,Sherman,921,260,,,,0.7798475867908552,,1181
OR,Tillamook,8354,8066,,,,0.5087697929354446,,16420
OR,Umatilla,21270,10707,,,,0.6651655877662069,,31977
OR,Union,10298,4254,,,,0.7076690489279824,,14552
OR,Wallowa,3404,1625,,,,0.6768741300457347,,5029
OR,Wasco,0,0,,,,,,0
OR,Washington,99073,209940,,,,0.3206111069760819,,309013
OR,Wheeler,711,217,,,,0.7661637931034483,,928
OR,Yamhill,29551,27174,,,,0.5209519612163949,,56725
WA,Adams,3907,1814,1928.0,918.0,0.6774420238931834,0.6829225659849677,2846.0,5721
WA,Asotin,7319,4250,3822.0,2892.0,0.5692582663092046,0.6326389489152044,6714.0,11569
WA,Benton,60365,38706,27512.0,23113.0,0.5434469135802469,0.6093104944938479,50625.0,99071
WA,Chelan,22746,19349,11679.0,12530.0,0.48242389194101365,0.5403492101199667,24209.0,42095
WA,Clallam,23062,24721,12296.0,18644.0,0.3974143503555268,0.4826402695519327,30940.0,47783
WA,Clark,126303,140324,52410.0,86200.0,0.37811124738474855,0.47370671387368873,138610.0,266627
WA,Columbia,1754,668,1009.0,501.0,0.6682119205298013,0.7241948802642444,1510.0,2422
WA,Cowlitz,34424,23938,15553.0,16212.0,0.4896269478986306,0.5898358520955416,31765.0,58362
WA,Douglas,12955,7811,6438.0,4694.0,0.5783327344592166,0.6238563035731484,11132.0,20766
WA,Ferry,2771,1486,1669.0,964.0,0.633877706038739,0.650927883486023,2633.0,4257
WA,Franklin,18039,13340,8318.0,7092.0,0.5397793640493186,0.5748749163453265,15410.0,31379
WA,Garfield,1069,366,551.0,266.0,0.6744186046511628,0.7449477351916376,817.0,1435
WA,Grant,24764,11819,12402.0,6826.0,0.6449968795506553,0.6769264412432003,19228.0,36583
WA,Grays Harbor,19877,17354,8920.0,11616.0,0.43435917413322944,0.5338830544438774,20536.0,37231
WA,Island,22746,29213,11545.0,20881.0,0.35604144822056377,0.43776824034334766,32426.0,51959
WA,Jefferson,6931,17204,3435.0,13812.0,0.1991650721864672,0.2871762999792832,17247.0,24135
WA,King,269167,907310,103865.0,615862.0,0.14431166261651987,0.22879070309066815,719727.0,1176477
WA,Kitsap,61563,90277,28096.0,61594.0,0.3132567733303601,0.40544652265542674,89690.0,151840
WA,Kittitas,14105,11421,6817.0,7497.0,0.47624703087885983,0.5525738462743869,14314.0,25526
WA,Klickitat,7237,5959,4004.0,4155.0,0.49074641500183847,0.5484237647772052,8159.0,13196
WA,Lewis,29391,14520,15041.0,9849.0,0.6042989152269987,0.6693311470929836,24890.0,43911
WA,Lincoln,5150,1713,2932.0,1140.0,0.7200392927308448,0.7504006994025936,4072.0,6863
WA,Mason,18710,17269,9217.0,12076.0,0.43286526088385857,0.520025570471664,21293.0,35979
WA,Okanogan,11840,8900,6393.0,5978.0,0.5167730983752324,0.570877531340405,12371.0,20740
WA,Pacific,6953,6794,3553.0,4805.0,0.4251016989710457,0.5057830799447152,8358.0,13747
WA,Pend Oreille,5728,2593,2916.0,1774.0,0.6217484008528784,0.6883788006249248,4690.0,8321
WA,Pierce,197730,249506,80023.0,151874.0,0.3450799277265338,0.44211557209169206,231897.0,447236
WA,San Juan,3057,9725,1391.0,7372.0,0.1587355928335045,0.2391644500078235,8763.0,12782
WA,Skagit,32762,38252,14971.0,25776.0,0.3674135519179326,0.4613456501534909,40747.0,71014
WA,Skamania,3885,3192,1980.0,2173.0,0.4767637852155069,0.5489614243323442,4153.0,7077
WA,Snohomish,166428,256728,68174.0,163667.0,0.29405497733360364,0.3933017610526614,231841.0,423156
WA,Spokane,148576,135765,66802.0,85806.0,0.4377358985112183,0.5225275285660528,152608.0,284341
WA,Stevens,19808,7839,10467.0,5436.0,0.6581777023203169,0.7164610988534018,15903.0,27647
WA,Thurston,65277,96608,27867.0,65428.0,0.29869767940404096,0.40323068845167864,93295.0,161885
WA,Wahkiakum,1741,1165,909.0,900.0,0.5024875621890548,0.5991052993805919,1809.0,2906
WA,Walla Walla,16400,13690,8090.0,9036.0,0.4723811748219082,0.5450315719508142,17126.0,30090
WA,Whatcom,50489,83660,23563.0,59193.0,0.28472859973899173,0.3763650865828295,82756.0,134149
WA,Whitman,9067,11184,4396.0,6812.0,0.3922198429693076,0.4477309762480865,11208.0,20251
WA,Yakima,50555,43179,24321.0,23412.0,0.5095217145371127,0.5393453816117951,47733.0,93734
WI,Adams,7362,4329,2871.0,2630.0,0.5219051081621523,0.6297151655119323,5501.0,11691
WI,Ashland,3841,4801,1342.0,2629.0,0.3379501385041551,0.444457301550567,3971.0,8642
WI,Barron,15803,9194,5670.0,5131.0,0.5249513933895009,0.6321958635036204,10801.0,24997
WI,Bayfield,4617,6147,2086.0,4064.0,0.3391869918699187,0.4289297658862876,6150.0,10764
WI,Brown,75871,65511,24882.0,32666.0,0.4323695002432752,0.5366383273684061,57548.0,141382
WI,Buffalo,4834,2860,1772.0,1772.0,0.5,0.6282817780088381,3544.0,7694
WI,Burnett,6462,3569,2379.0,1802.0,0.5690026309495336,0.6442029707905493,4181.0,10031
WI,Calumet,18156,12116,6638.0,6791.0,0.4943033732965969,0.599762156448203,13429.0,30272
WI,Chippewa,21317,13983,7941.0,8692.0,0.4774243972825107,0.6038810198300283,16633.0,35300
WI,Clark,10002,4524,4145.0,2925.0,0.5862800565770863,0.6885584469227591,7070.0,14526
WI,Columbia,16927,16410,6630.0,10292.0,0.39179765985108145,0.5077541470438252,16922.0,33337
WI,Crawford,4620,3953,1631.0,2467.0,0.39799902391410447,0.5389012014464015,4098.0,8573
WI,Dane,78800,260185,28898.0,168758.0,0.14620350507953211,0.23245866336268567,197656.0,338985
WI,Dodge,31355,16356,12633.0,9691.0,0.5658932091023114,0.6571859738844291,22324.0,47711
WI,Door,9752,10044,4135.0,6546.0,0.38713603595168994,0.49262477268134974,10681.0,19796
WI,Douglas,10923,13218,3723.0,7013.0,0.34677719821162445,0.4524667577979371,10736.0,24141
WI,Dunn,13173,9897,4590.0,5625.0,0.44933920704845814,0.571001300390117,10215.0,23070
WI,Eau Claire,25341,31620,8893.0,18913.0,0.3198230597712724,0.44488334123347556,27806.0,56961
WI,Florence,2133,781,921.0,471.0,0.6616379310344828,0.7319835277968428,1392.0,2914
WI,Fond Du Lac,35754,20588,13776.0,11644.0,0.5419354838709678,0.6345887614923148,25420.0,56342
WI,Forest,3285,1721,1541.0,1052.0,0.5942923254917084,0.6562125449460647,2593.0,5006
WI,Grant,14142,10998,4633.0,6261.0,0.4252799706260327,0.5625298329355609,10894.0,25140
WI,Green,10169,10851,3654.0,6847.0,0.34796686029901913,0.48377735490009516,10501.0,21020
WI,Green Lake,7168,3344,2894.0,1948.0,0.5976869062370921,0.6818873668188736,4842.0,10512
WI,Iowa,5909,7828,2241.0,4862.0,0.31550049274954245,0.43015214384508993,7103.0,13737
WI,Iron,2438,1533,1279.0,1155.0,0.5254724732949877,0.6139511458071015,2434.0,3971
WI,Jackson,5791,4256,1967.0,2529.0,0.4375,0.5763909624763611,4496.0,10047
WI,Jefferson,27208,19904,11108.0,12250.0,0.4755544139053001,0.5775174053319748,23358.0,47112
WI,Juneau,8749,4746,3352.0,2858.0,0.5397745571658615,0.648314190440904,6210.0,13495
WI,Kenosha,44972,42193,14030.0,21458.0,0.3953449053201082,0.515941031377273,35488.0,87165
WI,Kewaunee,7927,3976,2856.0,2519.0,0.5313488372093024,0.6659665630513316,5375.0,11903
WI,La Crosse,28684,37846,9044.0,20496.0,0.3061611374407583,0.43114384488200813,29540.0,66530
WI,Lafayette,4821,3647,1865.0,2295.0,0.4483173076923077,0.5693197921587152,4160.0,8468
WI,Langlade,7330,3704,2928.0,2050.0,0.5881880273202089,0.664310313576219,4978.0,11034
WI,Lincoln,10017,6261,3831.0,3599.0,0.5156123822341857,0.6153704386288242,7430.0,16278
WI,Manitowoc,27218,16818,10051.0,9752.0,0.5075493612078978,0.6180852030157145,19803.0,44036
WI,Marathon,44624,30808,17870.0,17549.0,0.5045314661622293,0.5915791706437586,35419.0,75432
WI,Marinette,15304,7366,6146.0,4478.0,0.5785015060240963,0.6750771945302162,10624.0,22670
WI,Marquette,5719,3239,2334.0,1883.0,0.5534740336732275,0.6384237553025229,4217.0,8958
WI,Menominee,278,1303,88.0,293.0,0.23097112860892388,0.17583807716635041,381.0,1581
WI,Milwaukee,134357,317270,50181.0,153031.0,0.2469391571363896,0.29749549960476235,203212.0,451627
WI,Monroe,13775,8433,4804.0,4864.0,0.4968969797269342,0.6202719740634006,9668.0,22208
WI,Oconto,16226,6715,6211.0,4142.0,0.5999227277117744,0.7072926201996426,10353.0,22941
WI,Oneida,13671,10105,5522.0,5868.0,0.484811237928007,0.5749915881561238,11390.0,23776
WI,Outagamie,58385,47667,20773.0,26499.0,0.43943560670164156,0.550531814581526,47272.0,106052
WI,Ozaukee,33912,26517,16101.0,15999.0,0.501588785046729,0.5611875093084446,32100.0,60429
WI,Pepin,2584,1489,892.0,924.0,0.4911894273127753,0.6344218021114657,1816.0,4073
WI,Pierce,12815,9796,3921.0,5180.0,0.4308317767278321,0.5667595418159302,9101.0,22611
WI,Polk,16611,9370,6194.0,5099.0,0.5484813601345967,0.6393518340325622,11293.0,25981
WI,Portage,19299,20428,7113.0,12583.0,0.36113931762794477,0.4857905203010547,19696.0,39727
WI,Price,5394,3032,2493.0,2135.0,0.5386776145203112,0.64016140517446,4628.0,8426
WI,Racine,54479,50159,23235.0,27658.0,0.45654608688817716,0.5206425963799002,50893.0,104638
WI,Richland,4871,3995,1676.0,2511.0,0.40028660138524,0.5494022106925333,4187.0,8866
WI,Rock,37138,46658,11240.0,24595.0,0.3136598297753593,0.4431953792543797,35835.0,83796
WI,Rusk,5257,2517,2092.0,1567.0,0.5717409128177098,0.6762284538204271,3659.0,7774
WI,Sauk,17493,18108,7067.0,11753.0,0.3755047821466525,0.4913626021740962,18820.0,35601
WI,Sawyer,5909,4498,2385.0,2399.0,0.4985367892976589,0.567790909964447,4784.0,10407
WI,Shawano,15173,7131,5804.0,3850.0,0.6012015744769008,0.6802815638450502,9654.0,22304
WI,Sheboygan,37609,27101,16701.0,15371.0,0.5207345971563981,0.5811930149899552,32072.0,64710
WI,St. Croix,32199,23190,9811.0,11054.0,0.47021327582075245,0.5813248117857336,20865.0,55389
WI,Taylor,7657,2693,3213.0,1639.0,0.6622011541632317,0.7398067632850241,4852.0,10350
WI,Trempealeau,8833,6285,2757.0,3789.0,0.421173235563703,0.5842704061383781,6546.0,15118
WI,Vernon,8218,7457,3081.0,4713.0,0.39530408006158585,0.524274322169059,7794.0,15675
WI,Vilas,9261,5903,4053.0,3459.0,0.5395367412140575,0.6107227644420997,7512.0,15164
WI,Walworth,33851,22789,13875.0,13018.0,0.5159335142974009,0.5976518361581921,26893.0,56640
WI,Washburn,6334,3867,2606.0,2261.0,0.5354427778919252,0.6209195176943437,4867.0,10201
WI,Washington,60237,26650,28764.0,16239.0,0.6391573895073662,0.6932797771818568,45003.0,86887
WI,Waukesha,159649,103906,77886.0,62186.0,0.5560426066594323,0.6057521200508432,140072.0,263555
WI,Waupaca,18952,9703,7465.0,5776.0,0.5637791707574956,0.6613854475658698,13241.0,28655
WI,Waushara,9016,4388,3663.0,2582.0,0.5865492393915132,0.672635034318114,6245.0,13404
WI,Winnebago,47796,44060,18778.0,25529.0,0.4238156498973074,0.5203361783661383,44307.0,91856
WI,Wood,24308,16365,10573.0,10136.0,0.5105509681780869,0.5976446291151378,20709.0,40673
WV,Barbour,5116,1457,2421.0,1341.0,0.6435406698564593,0.7783356153963182,3762.0,6573
WV,Berkeley,33279,17186,11991.0,9039.0,0.5701854493580599,0.6594471415832756,21030.0,50465
WV,Boone,6816,2041,1813.0,3105.0,0.36864579097193984,0.7695607993677317,4918.0,8857
WV,Braxton,4120,1457,1278.0,1804.0,0.41466580142764436,0.7387484310561233,3082.0,5577
WV,Brooke,7545,2947,2452.0,2968.0,0.45239852398523983,0.719119329012581,5420.0,10492
WV,Cabell,21721,14994,8534.0,9942.0,0.46189651439705565,0.5916110581506197,18476.0,36715
WV,Calhoun,2364,568,777.0,829.0,0.4838107098381071,0.8062755798090041,1606.0,2932
WV,Clay,2679,641,869.0,844.0,0.5072971395213076,0.8069277108433734,1713.0,3320
WV,Doddridge,2619,435,1653.0,323.0,0.8365384615384616,0.8575638506876228,1976.0,3054
WV,Fayette,11580,5063,3700.0,4986.0,0.42597282984112367,0.6957880189869615,8686.0,16643
WV,Gilmer,2012,599,601.0,811.0,0.4256373937677054,0.7705859823822291,1412.0,2611
WV,Grant,4871,607,3064.0,303.0,0.91000891000891,0.889193136181088,3367.0,5478
WV,Greenbrier,10925,4655,4636.0,4024.0,0.5353348729792148,0.7012195121951219,8660.0,15580
WV,Hampshire,8033,1939,3069.0,1459.0,0.6777826855123675,0.8055555555555556,4528.0,9972
WV,Hancock,9806,3790,3531.0,3399.0,0.5095238095238095,0.7212415416298912,6930.0,13596
WV,Hardy,4859,1381,1566.0,1295.0,0.5473610625655365,0.7786858974358974,2861.0,6240
WV,Harrison,20683,9215,7435.0,7976.0,0.4824476023619493,0.6917854037059336,15411.0,29898
WV,Jackson,10093,3207,5005.0,2796.0,0.6415844122548391,0.7588721804511278,7801.0,13300
WV,Jefferson,15033,12127,4731.0,6436.0,0.423658995253873,0.5534977908689249,11167.0,27160
WV,Kanawha,46398,34344,18746.0,24719.0,0.4312895433107098,0.5746451660845656,43465.0,80742
WV,Lewis,5782,1538,2915.0,1668.0,0.6360462579096662,0.7898907103825137,4583.0,7320
WV,Lincoln,6012,1711,1666.0,2060.0,0.44712828770799784,0.7784539686650266,3726.0,7723
WV,Logan,10534,2333,2495.0,2955.0,0.4577981651376147,0.8186834537965337,5450.0,12867
WV,Marion,16300,8901,5263.0,7780.0,0.40351146208694316,0.6467997301694377,13043.0,25201
WV,Marshall,10435,3455,3684.0,3519.0,0.5114535610162433,0.7512598992080634,7203.0,13890
WV,Mason,8491,2526,3810.0,2689.0,0.5862440375442376,0.7707179813016247,6499.0,11017
WV,Mcdowell,5148,1333,893.0,1694.0,0.34518747584074216,0.7943218639098905,2587.0,6481
WV,Mercer,19237,5556,7193.0,4263.0,0.6278805865921788,0.7759044891703303,11456.0,24793
WV,Mineral,10040,2660,4007.0,1696.0,0.702612660003507,0.7905511811023622,5703.0,12700
WV,Mingo,8544,1397,1547.0,2241.0,0.4083949313621964,0.8594708781812694,3788.0,9941
WV,Monongalia,20803,20282,7377.0,12517.0,0.3708153212023726,0.5063405135694292,19894.0,41085
WV,Monroe,5068,1345,2258.0,1219.0,0.6494104112740868,0.7902697645407766,3477.0,6413
WV,Morgan,6537,1998,3732.0,1060.0,0.7787979966611018,0.7659050966608084,4792.0,8535
WV,Nicholas,8279,2226,3208.0,2435.0,0.5684919369129895,0.7881009043312708,5643.0,10505
WV,Ohio,12354,7223,5316.0,5430.0,0.4946957007258515,0.6310466363589927,10746.0,19577
WV,Pendleton,2782,820,916.0,853.0,0.5178066704352742,0.7723486951693503,1769.0,3602
WV,Pleasants,2742,699,1297.0,769.0,0.627783155856728,0.7968613775065388,2066.0,3441
WV,Pocahontas,2895,1047,1278.0,1006.0,0.5595446584938704,0.7343987823439878,2284.0,3942
WV,Preston,11190,3163,5987.0,2509.0,0.7046845574387948,0.7796279523444576,8496.0,14353
WV,Putnam,20034,7878,9223.0,5573.0,0.6233441470667748,0.717755803955288,14796.0,27912
WV,Raleigh,24673,7982,10137.0,7118.0,0.5874818893074472,0.7555657632828051,17255.0,32655
WV,Randolph,8673,3362,3141.0,3701.0,0.4590762934814382,0.7206481096800997,6842.0,12035
WV,Ritchie,3649,586,2309.0,443.0,0.8390261627906976,0.861629279811098,2752.0,4235
WV,Roane,4213,1455,2010.0,1368.0,0.5950266429840142,0.7432956951305575,3378.0,5668
WV,Summers,4074,1448,1484.0,1698.0,0.4663733500942803,0.7377761680550525,3182.0,5522
WV,Taylor,5477,1796,2341.0,1630.0,0.5895240493578444,0.7530592602777396,3971.0,7273
WV,Tucker,2841,938,1348.0,995.0,0.5753307725138711,0.7517861868219106,2343.0,3779
WV,Tyler,3226,631,1974.0,541.0,0.7848906560636183,0.8364013481980814,2515.0,3857
WV,Upshur,7771,2256,4273.0,1662.0,0.719966301600674,0.7750074798045278,5935.0,10027
WV,Wayne,12585,4088,3777.0,4040.0,0.4831776896507612,0.7548131709950219,7817.0,16673
WV,Webster,2759,610,760.0,973.0,0.4385458742065782,0.8189373701395073,1733.0,3369
WV,Wetzel,4993,1539,1727.0,2018.0,0.4611481975967957,0.7643906919779547,3745.0,6532
WV,Wirt,2134,466,884.0,497.0,0.6401158580738595,0.8207692307692308,1381.0,2600
WV,Wood,27202,10926,10200.0,6635.0,0.6058806058806059,0.7134389425094418,16835.0,38128
WV,Wyoming,7353,1157,2255.0,1828.0,0.5522899828557434,0.864042303172738,4083.0,8510
