county,gen_dem_BIDEN,gen_dem_HARRIS,gen_grn_HAWKINS,gen_grn_HAWKINSS,gen_grn_VOTES,gen_grn_WALKER,gen_lib_COHEN,gen_lib_JORGENSE,gen_lib_JORGENSEN,gen_lib_JORGENSON,gen_lib_VOTES,gen_oth_ASSIGNED,gen_oth_BECKETT,gen_oth_BIDEN,gen_oth_BODDIE,gen_oth_BODIE,gen_oth_BUSH,gen_oth_CANDIDATE,gen_oth_CARROLL,gen_oth_CELLA,gen_oth_COHEN,gen_oth_CUELLAR,gen_oth_CUELLER,gen_oth_CUOMO,gen_oth_HARRIS,gen_oth_HAWKINS,gen_oth_HEFLING,gen_oth_HOEFLING,gen_oth_IN,gen_oth_INS,gen_oth_INVALID,gen_oth_JACKSON,gen_oth_JAIRALA,gen_oth_JORGENSEN,gen_oth_LARIVA,gen_oth_LOEB,gen_oth_LOPEZ,gen_oth_MARROW,gen_oth_MONREAL,gen_oth_MORROW,gen_oth_MUSTAINE,gen_oth_OVERVOTES,gen_oth_PATEL,gen_oth_PELTIER,gen_oth_PENCE,gen_oth_PEROT,gen_oth_PRIOR,gen_oth_RIVA,gen_oth_ROBLEDO,gen_oth_RUSSELL,gen_oth_RYAN,gen_oth_SANDERS,gen_oth_STONEHAM,gen_oth_TOTALS,gen_oth_TRUMP,gen_oth_UNCERTIFIED,gen_oth_UNDERVOTES,gen_oth_VOTES,gen_oth_W,gen_oth_WALKER,gen_oth_WELL,gen_oth_WELLS,gen_oth_WEST,gen_rep_PENCE,gen_rep_TRUMP,gen_rep_VOTES,pri_dem_BENNET,pri_dem_BENNETT,pri_dem_BIDEN,pri_dem_BLOOMBERG,pri_dem_BOOKER,pri_dem_BUTLIGIEG,pri_dem_BUTTGIEG,pri_dem_BUTTIEGIEG,pri_dem_BUTTIGIEG,pri_dem_CASTRO,pri_dem_DELANEY,pri_dem_EIDEN,pri_dem_ELY,pri_dem_EYER,pri_dem_FUENTA,pri_dem_FUENTE,pri_dem_GABARD,pri_dem_GABBARD,pri_dem_GUBBARD,pri_dem_GUERRA,pri_dem_INS,pri_dem_ISTVAN,pri_dem_KLOBUCAHR,pri_dem_KLOBUCHAR,pri_dem_KLOUBUCHAR,pri_dem_MATERN,pri_dem_OVERVOTES,pri_dem_PATRICK,pri_dem_PUENTE,pri_dem_SANDERS,pri_dem_STEYER,pri_dem_TRUMP,pri_dem_UNCOMMITTED,pri_dem_UNDERVOTE,pri_dem_UNDERVOTES,pri_dem_VOTES,pri_dem_WALSH,pri_dem_WARREN,pri_dem_WELD,pri_dem_WELLS,pri_dem_WILLIAMSON,pri_dem_YANG,pri_oth_BENNET,pri_oth_BIDEN,pri_oth_BLOOMBERG,pri_oth_BOOKER,pri_oth_BUTTIGIEG,pri_oth_CASTRO,pri_oth_DELANEY,pri_oth_ELY,pri_oth_FUENTE,pri_oth_GABBARD,pri_oth_GUERRA,pri_oth_ISTVAN,pri_oth_KLOBUCHAR,pri_oth_MATERN,pri_oth_PATRICK,pri_oth_SANDERS,pri_oth_STEYER,pri_oth_TRUMP,pri_oth_UNCOMMITTED,pri_oth_VOTES,pri_oth_WALSH,pri_oth_WARREN,pri_oth_WELD,pri_oth_WELLS,pri_oth_WILLIAMSON,pri_oth_YANG,pri_rep_COMPROMETIDO,pri_rep_ELY,pri_rep_ERN,pri_rep_FUENTE,pri_rep_GUERRA,pri_rep_GUERRERA,pri_rep_GUERRRA,pri_rep_INS,pri_rep_ISTVAN,pri_rep_ISTYAN,pri_rep_LSTVAN,pri_rep_MARTERN,pri_rep_MATEM,pri_rep_MATERN,pri_rep_OVERVOTES,pri_rep_TRUMP,pri_rep_UNCOMMITED,pri_rep_UNCOMMITTED,pri_rep_UNDERVOTE,pri_rep_UNDERVOTES,pri_rep_VOTES,pri_rep_WALSH,pri_rep_WELD,gen_total,rep_general_total,dem_general_total,rep_pri_total,dem_pri_total,rep_primary_total,dem_primary_total
Anderson,3955,0,22,0,0,0,0,0,134,0,0,0,0,0,0,0,0,0,5,0,0,0,0,0,0,0,0,1,0,0,0,0,0,0,0,0,0,0,0,0,0,0,0,0,0,0,0,0,0,0,0,0,0,0,0,0,0,0,0,0,0,0,0,0,15110,0,0,0,63,36,3,0,0,0,5,2,0,0,0,0,0,0,0,0,0,0,0,0,0,2,0,0,0,0,0,17,6,0,0,0,0,4,0,5,0,0,0,0,0,0,0,0,0,0,0,0,0,0,0,0,0,0,0,0,0,0,0,0,0,0,0,0,0,0,0,0,0,0,0,0,0,0,0,0,0,0,0,1,0,286,0,9,0,0,1,2,0,19227,15110,3955,299,143,299,143
Andrews,849,0,10,0,0,0,0,0,60,0,0,0,0,0,0,0,0,0,0,0,0,0,0,0,0,0,0,0,0,0,0,0,0,0,0,0,0,0,0,0,0,0,0,0,0,0,0,0,0,0,0,0,0,0,0,0,0,0,0,0,0,0,0,0,4937,0,0,0,81,33,1,0,0,0,3,2,0,0,0,0,0,0,0,0,0,0,0,0,0,2,0,0,0,0,0,84,2,0,0,0,0,0,0,22,0,0,0,1,0,0,0,0,0,0,0,0,0,0,0,0,0,0,0,0,0,0,0,0,0,0,0,0,0,0,0,2,0,0,28,0,0,0,0,0,0,0,0,6,0,2281,0,94,0,0,0,22,9,5856,4937,849,2442,231,2442,231
Angelina,9143,0,75,0,0,0,0,0,274,0,0,0,0,0,0,0,0,0,0,0,0,0,0,0,0,0,0,0,67,0,0,0,0,0,0,0,0,0,0,0,0,0,0,0,0,0,0,0,0,0,0,0,0,0,0,0,0,137,0,0,0,0,0,0,25076,0,10,0,1652,466,3,0,0,0,81,17,8,0,0,0,0,11,0,13,0,0,0,0,0,73,0,0,0,9,0,648,16,0,0,0,0,20,0,213,0,5,15,9,0,0,0,0,0,0,0,0,0,0,0,0,0,0,0,0,0,0,0,0,0,0,0,0,0,0,0,23,0,0,20,0,0,0,5,0,0,0,0,21,0,12166,0,437,0,0,60,79,59,34772,25076,9143,12870,3269,12870,3269
Aransas,0,2916,0,0,0,31,103,0,0,0,0,0,0,0,0,0,0,0,1,0,0,0,0,0,0,0,0,0,0,0,0,0,0,0,0,0,0,0,0,0,0,0,0,0,0,0,0,0,0,0,0,0,0,0,0,0,0,68,0,0,0,0,0,9239,0,0,0,0,504,176,0,0,0,0,67,1,0,0,0,0,0,7,0,5,0,0,0,0,0,55,0,0,0,3,0,222,3,0,0,0,0,20,0,128,0,1,2,5,0,0,0,0,0,0,0,0,0,0,0,0,0,0,0,0,0,0,0,0,0,0,0,0,0,0,0,8,0,0,10,0,0,0,8,0,0,0,0,2,0,3820,0,234,0,0,35,39,25,12358,9239,2916,4181,1199,4181,1199
Archer,0,446,0,0,0,4,45,0,0,0,0,0,0,0,0,0,0,0,0,1,0,0,0,0,0,0,0,0,0,0,0,0,0,0,0,0,0,0,0,0,0,0,0,0,0,0,0,0,0,0,0,0,0,0,0,0,0,0,0,0,0,0,0,4300,0,24,0,0,74,31,1,0,0,0,7,0,0,0,0,0,0,1,0,1,0,0,0,0,0,8,0,0,0,0,0,28,1,0,0,0,0,5,0,15,0,0,0,0,0,0,0,0,0,0,0,0,0,0,0,0,0,0,0,0,0,0,0,0,0,0,0,0,0,0,0,13,0,0,5,0,0,0,5,0,0,0,0,3,0,2455,0,80,0,0,60,18,9,4820,4324,446,2648,172,2648,172
Armstrong,75,0,0,0,0,0,0,0,2,0,0,0,0,0,0,0,0,0,0,0,0,0,0,0,0,0,0,0,0,0,0,0,0,0,0,0,0,0,0,0,0,0,0,0,0,0,0,0,0,0,0,0,0,0,0,0,0,0,0,0,0,0,0,0,1035,0,0,0,11,4,0,0,0,0,0,0,0,0,0,0,0,0,0,1,0,0,0,0,0,1,0,0,0,0,0,10,1,0,0,0,0,0,0,0,0,0,0,0,0,0,0,0,0,0,0,0,0,0,0,0,0,0,0,0,0,0,0,0,0,0,0,0,0,0,0,1,0,0,1,0,0,0,1,0,0,0,0,0,0,676,0,0,11,0,0,5,1,1112,1035,75,696,28,696,28
Atascosa,5876,0,58,0,0,0,0,0,143,0,0,0,0,0,0,0,0,0,0,0,0,0,0,0,0,0,0,0,0,22,0,0,0,0,0,0,0,0,0,0,0,0,0,0,0,0,0,0,0,0,0,0,0,0,0,0,0,95,0,0,0,0,0,0,12039,0,14,0,806,585,2,0,0,0,76,142,6,0,0,0,0,25,0,10,0,0,0,0,0,41,0,0,0,3,0,741,51,0,0,0,0,113,0,207,0,5,9,11,0,0,0,0,0,0,0,0,0,0,0,0,0,0,0,0,0,0,0,0,0,0,0,0,0,0,0,5,0,0,30,0,0,0,2,0,0,0,0,9,0,4220,0,180,0,0,35,27,14,18233,12039,5876,4522,2847,4522,2847
Austin,2951,0,33,0,0,0,0,0,123,0,0,0,0,0,0,0,0,0,0,0,0,0,0,0,0,0,0,0,0,0,0,0,0,0,0,0,0,0,0,0,0,0,0,0,0,0,0,0,0,0,0,0,0,32,0,29,0,0,0,0,0,0,0,0,11447,0,1,0,460,205,2,0,0,0,33,3,2,0,0,0,0,0,0,4,0,0,0,0,0,22,0,0,0,2,0,214,18,0,0,0,0,0,0,54,0,3,2,2,0,0,0,0,0,0,0,0,0,0,0,0,0,0,0,0,0,0,0,0,0,0,0,0,0,0,0,5,0,0,9,0,0,0,2,0,0,0,0,9,0,4662,0,142,0,0,0,22,28,14615,11447,2951,4879,1027,4879,1027
Bailey,409,0,0,0,0,0,0,0,14,0,0,0,0,0,0,0,0,0,1,0,0,0,0,0,0,2,0,0,0,0,0,0,0,0,0,0,0,0,0,0,0,0,0,0,0,0,0,0,0,0,0,0,0,0,0,0,0,0,0,0,0,0,0,0,1434,0,0,0,47,15,0,0,0,0,4,0,1,0,0,0,0,2,0,1,0,0,0,0,0,0,0,0,0,0,0,34,2,0,0,0,0,0,0,11,0,0,0,0,0,0,0,0,0,0,0,0,0,0,0,0,0,0,0,0,0,0,0,0,0,0,0,0,0,0,0,1,0,0,16,0,0,0,1,0,0,0,0,1,0,832,0,51,0,0,0,9,6,1860,1434,409,917,117,917,117
Bastrop,15474,0,128,0,0,0,0,0,531,0,0,0,0,0,0,0,0,0,0,0,0,0,0,0,0,0,0,0,113,0,0,0,0,0,0,0,0,0,0,0,0,0,0,0,0,0,0,0,0,0,0,0,0,0,0,0,0,185,0,0,0,0,0,0,20516,0,7,0,2371,1000,9,0,0,0,324,14,8,0,0,0,0,5,0,27,0,0,0,0,0,224,0,0,0,5,0,2280,85,0,0,0,0,56,0,1000,0,2,1,16,0,0,0,0,0,0,0,0,0,0,0,0,0,0,0,0,0,0,0,0,0,0,0,0,0,0,0,14,0,0,22,0,0,0,5,0,0,0,0,11,0,7672,0,249,0,0,83,56,61,36947,20516,15474,8173,7434,8173,7434
Baylor,183,0,0,0,0,0,0,0,0,0,0,0,0,0,0,0,0,0,2,0,0,0,0,0,0,1,0,0,0,0,0,0,0,17,0,0,0,0,0,0,0,0,0,0,0,0,0,0,0,0,0,0,0,0,0,0,0,0,0,0,0,0,0,0,1494,0,0,0,27,19,0,0,0,0,0,0,0,0,0,0,0,0,0,2,0,0,0,0,0,2,0,0,0,0,0,5,2,0,0,0,0,0,0,6,0,1,0,1,0,0,0,0,0,0,0,0,0,0,0,0,0,0,0,0,0,0,0,0,0,0,0,0,0,0,0,2,0,0,0,0,0,0,1,0,0,0,0,2,0,876,0,33,0,0,0,6,2,1697,1494,183,922,65,922,65
Bell,57014,0,440,0,0,0,0,0,1980,0,0,0,0,0,1,0,0,0,32,2,0,2,0,0,0,0,0,6,0,0,315,0,0,0,0,0,0,0,0,2,0,0,0,0,0,0,0,3,0,0,0,0,0,0,0,0,345,0,0,0,0,0,0,0,67893,0,32,0,7851,2456,34,0,0,0,655,43,21,0,0,0,0,16,0,74,0,0,0,0,0,344,0,0,0,8,0,4798,76,0,0,0,0,73,0,1706,0,12,39,67,0,0,0,0,0,0,0,0,0,0,0,0,0,0,0,0,0,0,0,0,0,0,0,0,0,0,0,29,0,0,89,0,0,0,23,0,0,0,0,39,0,21480,0,869,0,0,97,151,147,128035,67893,57014,22924,18305,22924,18305
Bexar,448452,0,2798,0,0,0,0,0,8837,0,0,0,0,0,0,0,0,0,0,0,0,0,0,0,0,0,0,0,1864,0,0,0,0,0,0,0,0,0,0,0,0,0,0,0,0,0,0,0,0,0,0,0,0,0,0,0,0,3227,0,0,0,0,0,0,308618,0,232,0,49552,26231,191,0,0,0,7437,3274,82,0,0,0,0,193,0,568,0,0,0,0,0,4144,0,0,0,43,0,57051,1278,0,0,0,0,1140,0,21193,0,64,99,476,0,0,0,0,0,0,0,0,0,0,0,0,0,0,0,0,0,0,0,0,0,0,0,0,0,0,0,150,0,0,397,0,0,0,63,0,0,0,0,149,0,75555,0,3089,0,0,457,635,860,773796,308618,448452,81355,173248,81355,173248
Blanco,1911,0,15,0,0,0,0,0,72,0,0,0,0,0,0,0,0,0,0,0,0,0,0,0,0,0,0,0,0,0,0,0,0,0,0,0,0,0,0,0,0,0,0,0,0,0,0,0,0,0,0,0,0,18,0,18,0,18,0,0,0,0,0,0,5443,0,1,0,375,142,0,0,0,0,65,1,0,0,0,0,0,0,0,2,0,0,0,0,0,39,0,0,0,0,0,240,10,0,0,0,0,0,0,164,0,0,0,1,0,0,0,0,0,0,0,0,0,0,0,0,0,0,0,0,0,0,0,0,0,0,0,0,0,0,0,9,0,0,5,0,0,0,0,0,0,0,0,1,0,2232,0,58,0,0,0,7,13,7495,5443,1911,2325,1040,2325,1040
Borden,13,0,0,0,0,0,0,0,0,0,0,0,0,0,0,0,0,0,0,0,0,0,0,0,0,1,0,0,0,0,0,0,0,2,0,0,0,0,0,0,0,0,0,0,0,0,0,0,0,0,0,0,0,0,0,0,0,0,0,0,0,0,0,0,372,0,0,0,2,2,0,0,0,0,0,0,0,0,0,0,0,0,0,0,0,0,0,0,0,1,0,0,0,0,0,1,0,0,0,0,0,0,0,0,0,0,0,0,0,0,0,0,0,0,0,0,0,0,0,0,0,0,0,0,0,0,0,0,0,0,0,0,0,0,0,1,0,0,0,0,0,0,0,0,0,0,0,0,0,235,0,3,0,0,0,1,0,388,372,13,240,6,240,6
Bosque,1561,0,13,0,0,0,0,0,83,0,0,0,0,0,0,0,0,0,0,0,0,0,0,0,0,0,0,0,0,0,0,0,0,0,0,0,0,0,0,0,0,0,0,0,0,0,0,0,0,0,0,0,0,14,0,0,0,0,0,0,0,0,0,0,7469,0,4,0,586,228,26,0,0,0,34,2,8,0,0,0,0,2,0,6,0,0,0,0,0,50,0,0,0,0,0,344,24,0,0,0,0,0,0,138,0,2,2,0,0,0,0,0,0,0,0,0,0,0,0,0,0,0,0,0,0,0,0,0,0,0,0,0,0,0,0,8,0,0,24,0,0,0,2,0,0,0,0,4,0,7306,0,214,0,0,0,40,22,9140,7469,1561,7620,1456,7620,1456
Brazoria,62228,0,0,0,0,0,0,0,1860,0,0,0,0,0,0,0,0,0,28,3,0,1,0,0,0,417,0,5,0,271,0,0,0,0,0,0,0,0,0,2,0,0,0,0,0,0,0,6,0,0,0,0,0,0,0,0,0,0,0,0,0,1,0,0,89876,0,68,0,8904,3138,22,0,0,0,761,21,5,0,0,0,0,30,0,102,0,0,0,0,0,489,0,0,0,4,0,5860,125,0,0,0,0,116,0,2169,0,3,10,71,0,0,0,0,0,0,0,0,0,0,0,0,0,0,0,0,0,0,0,0,0,0,0,0,0,0,0,101,0,0,171,0,0,0,33,0,0,0,0,57,0,33464,0,1282,0,0,318,454,267,154698,89876,62228,36147,21898,36147,21898
Briscoe,78,0,1,0,0,0,0,0,7,0,0,0,0,0,0,0,0,0,0,0,0,0,0,0,0,0,0,0,0,0,0,0,0,0,0,0,0,0,0,0,0,0,0,0,0,0,0,0,0,0,0,0,0,0,0,0,0,0,0,0,0,0,0,0,639,0,0,0,9,5,0,0,0,0,3,1,0,0,0,0,0,2,0,0,0,0,0,0,0,2,0,0,0,0,0,4,1,0,0,0,0,0,0,7,0,0,0,0,0,0,0,0,0,0,0,0,0,0,0,0,0,0,0,0,0,0,0,0,0,0,0,0,0,0,0,0,0,0,5,0,0,0,0,0,0,0,0,0,0,470,0,25,0,0,0,9,2,725,639,78,511,34,511,34
Brooks,1470,0,6,0,0,0,0,0,10,0,0,0,0,0,0,0,0,0,0,0,0,0,0,0,0,0,0,0,0,0,0,0,0,0,0,0,0,0,0,0,0,9,0,0,0,0,0,0,0,0,0,0,0,0,0,0,23,0,0,0,0,0,0,0,998,0,18,0,289,424,3,0,0,0,41,46,10,0,0,0,0,52,0,21,0,0,0,0,0,25,0,0,0,2,0,422,10,0,0,0,0,286,0,65,0,12,7,4,0,0,0,0,0,0,0,0,0,0,0,0,0,0,0,0,0,0,0,0,0,0,0,0,0,0,0,1,0,0,0,0,0,0,0,0,0,0,0,0,0,69,0,1,0,0,3,1,0,2516,998,1470,75,1737,75,1737
Burnet,5639,0,34,0,0,0,0,0,268,0,0,0,0,0,0,0,0,0,2,1,0,0,0,0,0,0,0,5,0,0,0,0,0,0,0,0,0,0,0,1,0,0,0,0,0,0,0,0,0,0,0,0,0,0,0,0,0,208,0,0,0,0,0,0,18767,0,2,0,1028,432,2,0,0,0,119,7,8,0,0,0,0,1,0,13,0,0,0,0,0,90,0,0,0,1,0,579,22,0,0,0,0,0,0,290,0,3,2,3,0,0,0,0,0,0,0,0,0,0,0,0,0,0,0,0,0,0,0,0,0,0,0,0,0,0,0,9,0,0,23,0,0,0,1,0,0,0,0,3,0,6480,0,191,0,0,0,40,28,24925,18767,5639,6775,2602,6775,2602
Caldwell,6672,0,47,0,0,0,0,0,190,0,0,0,0,0,0,0,0,0,0,0,0,0,0,0,0,0,0,0,33,0,0,0,0,0,0,0,0,0,0,0,0,0,0,0,0,0,0,0,0,0,0,0,0,0,0,0,0,0,0,0,0,0,0,0,8031,0,8,0,987,432,2,0,0,0,111,38,4,0,0,0,0,7,0,10,0,0,0,0,0,70,0,0,0,4,0,958,32,0,0,0,0,0,0,320,0,3,3,12,0,0,0,0,0,0,0,0,0,0,0,0,0,0,0,0,0,0,0,0,0,0,0,0,0,0,0,9,0,0,17,0,0,0,1,0,0,0,0,2,0,2969,0,126,0,0,0,27,18,14973,8031,6672,3169,3001,3169,3001
Calhoun,2148,0,0,0,0,0,0,0,0,61,0,0,0,0,0,0,0,0,0,0,0,0,0,0,0,6,0,0,0,0,0,0,0,0,0,0,0,0,0,0,0,0,0,0,0,0,0,0,0,0,0,0,0,0,0,0,0,0,0,0,0,0,0,0,5641,0,3,0,427,159,5,0,0,0,26,5,2,0,0,0,0,3,0,6,0,0,0,0,0,15,0,0,0,0,0,191,12,0,0,0,0,0,0,71,0,0,1,2,0,0,0,0,0,0,0,0,0,0,0,0,0,0,0,0,0,0,0,0,0,0,0,0,0,0,0,2,0,0,10,0,0,0,1,0,0,0,0,9,0,2119,0,59,0,0,0,13,8,7856,5641,2148,2221,928,2221,928
Callahan,0,734,0,0,0,15,71,0,0,0,0,0,0,0,0,0,0,0,0,0,0,0,0,0,0,0,0,0,0,6,0,0,0,0,0,0,0,0,0,0,0,0,0,0,0,0,0,0,0,0,0,0,0,0,0,0,0,0,0,0,0,0,0,6012,0,28,1,0,120,14,0,0,0,0,8,1,0,0,0,0,0,3,0,0,0,0,0,0,0,5,0,0,0,0,0,74,5,0,0,0,0,1,0,20,0,1,1,0,0,0,0,0,0,0,0,0,0,0,0,0,0,0,0,0,0,0,0,0,0,0,0,0,0,0,0,2,0,0,1,0,0,0,1,0,0,0,0,2,0,2382,0,74,0,0,15,10,7,6866,6040,734,2494,254,2494,254
Cameron,64063,0,336,0,0,0,0,0,728,0,0,0,0,0,0,0,0,0,0,0,0,0,0,0,0,0,0,0,167,0,0,0,0,0,0,0,0,0,0,0,0,0,0,0,0,0,0,0,0,0,0,0,0,0,0,0,0,1313,0,0,0,0,0,0,49032,0,286,0,7554,6402,74,0,0,0,1157,967,341,0,0,0,0,606,0,327,0,0,0,0,0,599,0,0,0,108,0,10520,256,0,0,0,0,2881,0,1960,0,75,96,207,0,0,0,0,0,0,0,0,0,0,0,0,0,0,0,0,0,0,0,0,0,0,0,0,0,0,0,21,0,0,98,0,0,0,13,0,0,0,0,40,0,7645,0,289,0,0,105,67,75,115639,49032,64063,8353,34416,8353,34416
Camp,1394,0,0,0,0,0,0,31,0,0,0,0,0,0,0,0,0,0,0,0,0,0,0,0,0,7,0,0,0,0,0,0,0,0,0,0,0,0,0,0,0,0,0,0,0,0,0,0,0,0,0,0,0,0,0,0,0,0,0,0,0,0,0,0,3626,0,5,0,350,114,1,0,0,0,18,0,1,0,0,0,0,1,0,5,0,0,0,0,0,12,0,0,0,0,0,120,5,0,0,0,0,0,0,31,0,1,1,0,0,0,0,0,0,0,0,0,0,0,0,0,0,0,0,0,0,0,0,0,0,0,0,0,0,0,0,0,0,0,8,0,0,0,0,0,0,0,0,2,0,1874,0,75,0,0,0,3,3,5058,3626,1394,1965,665,1965,665
Carson,297,0,3,0,0,0,0,0,37,0,0,0,0,0,0,0,0,0,0,0,0,0,0,0,0,0,0,0,0,0,0,0,0,0,0,0,0,0,0,0,0,0,0,0,0,0,0,0,0,0,0,0,0,0,0,0,0,0,0,0,0,0,0,0,2779,0,1,0,66,18,0,0,0,0,4,0,0,0,0,0,0,1,0,2,0,0,0,0,0,1,0,0,0,0,0,25,0,0,0,0,0,0,0,14,0,0,0,1,0,0,0,0,0,0,0,0,0,0,0,0,0,0,0,0,0,0,0,0,0,0,0,0,0,0,0,0,0,0,3,0,0,0,1,0,0,0,0,2,0,1422,0,25,0,0,0,5,2,3116,2779,297,1460,133,1460,133
Cass,0,0,0,0,0,0,0,0,0,0,0,0,0,2795,0,0,0,0,0,0,0,0,0,0,0,17,0,0,0,0,0,0,0,79,0,0,0,0,0,0,0,0,0,0,0,0,0,0,0,0,0,0,0,0,11033,0,0,75,3,0,0,0,0,0,0,0,6,0,626,151,7,0,0,0,17,3,4,0,0,0,0,0,0,7,0,0,0,0,0,17,0,0,0,1,0,204,21,0,0,0,0,30,0,48,0,1,2,3,0,0,0,0,0,0,0,0,0,0,0,0,0,0,0,0,0,0,0,0,0,0,0,0,0,0,0,8,0,0,8,0,0,0,0,0,0,0,0,6,0,4381,0,80,0,0,81,16,39,14002,0,0,4619,1148,4619,1148
Chambers,3997,0,50,0,0,0,0,0,250,0,0,0,0,0,0,0,0,0,0,0,0,0,0,0,0,0,0,0,0,0,0,0,0,0,0,0,0,0,0,0,0,5,0,0,0,0,0,0,0,0,0,0,0,0,0,0,49,0,0,0,0,0,0,0,17353,0,2,0,506,185,4,0,0,0,48,0,6,0,0,0,0,0,0,4,0,0,0,0,0,33,0,0,0,0,0,342,18,0,0,0,0,19,0,96,0,1,4,4,0,0,0,0,0,0,0,0,0,0,0,0,0,0,0,0,0,0,0,0,0,0,0,0,0,0,0,7,0,0,20,0,0,0,0,0,0,0,0,18,0,7300,0,305,0,0,133,49,25,21704,17353,3997,7857,1272,7857,1272
Cherokee,0,0,0,0,0,0,0,0,0,0,0,0,0,0,0,0,0,0,0,0,161,0,0,0,4210,0,0,0,0,0,0,0,0,0,0,0,0,0,0,0,0,0,0,0,15101,0,0,0,0,0,0,0,0,0,0,0,0,61,0,36,0,0,0,0,0,0,5,0,844,270,1,0,0,0,36,8,0,0,0,0,0,1,0,5,0,0,0,0,0,46,0,0,0,2,0,299,10,0,0,0,0,26,0,108,0,2,1,2,0,0,0,0,0,0,0,0,0,0,0,0,0,0,0,0,0,0,0,0,0,0,0,0,0,0,0,7,0,0,11,0,0,0,6,0,0,0,0,5,0,7547,0,221,0,0,129,31,42,19569,0,0,7999,1666,7999,1666
Clay,614,0,0,0,0,0,0,0,0,0,0,0,0,0,0,0,0,0,0,0,0,0,0,0,0,12,0,0,11,0,0,0,0,46,0,0,0,0,0,0,0,0,0,0,0,0,0,0,0,0,0,0,0,0,0,0,0,0,0,0,0,0,0,0,5069,0,1,0,133,34,0,0,0,0,14,0,0,0,0,0,0,2,0,1,0,0,0,0,0,8,0,0,0,0,0,43,1,0,0,0,0,0,0,29,0,0,2,0,0,0,0,0,0,0,0,0,0,0,0,0,0,0,0,0,0,0,0,0,0,0,0,0,0,0,0,1,0,0,3,0,0,0,2,0,0,0,0,3,0,2771,0,90,0,0,0,20,21,5752,5069,614,2911,268,2911,268
Cochran,176,0,0,0,0,0,0,0,0,0,0,0,0,0,0,0,0,0,0,0,0,0,0,0,0,3,0,0,0,0,0,0,0,11,0,0,0,0,0,0,0,0,0,0,0,0,0,0,0,0,0,0,0,0,0,0,0,0,0,0,0,0,0,0,806,0,0,0,17,4,0,0,0,0,0,0,0,0,0,0,0,0,0,0,0,0,0,0,0,0,0,0,0,0,0,8,0,0,0,0,0,0,0,3,0,0,0,0,0,0,0,0,0,0,0,0,0,0,0,0,0,0,0,0,0,0,0,0,0,0,0,0,0,0,0,0,0,0,7,0,0,0,0,0,0,0,0,1,0,397,0,18,0,0,0,3,2,996,806,176,428,32,428,32
Coke,67,0,2,0,0,0,0,0,5,0,0,0,0,0,0,0,0,0,0,0,0,0,0,0,0,0,0,0,0,0,0,0,0,0,0,0,0,0,0,0,0,0,0,0,0,0,0,0,0,0,0,0,0,0,0,0,0,5,0,0,0,0,0,0,566,0,1,0,26,14,1,0,0,0,6,0,0,0,0,0,0,0,0,0,0,0,0,0,0,3,0,0,0,0,0,12,2,0,0,0,0,0,0,5,0,0,0,1,0,0,0,0,0,0,0,0,0,0,0,0,0,0,0,0,0,0,0,0,0,0,0,0,0,0,0,3,0,0,3,0,0,0,0,0,0,0,0,0,0,818,0,18,0,0,19,11,4,645,566,67,876,71,876,71
Coleman,451,0,9,0,0,0,0,0,23,0,0,0,0,0,0,0,0,0,0,0,0,0,0,0,0,0,0,0,5,0,0,0,0,0,0,0,0,0,0,0,0,0,0,0,0,0,0,0,0,0,0,0,0,0,0,0,0,21,0,0,0,0,0,0,3641,0,0,1,58,14,0,0,0,0,9,0,0,0,0,0,0,0,0,1,0,0,0,0,0,9,0,0,0,0,0,34,0,0,0,0,0,0,0,13,0,0,0,0,0,0,0,0,0,0,0,0,0,0,0,0,0,0,0,0,0,0,0,0,0,0,0,0,0,0,0,2,0,0,12,0,0,0,0,0,0,0,0,5,0,2095,0,61,0,0,0,21,11,4150,3641,451,2207,139,2207,139
Collin,230945,0,1246,0,0,0,0,0,6075,0,0,0,0,0,0,0,0,0,0,0,0,0,0,0,0,0,0,0,0,0,0,0,0,0,0,0,0,0,0,0,0,29,0,0,0,0,0,0,0,0,0,0,0,1775,0,0,2033,0,0,0,0,0,0,0,252318,0,45,0,30128,11277,74,0,0,0,4510,71,27,0,0,0,0,20,0,267,0,0,0,0,0,2133,0,0,0,18,0,25628,516,0,0,0,0,219,0,9631,0,11,31,337,0,0,0,0,0,0,0,0,0,0,0,0,0,0,0,0,0,0,0,0,0,0,0,0,0,0,0,100,0,0,193,0,0,0,50,0,0,0,0,96,0,64574,0,2726,0,0,231,484,762,494421,252318,230945,69216,84943,69216,84943
Colorado,2420,0,19,0,0,0,0,0,50,0,0,0,0,0,0,0,0,0,0,0,0,0,0,0,0,0,0,0,14,0,0,0,0,0,0,0,0,0,0,0,0,0,0,0,0,0,0,0,0,0,0,0,0,0,0,0,0,38,0,0,0,0,0,0,7472,0,9,0,432,146,7,0,0,0,36,6,9,0,0,0,0,5,0,8,0,0,0,0,0,25,0,0,0,4,0,167,12,0,0,0,0,0,0,58,0,3,6,3,0,0,0,0,0,0,0,0,0,0,0,0,0,0,0,0,0,0,0,0,0,0,0,0,0,0,0,7,0,0,7,0,0,0,3,0,0,0,0,6,0,3578,0,125,0,0,0,17,29,10013,7472,2420,3772,936,3772,936
Comal,0,24826,0,0,0,191,1106,0,0,0,0,0,0,0,0,0,0,0,18,0,0,2,0,0,0,0,0,9,0,140,0,0,0,0,0,0,0,0,0,0,0,0,0,0,0,0,0,0,0,0,0,0,0,0,0,0,0,0,0,0,0,0,0,62740,0,184,4,0,3643,1406,12,0,0,0,686,31,17,0,0,0,0,8,0,52,0,0,0,0,0,398,0,0,0,1,0,2417,60,0,0,0,0,39,0,1302,0,2,7,20,0,0,0,0,0,0,0,0,0,0,0,0,0,0,0,0,0,0,0,0,0,0,0,0,0,0,0,22,0,0,40,0,0,0,17,0,0,0,0,22,0,20429,0,743,0,0,86,105,171,89216,62924,24826,21635,10105,21635,10105
Comanche,853,0,0,0,0,0,0,0,49,0,0,0,0,0,0,0,0,0,2,0,0,0,0,0,0,5,0,0,0,0,0,0,0,0,0,0,0,0,0,0,0,0,0,0,0,0,0,0,0,0,0,0,0,0,0,0,0,0,0,0,0,0,0,0,5177,0,0,0,146,85,0,0,0,0,12,4,1,0,0,0,0,1,0,0,0,0,0,0,0,12,0,0,0,0,0,82,7,0,0,0,0,0,0,26,0,1,2,0,0,0,0,0,0,0,0,0,0,0,0,0,0,0,0,0,0,0,0,0,0,0,0,0,0,0,0,6,0,0,9,0,0,0,0,0,0,0,0,8,0,2601,0,101,0,0,0,12,18,6086,5177,853,2755,379,2755,379
Concho,197,0,3,0,0,0,0,0,10,0,0,0,0,0,0,0,0,0,0,0,0,0,0,0,0,0,0,0,0,0,0,0,0,0,0,0,0,0,0,0,0,0,0,0,0,0,0,0,0,0,0,0,0,0,0,0,11,0,0,0,0,0,0,0,1058,0,0,0,27,10,0,0,0,0,2,0,0,0,0,0,0,0,0,0,0,0,0,0,0,0,0,0,0,0,0,19,0,0,0,0,0,4,0,7,0,0,0,0,0,0,0,0,0,0,0,0,0,0,0,0,0,0,0,0,0,0,0,0,0,0,0,0,0,0,0,1,0,0,18,0,0,0,1,0,0,0,0,5,0,709,0,62,0,0,13,10,5,1279,1058,197,824,69,824,69
Crane,241,0,4,0,0,0,0,0,0,0,0,1,0,0,0,0,0,0,0,0,0,0,0,0,0,0,0,0,0,0,0,0,0,10,0,0,0,0,0,0,0,0,0,0,0,0,0,1,0,0,0,0,0,2,0,0,0,0,0,0,0,0,0,0,1247,0,0,0,24,12,1,0,0,0,3,2,0,0,0,0,0,1,0,1,0,0,0,0,0,0,0,0,0,0,0,25,1,0,0,0,0,0,0,4,0,0,0,0,0,0,0,0,0,0,0,0,0,0,0,0,0,0,0,0,0,0,0,0,0,0,0,0,0,0,0,0,0,0,4,0,0,0,3,0,0,0,0,2,0,571,0,23,0,0,0,1,1,1506,1247,241,605,74,605,74
Dallam,197,0,5,0,0,0,0,0,18,0,0,0,0,0,0,0,0,0,0,0,0,0,0,0,0,0,0,0,0,0,0,0,0,0,0,0,0,0,0,0,0,0,0,0,0,0,0,0,0,0,0,0,0,0,0,0,0,0,0,0,0,0,0,0,1389,0,0,0,20,9,1,0,0,0,5,1,0,0,0,0,0,1,0,0,0,0,0,0,0,0,0,0,0,0,0,26,0,0,0,0,0,0,0,3,0,1,0,0,0,0,0,0,0,0,0,0,0,0,0,0,0,0,0,0,0,0,0,0,0,0,0,0,0,0,0,1,0,0,3,0,0,0,0,0,0,0,0,2,0,769,0,30,0,0,0,5,3,1609,1389,197,813,67,813,67
Dallas,598576,0,3667,0,0,0,0,0,9635,0,0,0,0,0,0,0,0,0,0,0,0,0,0,0,0,0,0,0,0,0,0,0,0,0,0,0,0,0,0,0,0,0,0,0,0,0,0,0,0,0,0,0,0,0,0,0,0,0,0,0,0,0,0,0,307076,0,1886,0,98192,32702,1311,0,0,0,9140,446,623,0,0,0,0,156,0,576,0,0,0,0,0,3508,0,0,0,48,0,64842,2295,0,0,0,0,1395,0,23858,0,67,1370,468,0,0,0,0,0,0,0,0,0,0,0,0,0,0,0,0,0,0,0,0,0,0,0,0,0,0,3603,240,0,0,339,0,0,0,82,0,0,0,0,228,0,79499,0,0,0,0,715,786,972,918954,307076,598576,86464,242883,86464,242883
Deaf Smith,0,1264,0,0,0,17,35,0,0,0,0,0,0,0,0,0,0,0,0,0,0,0,0,0,0,0,0,0,0,0,0,0,0,0,0,0,0,0,0,0,0,10,0,0,0,0,0,0,0,0,0,0,0,0,0,0,21,0,0,0,0,0,0,3294,0,0,2,0,133,84,1,0,0,0,6,8,0,0,0,0,0,2,0,1,0,0,0,0,0,0,7,0,0,2,0,85,3,0,0,0,0,0,0,24,0,0,2,5,0,0,0,0,0,0,0,0,0,0,0,0,0,0,0,0,0,0,0,0,0,0,0,0,0,0,0,3,0,0,10,0,0,0,0,0,0,0,0,1,0,1408,0,37,0,0,0,21,8,4641,3294,1264,1488,365,1488,365
Dewitt,1494,0,11,0,0,0,0,0,46,0,0,0,0,0,0,0,0,0,0,0,0,0,0,0,0,0,0,0,0,0,0,0,0,0,0,0,0,0,0,0,0,9,0,0,0,0,0,0,0,0,0,0,0,0,0,0,15,0,0,0,0,0,0,0,6567,0,2,0,237,89,0,0,0,0,15,5,0,0,0,0,0,0,0,0,0,2,0,0,0,15,0,0,0,0,0,109,6,0,0,0,0,8,0,39,0,0,0,1,0,0,0,0,0,0,0,0,0,0,0,0,0,0,0,0,0,0,0,0,0,0,0,0,0,0,0,2,0,0,5,0,0,0,3,0,0,0,0,4,0,2689,0,79,0,0,26,17,15,8142,6567,1494,2840,528,2840,528
Dickens,0,0,0,0,0,0,0,0,0,0,0,0,0,130,0,0,0,0,0,0,0,0,0,0,0,2,0,0,0,0,0,0,0,3,0,0,0,0,0,0,0,0,0,0,0,0,0,0,0,0,0,0,0,0,853,0,0,13,0,0,0,0,0,0,0,0,0,0,16,18,0,0,0,0,2,1,0,0,0,0,0,0,0,0,0,0,0,0,0,2,0,0,0,0,0,8,0,0,0,0,0,1,0,11,0,0,0,0,0,0,0,0,0,0,0,0,0,0,0,0,0,0,0,0,0,0,0,0,0,0,0,0,0,0,0,1,0,0,1,0,0,0,2,0,0,0,0,3,0,458,0,15,0,0,15,4,3,1001,0,0,502,59,502,59
Dimmit,2264,0,8,0,0,0,0,0,10,0,0,0,0,0,0,0,0,0,0,0,0,0,0,0,0,0,0,0,0,0,0,0,0,0,0,0,0,0,0,0,0,0,0,0,0,0,0,0,0,0,0,0,0,0,0,0,0,0,0,0,0,0,0,0,1384,0,35,0,433,536,7,0,0,0,48,201,15,0,0,0,0,122,0,20,0,0,0,0,0,28,0,0,0,7,0,688,37,0,0,0,0,0,0,97,0,14,22,28,0,0,0,0,0,0,0,0,0,0,0,0,0,0,0,0,0,0,0,0,0,0,0,0,0,0,0,0,0,0,0,0,0,0,0,0,0,0,0,0,0,0,0,0,0,0,0,0,0,3666,1384,2264,0,2338,0,2338
El Paso,178126,0,0,0,0,0,0,0,0,0,0,0,0,0,0,0,0,0,0,0,0,0,0,0,0,1445,0,0,0,0,0,0,0,2746,0,0,0,0,0,0,0,375,0,0,0,0,0,0,0,0,0,0,0,567,0,0,1414,0,0,0,0,0,0,0,84331,0,305,0,19363,14090,89,0,0,0,2332,594,261,0,0,0,0,211,0,368,0,0,0,0,0,1133,0,0,0,86,0,24851,218,0,0,0,0,1254,0,4198,0,78,133,224,0,0,0,0,0,0,0,0,0,0,0,0,0,0,0,0,0,0,0,0,0,0,0,0,0,0,0,43,0,0,153,0,0,0,17,0,0,0,0,88,0,16913,0,833,0,0,119,134,223,269004,84331,178126,18523,69788,18523,69788
Ellis,27565,0,220,0,0,0,0,0,954,0,0,0,0,0,0,0,0,0,0,0,0,0,0,0,0,0,0,0,232,0,0,0,0,0,0,0,0,0,0,0,0,0,0,0,0,0,0,0,0,0,0,0,0,0,0,0,0,0,0,0,0,0,0,0,56717,0,10,0,4480,1401,43,0,0,0,310,37,2,0,0,0,0,9,0,24,0,0,0,0,0,163,0,0,0,10,0,2388,81,0,0,0,0,25,0,749,0,12,7,22,0,0,0,0,0,0,0,0,0,0,0,0,0,0,0,0,0,0,0,0,0,0,0,0,0,0,0,55,0,0,101,0,0,0,19,0,0,0,0,18,0,21203,0,854,0,0,84,145,111,85688,56717,27565,22590,9773,22590,9773
Erath,2916,0,35,0,0,0,0,0,218,0,0,0,0,0,0,0,0,0,0,0,0,0,0,0,0,0,0,0,24,0,0,0,0,0,0,0,0,0,0,0,0,0,0,0,0,0,0,0,0,0,0,0,0,0,0,0,0,53,0,0,0,0,0,0,13684,0,1,0,376,154,0,0,0,0,58,6,2,0,0,0,0,1,0,1,0,0,0,0,0,31,0,0,0,0,0,325,11,0,0,0,0,0,0,142,0,1,0,2,0,0,0,0,0,0,0,0,0,0,0,0,0,0,0,0,0,0,0,40,0,0,0,0,0,0,0,12,0,0,27,0,0,0,10,0,0,0,0,12,0,7031,0,324,0,0,0,65,55,16930,13684,2916,7536,1111,7536,1111
Falls,1899,0,13,0,0,0,0,0,44,0,0,0,0,0,0,0,0,0,0,0,0,0,0,0,0,0,0,0,0,0,0,0,0,0,0,0,0,0,0,0,0,8,0,0,0,0,0,0,0,0,0,0,0,0,0,0,17,0,0,0,0,0,0,0,4177,0,1,0,349,156,3,0,0,0,11,0,8,0,0,0,0,2,0,3,0,0,0,0,0,4,0,0,0,0,0,139,3,0,0,0,0,12,0,43,0,0,2,1,0,0,0,0,0,0,0,0,0,0,0,0,0,0,0,0,0,0,0,0,0,0,0,0,0,0,0,4,0,0,6,0,0,0,0,0,0,0,0,3,0,1671,0,46,0,0,26,10,2,6158,4177,1899,1768,737,1768,737
Fannin,2655,0,23,0,0,0,0,0,155,0,0,0,0,0,0,0,0,0,3,0,0,0,0,0,0,0,0,0,0,0,0,0,0,0,0,0,0,0,0,0,0,0,0,0,0,0,0,0,0,0,0,0,0,0,0,0,0,0,0,0,0,0,0,0,12171,110,0,0,417,180,0,0,0,0,52,2,3,0,0,0,0,3,0,5,0,0,0,0,0,25,0,0,0,1,0,191,17,0,0,0,0,25,0,80,0,5,1,2,0,0,0,0,0,0,0,0,0,0,0,0,0,0,0,0,0,0,0,0,0,0,0,0,0,0,0,4,0,0,12,0,0,0,4,0,0,0,0,13,0,5010,0,185,0,0,121,53,15,15117,12281,2655,5417,1009,5417,1009
Fayette,2661,0,26,0,0,0,0,0,0,0,0,0,0,0,0,0,0,0,0,0,0,0,0,0,0,0,0,0,0,0,0,0,0,83,0,0,0,0,0,0,0,0,0,0,0,0,0,0,0,0,0,0,0,39,0,0,0,0,0,0,0,0,0,0,10170,0,11,0,529,235,1,0,0,0,41,4,0,0,1,0,0,1,0,6,0,1,0,0,0,39,0,2,0,1,0,228,13,380,11,0,0,0,6,117,0,0,2,2,0,0,0,0,0,0,0,0,0,0,0,0,0,0,0,0,0,0,0,0,0,0,0,0,0,0,0,7,0,0,13,0,0,0,1,0,0,0,0,7,0,4393,0,126,0,0,0,28,18,12979,10170,2661,4593,1631,4593,1631
Fisher,352,0,0,0,0,0,0,0,0,0,0,0,0,0,0,0,0,0,0,0,0,0,0,0,0,5,0,0,0,0,0,0,0,21,0,0,0,0,0,0,0,0,0,0,0,0,0,0,0,0,0,0,0,0,0,0,0,0,0,0,0,0,0,0,1448,0,0,0,81,18,0,0,0,0,6,0,0,0,0,0,0,0,0,0,2,0,0,0,0,8,0,0,0,1,0,29,6,0,0,0,0,0,0,10,0,0,0,0,0,0,0,0,0,0,0,0,0,0,0,0,0,0,0,0,0,0,0,0,0,0,0,0,0,0,0,1,0,0,1,0,0,0,0,0,0,0,0,0,0,584,15,0,0,0,0,4,1,1826,1448,352,606,161,606,161
Floyd,0,438,0,0,0,2,15,0,0,0,0,0,0,0,0,0,0,0,0,0,0,0,0,0,0,0,0,0,0,1,0,0,0,0,0,0,0,0,0,0,0,0,0,0,0,0,0,0,0,0,0,0,0,0,0,0,0,0,0,0,0,0,0,1584,0,0,3,0,53,15,0,0,0,0,5,1,1,0,0,0,0,1,0,0,0,0,0,0,0,2,0,0,0,0,0,20,1,0,0,0,0,8,0,7,0,2,0,0,0,0,0,0,0,0,0,0,0,0,0,0,0,0,0,0,0,0,0,0,0,0,0,0,0,0,0,0,0,0,10,0,0,0,0,0,0,0,0,3,0,854,0,69,0,0,61,11,6,2040,1584,438,1014,119,1014,119
Franklin,804,0,8,0,0,0,0,0,0,0,0,0,0,0,0,0,0,0,0,0,0,0,0,0,0,0,0,0,0,0,0,0,0,36,0,0,0,0,0,0,0,0,0,0,0,0,0,0,0,0,0,0,0,0,0,0,0,0,0,0,0,0,0,0,4161,0,3,0,188,69,0,0,0,0,17,0,0,0,0,0,0,0,0,1,0,0,0,0,0,10,0,0,0,1,0,58,0,0,0,0,0,0,0,22,0,1,2,0,0,0,0,0,0,0,0,0,0,0,0,0,0,0,0,0,0,0,0,0,0,0,0,0,0,0,0,1,0,0,2,0,0,0,1,0,0,0,0,1,0,1662,0,24,0,0,0,11,4,5009,4161,804,1706,372,1706,372
Frio,0,0,0,0,0,0,0,0,0,0,0,0,0,2488,0,0,0,0,0,0,0,0,0,0,0,9,0,0,0,0,0,0,0,23,0,0,0,0,0,0,0,0,0,0,0,0,0,0,0,0,0,0,0,0,2823,0,0,0,0,0,0,0,0,0,0,0,13,0,515,539,19,0,0,0,44,265,19,0,0,0,0,44,0,33,0,0,0,0,0,74,0,0,0,9,0,699,56,0,0,0,0,0,0,153,0,19,9,27,0,0,0,0,0,0,0,0,0,0,0,0,0,0,0,0,0,0,0,0,0,0,0,0,0,0,0,1,0,0,7,0,0,0,0,0,0,0,0,2,0,397,0,9,0,0,0,1,3,5343,0,0,420,2537,420,2537
Galveston,58842,0,393,0,0,0,0,0,1913,0,0,0,0,0,0,0,0,0,1,0,0,0,0,0,0,0,0,0,0,0,0,0,0,0,0,0,0,0,0,0,0,0,0,0,0,0,0,0,0,0,0,0,0,0,0,0,0,0,0,0,0,0,0,0,93911,0,115,0,9278,2958,31,0,0,0,1023,103,10,0,0,0,0,5,0,80,0,0,0,0,0,539,0,0,0,13,0,5504,188,0,0,0,0,170,0,2449,0,8,18,50,0,0,0,0,0,0,0,0,0,0,0,0,0,0,0,0,0,0,0,0,0,0,0,0,0,0,0,16,0,0,61,0,0,0,15,0,0,0,0,34,0,27075,0,956,0,0,136,236,216,155060,93911,58842,28745,22542,28745,22542
Glasscock,39,0,0,0,0,0,0,0,0,0,0,0,0,0,0,0,0,0,0,0,0,0,0,0,0,0,0,0,0,0,0,0,0,3,0,0,0,0,0,0,0,0,0,0,0,0,0,0,0,0,0,0,0,0,0,0,0,0,0,0,0,0,0,0,611,0,0,0,3,4,0,0,0,0,0,0,0,0,0,0,0,0,0,0,0,0,0,0,0,0,0,0,0,0,0,6,0,0,0,0,0,0,0,0,0,0,0,0,0,0,0,0,0,0,0,0,0,0,0,0,0,0,0,0,0,0,0,0,0,0,0,0,0,0,0,0,0,0,0,0,0,0,0,0,0,0,0,0,0,354,0,3,0,0,0,0,0,653,611,39,357,13,357,13
Goliad,690,0,2,0,0,0,0,0,9,0,0,0,0,0,0,0,0,0,0,0,0,0,0,0,0,0,0,0,0,0,0,0,0,0,0,0,0,0,0,0,0,0,0,0,0,0,0,0,0,0,0,0,0,0,0,0,0,0,0,0,0,0,0,0,1667,0,3,0,187,66,0,0,0,0,14,7,0,0,0,0,0,1,0,1,0,0,0,0,0,6,0,0,0,0,0,63,3,0,0,0,0,7,0,26,0,0,1,0,0,0,0,0,0,0,0,0,0,0,0,0,0,0,0,0,0,0,0,0,0,0,0,0,0,0,0,4,0,0,14,0,0,0,0,0,0,0,0,1,0,1357,0,36,0,0,34,9,4,2368,1667,690,1459,385,1459,385
Gonzales,1948,0,0,0,0,0,0,0,0,0,0,0,0,0,0,0,0,0,0,0,0,0,0,0,0,15,0,0,0,0,0,0,0,57,0,0,0,0,0,0,0,0,0,0,0,0,0,0,0,0,0,0,0,0,0,0,0,0,0,0,0,0,0,0,5627,0,3,0,239,135,2,0,0,0,26,14,2,0,0,0,0,1,0,3,0,0,0,0,0,8,0,0,0,4,0,129,9,0,0,0,0,0,0,40,0,2,9,3,0,0,0,0,0,0,0,0,0,0,0,0,0,0,0,0,0,0,0,0,0,0,0,0,0,0,0,12,0,0,32,0,0,0,8,0,0,0,0,12,0,2990,0,232,0,0,0,27,26,7647,5627,1948,3339,629,3339,629
Grayson,14506,0,136,0,0,0,0,0,634,0,0,0,0,0,0,0,0,0,0,0,0,0,0,0,0,0,0,0,137,0,0,0,0,0,0,0,0,0,0,0,0,0,0,0,0,0,0,0,0,0,0,0,0,0,0,0,0,0,0,0,0,0,0,0,44163,0,5,0,2381,1018,9,0,0,0,238,6,5,0,0,0,0,3,0,20,0,0,0,0,0,143,0,0,0,3,0,1548,28,0,0,0,0,0,0,514,0,4,5,14,0,0,0,0,0,0,0,0,0,0,0,0,0,0,0,0,0,0,0,0,0,0,0,0,0,0,0,8,0,0,36,0,0,0,4,0,0,0,0,26,0,13470,0,391,0,0,0,85,47,59576,44163,14506,14067,5944,14067,5944
Grimes,0,2833,0,0,0,30,118,0,0,0,0,0,0,0,0,0,0,0,0,1,0,0,0,0,0,0,0,0,0,0,0,0,0,0,0,0,0,0,0,0,0,0,0,0,0,0,0,0,0,0,0,0,0,0,0,0,0,0,0,0,0,0,0,9432,0,0,2,0,503,177,4,0,0,0,31,3,1,0,0,0,0,6,0,2,0,0,0,0,0,11,0,0,0,1,0,246,16,0,0,0,0,0,0,90,0,5,2,1,0,0,0,0,0,0,0,0,0,0,0,0,0,0,0,0,0,0,0,0,0,0,0,0,0,0,0,5,0,0,12,0,0,0,1,0,0,0,0,27,0,3821,0,88,0,0,0,20,9,12414,9432,2833,3983,1101,3983,1101
Guadalupe,28805,0,211,0,0,0,0,0,1023,0,0,0,0,0,0,0,0,166,0,0,0,0,0,0,0,0,0,0,0,0,0,0,0,0,0,0,0,0,0,0,0,0,0,0,0,0,0,0,0,0,0,0,0,0,0,0,0,258,0,0,0,0,0,0,47553,0,15,0,3812,1402,8,0,0,0,400,65,7,0,0,0,0,3,0,37,0,0,0,0,0,249,0,0,0,1,0,2837,87,0,0,0,0,36,0,1088,0,12,9,25,0,0,0,0,0,0,0,0,0,0,0,0,0,0,0,0,0,0,0,0,0,0,0,0,0,0,0,15,0,0,70,0,0,0,6,0,0,0,0,49,0,16023,0,890,0,0,108,81,131,78016,47553,28805,17373,10093,17373,10093
Hale,0,2279,0,0,39,31,97,0,0,0,0,0,0,0,0,0,0,0,2,0,0,0,0,0,0,0,0,0,0,13,0,0,0,0,0,0,0,0,0,0,0,0,0,0,0,0,0,0,0,0,0,0,0,0,0,0,0,0,0,0,0,0,0,7177,0,0,7,0,243,111,2,0,0,0,25,10,0,0,0,0,0,2,0,3,0,0,0,0,0,18,0,0,0,0,0,171,3,0,0,0,0,5,0,47,0,0,3,3,0,0,0,0,0,0,0,0,0,0,0,0,0,0,0,0,0,0,0,0,0,0,0,0,0,0,0,5,0,0,8,0,0,0,1,0,0,0,0,4,0,2463,0,64,0,0,1,12,16,9638,7177,2279,2574,653,2574,653
Hall,168,0,1,0,0,0,0,0,0,0,0,0,0,0,0,0,0,0,0,1,0,0,0,0,0,0,0,0,0,0,0,0,0,4,0,0,0,0,0,0,0,0,0,0,0,0,0,0,0,0,0,0,0,0,0,0,0,0,0,0,0,0,0,0,995,0,0,0,42,20,0,0,1,0,0,1,0,0,0,0,0,0,0,1,0,0,0,0,0,0,0,0,0,0,0,18,1,0,0,0,0,0,0,0,0,0,1,0,0,0,0,0,0,0,0,0,0,0,0,0,0,0,0,0,0,0,0,0,0,0,0,0,0,0,0,0,0,0,1,0,0,0,1,0,0,0,0,1,0,483,0,5,0,0,0,3,1,1169,995,168,495,85,495,85
Hardin,0,3474,0,0,0,27,276,0,0,0,0,0,0,0,0,0,0,0,0,0,0,0,0,0,0,0,0,0,0,0,0,0,0,0,0,0,0,0,0,0,0,0,0,0,0,0,0,0,0,0,0,0,0,0,0,0,0,0,0,0,0,0,0,23858,0,0,4,0,692,222,2,0,0,0,48,9,19,0,0,0,0,1,0,4,0,0,0,0,0,28,0,0,0,0,0,285,3,0,0,0,0,0,0,88,0,2,2,7,0,0,0,0,0,0,0,0,0,0,0,0,0,0,0,0,0,0,0,0,0,0,0,0,0,0,0,1,0,0,2,0,0,0,2,0,0,0,0,7,0,8808,0,148,0,0,0,30,17,27635,23858,3474,9015,1416,9015,1416
Harris,918193,0,5129,0,0,0,0,0,0,0,0,0,0,0,1,0,0,0,0,0,0,3,0,0,0,0,0,26,0,0,0,0,0,16819,0,2,0,0,0,1,0,0,0,0,0,0,0,11,0,0,0,0,0,0,0,0,0,15868,0,0,0,3,0,0,700630,0,2636,0,121866,47459,595,0,0,0,10500,699,380,0,0,0,0,276,0,1002,0,0,0,0,0,6081,0,0,136,309,0,92158,2069,0,0,0,5046,0,0,35891,0,131,343,919,0,0,0,0,0,0,0,0,0,0,0,0,0,0,0,0,0,0,0,0,0,0,0,0,0,0,0,587,0,0,710,0,0,0,154,0,0,0,0,323,18,181894,0,6884,0,2078,0,1282,1793,1656686,700630,918193,195723,328496,195723,328496
Harrison,7908,0,42,0,0,0,0,0,294,0,0,0,0,0,0,0,0,0,0,0,0,0,0,0,0,0,0,0,0,0,0,0,0,0,0,0,0,0,0,0,0,0,0,0,0,0,0,0,0,0,0,0,0,0,0,0,0,152,7,0,0,0,0,0,21466,0,7,0,1675,614,14,0,0,0,80,4,7,0,0,0,0,6,0,13,0,0,0,0,0,75,0,0,0,3,0,617,16,0,0,0,0,55,0,204,0,3,9,2,0,0,0,0,0,0,0,0,0,0,0,0,0,0,0,0,0,0,0,0,0,0,0,0,0,0,0,5,0,0,10,0,0,0,2,0,0,0,0,3,0,8193,0,183,0,0,71,40,33,29869,21466,7908,8540,3404,8540,3404
Hartley,195,0,1,0,0,0,0,0,14,0,0,0,0,0,0,0,0,0,0,0,0,0,0,0,0,0,0,0,0,0,0,0,0,0,0,0,0,0,0,0,0,0,0,0,0,0,0,0,0,0,0,0,0,0,0,0,0,0,0,0,0,0,0,0,1868,0,0,0,36,12,0,0,0,0,1,1,0,0,0,0,0,0,0,0,0,0,0,0,0,0,0,0,0,0,0,11,0,0,0,0,0,2,0,7,0,0,0,0,0,0,0,0,0,0,0,0,0,0,0,0,0,0,0,0,0,0,0,0,0,0,0,0,0,0,0,1,0,0,7,0,0,0,0,0,0,0,0,1,0,1089,0,34,0,0,11,5,1,2078,1868,195,1149,70,1149,70
Hays,59524,0,418,0,0,0,0,0,0,0,0,0,0,0,0,0,0,0,27,3,0,0,0,0,0,0,0,2,0,0,0,0,0,1735,0,0,0,0,0,0,0,0,0,0,0,0,0,6,0,0,0,0,0,0,0,0,0,0,0,0,0,0,0,0,47680,0,12,0,7092,2134,11,0,0,0,1231,102,3,0,0,0,0,8,0,111,0,0,0,0,0,727,0,0,0,4,0,9817,199,0,0,0,0,115,0,3877,0,8,9,46,0,0,0,0,0,0,0,0,0,0,0,0,0,0,0,0,0,0,0,0,0,0,0,0,0,0,0,32,0,0,53,0,0,0,10,0,0,0,0,36,0,14248,0,612,0,0,176,228,196,109395,47680,59524,15591,25506,15591,25506
Hemphill,206,0,3,0,0,0,0,0,25,0,0,0,0,0,0,0,0,0,0,0,0,0,0,0,0,0,0,0,0,0,0,0,0,0,0,0,0,0,0,0,0,1,0,0,0,0,0,0,0,0,0,0,0,2,0,0,5,0,0,0,0,0,0,0,1486,0,0,0,39,14,0,0,0,0,3,0,0,0,0,0,0,0,0,2,0,0,0,0,0,2,0,0,0,0,0,8,0,0,0,0,0,0,0,6,0,0,0,0,0,0,0,0,0,0,0,0,0,0,0,0,0,0,0,0,0,0,0,0,0,0,0,0,0,0,0,0,0,0,2,0,0,0,0,0,0,0,0,0,0,768,0,24,0,0,0,4,7,1728,1486,206,805,74,805,74
Henderson,7060,0,0,0,0,0,0,0,0,0,0,0,0,0,0,0,0,0,0,0,0,0,0,0,0,75,0,0,58,0,0,0,0,264,0,0,0,0,0,0,0,0,0,0,0,0,0,0,0,0,0,0,0,0,0,0,0,124,0,0,0,0,0,0,28911,0,10,0,1389,529,3,0,0,0,127,1,8,0,0,0,0,4,0,15,0,0,0,0,0,64,0,0,0,2,0,594,41,0,0,0,0,0,0,223,0,1,8,2,0,0,0,0,0,0,0,0,0,0,0,0,0,0,0,0,0,0,0,0,0,0,0,0,0,0,0,26,0,0,14,0,0,0,3,0,0,0,0,7,0,11381,0,283,0,0,0,43,65,36492,28911,7060,11822,3021,11822,3021
Hill,2860,0,26,0,0,0,0,0,119,0,0,0,0,0,0,0,0,0,0,0,0,0,0,0,0,0,0,0,0,0,0,0,0,0,0,0,0,0,0,0,0,0,0,0,0,0,0,0,0,0,0,0,0,0,0,0,0,62,0,0,0,0,0,0,11926,0,3,0,559,248,0,0,0,0,53,2,3,0,0,0,0,0,0,3,0,0,0,0,0,22,0,0,0,0,0,284,10,0,0,0,0,0,0,88,0,0,0,2,0,0,0,0,0,0,0,0,0,0,0,0,0,0,0,0,0,0,0,0,0,0,0,0,0,0,0,4,0,0,13,0,0,0,3,0,0,0,0,6,0,5255,0,135,0,0,0,52,27,14993,11926,2860,5495,1277,5495,1277
Hood,5701,0,73,0,0,0,0,0,319,0,0,0,0,0,0,0,0,0,0,0,0,0,0,0,0,0,0,0,63,0,0,0,0,0,0,0,0,0,0,0,0,0,0,0,0,0,0,0,0,0,0,0,0,0,0,0,0,92,0,0,0,0,0,0,26672,0,8,0,943,453,1,0,0,0,134,4,1,0,0,0,0,1,0,7,0,0,0,0,0,85,0,0,0,0,0,508,26,0,0,0,0,0,0,214,0,1,3,2,0,0,0,0,0,0,0,0,0,0,0,0,0,0,0,0,0,0,0,0,0,0,0,0,0,0,0,17,0,0,30,0,0,0,14,0,0,0,0,30,0,12705,0,442,0,0,0,121,105,32920,26672,5701,13464,2391,13464,2391
Houston,2314,0,0,0,0,0,0,0,0,0,0,0,0,0,0,0,0,0,0,0,0,0,0,0,0,7,0,0,0,11,0,0,0,56,0,0,0,0,0,0,0,0,0,0,0,0,0,0,0,0,0,0,0,0,0,0,0,0,0,0,0,0,0,0,7060,0,14,0,499,134,5,0,0,0,16,2,1,0,0,0,0,1,0,3,0,0,0,0,0,19,0,0,0,1,0,158,5,0,0,0,0,0,0,45,0,0,1,0,0,0,0,0,0,0,0,0,0,0,0,0,0,0,0,0,0,0,0,0,0,0,0,0,0,0,0,3,0,0,6,0,0,0,2,0,0,0,3,0,0,3855,0,85,0,0,0,15,19,9448,7060,2314,3988,904,3988,904
Hutchinson,965,0,0,0,0,0,0,0,0,0,0,0,0,0,0,0,0,0,0,0,0,0,0,0,0,10,0,0,14,0,0,0,0,115,0,0,0,0,0,0,0,0,0,0,0,0,0,0,0,0,0,0,0,0,0,0,0,0,0,0,0,0,0,0,7681,0,0,0,130,0,2,0,0,0,16,1,1,0,0,0,0,0,0,1,0,0,0,0,0,2,0,0,0,0,0,89,0,0,0,0,0,0,0,30,0,0,0,2,0,0,0,0,0,0,0,0,0,0,0,0,0,0,0,0,0,0,0,0,0,0,0,0,0,0,0,4,0,0,0,0,0,0,0,0,0,0,0,4,0,0,0,144,0,0,0,0,0,8785,7681,965,152,274,152,274
Irion,120,0,32,0,0,0,0,0,188,0,0,0,0,0,0,0,0,0,0,0,0,0,0,0,0,0,0,0,0,0,0,0,0,0,0,0,0,0,0,0,0,0,0,0,0,0,0,0,0,0,0,0,0,0,0,0,0,0,2,0,0,0,0,0,763,0,2,0,22,6,0,0,0,0,2,0,0,0,0,0,0,0,0,0,0,0,0,0,0,1,0,0,0,0,0,16,0,0,0,0,0,3,0,5,0,1,1,0,0,0,0,0,0,0,0,0,0,0,0,0,0,0,0,0,0,0,0,0,0,0,0,0,0,0,0,0,0,0,5,0,0,0,0,0,0,0,0,0,0,458,0,14,0,0,5,5,3,1105,763,120,490,59,490,59
Jack,331,0,9,0,0,0,0,0,24,0,0,0,0,0,0,0,0,0,0,0,0,0,0,0,0,0,0,0,0,0,0,0,0,0,0,0,0,0,0,0,0,1,0,0,0,0,0,0,0,0,0,0,0,0,0,0,9,0,0,0,0,0,0,0,3418,0,2,0,80,35,0,0,0,0,4,0,0,0,0,0,0,0,0,1,0,0,0,0,0,6,0,0,0,0,0,33,3,0,0,0,0,5,0,11,0,0,1,0,0,0,0,0,0,0,0,0,0,0,0,0,0,0,0,0,0,0,0,0,0,0,0,0,0,0,0,0,0,0,4,0,0,0,0,0,0,0,0,0,0,1813,0,42,0,0,11,6,7,3792,3418,331,1883,181,1883,181
Jackson,1033,0,0,0,0,0,0,0,0,0,0,0,0,0,0,0,0,0,0,0,0,0,0,0,0,23,0,0,0,11,0,0,0,53,0,0,0,0,0,0,0,0,0,0,0,0,0,0,0,0,0,0,0,0,0,0,0,0,0,0,0,0,0,0,5231,0,8,0,345,110,2,10,0,0,4,6,2,39,0,0,0,0,0,8,0,0,0,0,0,18,0,0,0,0,0,120,10,0,0,0,0,0,0,46,0,0,4,6,0,0,0,0,0,0,0,0,0,0,0,0,0,0,0,0,0,0,0,0,0,0,0,0,0,0,0,4,3,0,16,0,0,0,5,0,1,0,0,5,0,4816,0,188,0,0,0,36,12,6351,5231,1033,5086,738,5086,738
Jasper,2954,0,7,0,0,0,0,0,105,0,0,0,0,0,0,0,0,0,0,0,0,0,0,0,0,0,0,0,19,0,0,0,0,0,0,0,0,0,0,0,0,0,0,0,0,0,0,0,0,0,0,0,0,0,0,0,0,0,0,0,0,0,0,0,12542,0,15,0,669,262,7,0,0,0,31,0,1,0,0,0,0,1,0,3,0,0,0,0,0,21,0,0,0,2,0,220,6,0,0,0,0,0,0,61,0,2,1,4,0,0,0,0,0,0,0,0,0,0,0,0,0,0,0,0,0,0,0,0,0,0,0,0,0,0,0,3,0,0,8,0,0,0,1,0,0,0,0,4,0,6035,0,100,0,0,0,19,25,15627,12542,2954,6195,1306,6195,1306
Jeff Davis,0,0,0,0,0,0,0,0,0,0,0,0,0,501,0,0,0,0,0,0,0,0,0,0,0,3,0,0,0,0,0,0,0,17,0,0,0,0,0,0,0,0,0,0,0,0,0,0,0,0,0,0,0,0,784,0,0,0,0,0,0,0,0,0,0,0,0,0,119,35,0,0,0,0,15,2,1,0,0,0,0,1,0,3,0,0,0,0,0,12,0,0,0,0,0,80,0,0,0,0,0,0,0,58,0,3,0,0,0,0,0,0,0,0,0,0,0,0,0,0,0,0,0,0,0,0,0,0,0,0,0,0,0,0,0,0,0,0,2,0,0,0,1,0,0,0,0,0,0,448,0,17,0,0,0,3,6,1305,0,0,477,329,477,329
Jim Hogg,1197,0,2,0,0,0,0,0,4,0,0,0,0,0,0,0,0,0,0,0,0,0,0,0,0,0,0,0,0,0,0,0,0,0,0,0,0,0,0,0,0,0,0,0,0,0,0,0,0,0,0,0,0,0,0,0,0,57,0,0,0,0,0,0,833,0,44,0,288,299,3,0,0,0,37,42,3,0,0,0,0,46,0,15,0,0,0,0,0,24,0,0,0,0,0,343,14,0,0,0,0,581,0,60,0,4,1,8,0,0,0,0,0,0,0,0,0,0,0,0,0,0,0,0,0,0,0,0,0,0,0,0,0,0,0,0,0,0,0,0,0,0,0,0,0,0,0,0,0,12,0,1,0,0,0,0,0,2093,833,1197,13,1812,13,1812
Jim Wells,0,6119,0,0,0,28,69,0,0,0,175,0,0,0,0,0,1,0,0,0,0,0,0,1,0,0,0,0,0,8,0,1,0,0,0,0,1,0,0,0,1,0,0,0,0,1,0,0,1,1,1,2,0,0,0,0,0,0,0,0,0,0,2,7453,0,0,46,0,1619,1021,7,0,0,0,141,146,16,0,0,0,0,118,0,43,0,0,0,0,0,82,0,0,0,3,0,1044,48,0,0,0,0,924,0,267,0,42,30,33,0,0,0,0,0,0,0,0,0,0,0,0,0,0,0,0,0,0,0,0,0,0,0,0,0,0,0,2,0,0,22,0,0,0,0,0,0,0,0,6,0,1165,0,35,0,0,20,9,6,13865,7453,6119,1265,5630,1265,5630
Johnson,16464,0,0,0,0,0,0,0,0,0,0,0,0,0,0,0,0,0,0,0,0,0,0,0,0,142,0,0,0,0,0,0,0,771,0,0,0,0,0,0,0,0,0,0,0,0,0,0,0,0,0,0,0,0,0,0,0,0,0,0,0,0,0,0,54628,0,989,0,1113,835,1577,0,0,0,869,860,1040,0,0,0,0,1072,0,652,0,0,0,0,0,1072,0,0,0,926,0,1213,642,0,0,0,0,0,0,594,0,933,1307,656,0,0,0,0,0,0,0,0,0,0,0,0,0,0,0,0,0,0,0,0,0,0,0,0,0,0,0,21,0,0,23,0,0,0,12,0,0,0,0,7,0,16756,0,419,0,0,0,88,59,72005,54628,16464,17385,16350,17385,16350
Jones,999,0,19,0,0,0,0,0,63,0,0,0,0,0,0,0,0,0,0,0,0,0,0,0,0,0,0,0,6,0,0,0,0,0,0,0,0,0,0,0,0,0,0,0,0,0,0,0,0,0,0,0,0,0,0,0,0,13,0,0,0,0,0,0,5660,0,1,0,160,43,0,0,0,0,10,1,2,0,0,0,0,0,0,1,0,0,0,0,0,8,0,0,0,0,0,83,1,0,0,0,0,5,0,29,0,0,1,1,0,0,0,0,0,0,0,0,0,0,0,0,0,0,0,0,0,0,0,0,0,0,0,0,0,0,0,7,0,0,24,0,0,0,4,0,0,0,0,13,0,2556,0,126,0,0,64,22,15,6760,5660,999,2831,346,2831,346
Karnes,1234,0,17,0,0,0,0,0,30,0,0,0,0,0,0,0,0,0,0,0,0,0,0,0,0,0,0,0,0,0,0,0,0,0,0,0,0,0,0,0,0,0,0,0,0,0,0,0,0,0,0,0,0,0,0,0,0,0,3,0,0,0,0,0,3963,0,3,0,210,129,4,0,0,0,12,31,4,0,0,0,0,7,0,6,0,0,0,0,0,12,0,0,0,0,0,147,12,0,0,0,0,0,0,31,0,2,1,9,0,0,0,0,0,0,0,0,0,0,0,0,0,0,0,0,0,0,0,0,0,0,0,0,0,0,0,5,0,0,16,0,0,0,3,0,0,0,0,4,0,1613,0,57,0,0,0,12,5,5247,3963,1234,1715,620,1715,620
Kaufman,18405,0,146,0,0,0,0,0,528,0,0,0,0,0,0,0,0,0,0,0,0,0,0,0,0,0,0,0,136,0,0,0,0,0,0,0,0,0,0,0,0,0,0,0,0,0,0,0,0,0,0,0,0,0,0,0,0,0,0,0,0,0,0,0,37624,0,53,0,2351,819,7,0,0,0,182,6,3,0,0,0,0,13,0,19,0,0,0,0,0,74,0,0,0,4,0,1485,57,0,0,0,0,0,0,432,0,3,30,8,0,0,0,0,0,0,0,0,0,0,0,0,0,0,0,0,0,0,0,0,0,0,0,0,0,0,0,51,0,0,58,0,0,0,9,0,0,0,0,14,0,13790,0,813,0,0,0,112,121,56839,37624,18405,14968,5546,14968,5546
Kendall,6020,0,46,0,0,0,0,0,289,0,0,0,0,0,0,0,0,0,0,0,0,0,0,0,0,0,0,0,78,0,0,0,0,0,0,0,0,0,0,0,0,0,0,0,0,0,0,0,0,0,0,0,0,0,0,0,0,60,0,0,0,0,0,0,20083,0,4,0,924,432,0,0,0,0,169,17,0,0,0,0,0,1,0,15,0,0,0,0,0,123,0,0,0,1,0,554,20,0,0,0,0,3,0,309,0,1,3,9,0,0,0,0,0,0,0,0,0,0,0,0,0,0,0,0,0,0,0,0,0,0,0,0,0,0,0,6,0,0,15,0,0,0,3,0,0,0,0,7,0,6793,0,231,0,0,44,47,27,26576,20083,6020,7173,2585,7173,2585
Kent,47,0,0,0,0,0,0,0,0,0,0,0,0,0,0,0,0,0,0,0,0,0,0,0,0,3,0,0,0,0,0,0,0,1,0,0,0,0,0,0,0,0,0,0,0,0,0,0,0,0,0,0,0,0,0,0,0,0,0,0,0,0,0,0,411,0,0,0,0,0,0,0,0,0,0,0,0,0,0,0,0,0,0,0,0,0,0,0,0,0,0,0,0,0,0,0,0,0,0,0,0,0,0,0,0,0,0,0,0,0,0,0,0,0,0,0,0,0,0,0,0,0,0,0,0,0,0,0,0,0,0,0,0,0,0,0,0,0,0,0,0,0,0,0,0,0,0,0,0,189,0,4,0,0,0,1,1,462,411,47,195,0,195,0
Kerr,0,6524,0,0,0,51,283,0,0,0,0,0,0,0,0,0,0,0,4,0,0,0,0,0,0,0,0,0,0,44,0,0,0,0,0,1,0,0,0,0,0,0,0,0,0,0,0,2,0,0,0,0,0,0,0,0,0,0,0,0,0,1,0,20879,0,0,1,0,1054,453,2,0,0,0,136,15,0,0,0,0,0,2,0,17,0,0,0,0,0,107,0,0,0,0,0,628,33,0,0,0,0,2,0,349,0,0,3,7,0,0,0,0,0,0,0,0,0,0,0,0,0,0,0,0,0,0,0,0,0,0,0,0,0,0,0,20,0,0,33,0,0,0,10,0,0,0,0,11,0,9739,0,461,0,0,105,58,79,27789,20879,6524,10516,2809,10516,2809
Kleberg,5381,0,29,0,0,0,0,0,97,0,0,0,0,0,0,0,0,0,0,0,0,0,0,0,0,0,0,0,0,0,0,0,0,0,0,0,0,0,0,0,0,0,0,0,0,0,0,0,0,0,0,0,0,0,0,0,0,89,0,0,0,0,0,0,5575,0,26,0,950,454,4,0,0,0,84,61,1,0,0,0,0,26,0,17,0,0,0,0,0,36,0,0,0,1,0,629,8,0,0,0,0,0,0,167,0,2,6,12,0,0,0,0,0,0,0,0,0,0,0,0,0,0,0,0,0,0,0,0,0,0,0,0,0,0,0,3,0,0,14,0,0,0,1,0,0,0,0,2,0,1602,0,63,0,0,0,9,8,11171,5575,5381,1702,2484,1702,2484
La Salle,0,1052,0,0,0,7,12,0,0,0,0,0,0,0,0,0,0,0,0,0,0,0,0,0,0,0,0,0,0,0,0,0,0,0,0,0,0,0,0,0,0,0,0,0,0,0,0,0,0,0,0,0,0,0,0,0,0,0,0,0,0,0,0,1335,0,33,14,0,262,248,13,0,0,0,20,143,3,0,0,0,0,41,0,35,0,0,0,0,0,12,0,0,0,3,0,291,18,0,0,0,0,559,0,91,0,11,13,9,0,0,0,0,0,0,0,0,0,0,0,0,0,0,0,0,0,0,0,0,0,0,0,0,0,0,0,0,0,0,1,0,0,0,0,0,0,0,0,2,0,81,0,5,0,0,5,2,0,2439,1368,1052,96,1786,96,1786
Lamar,4420,0,27,0,0,0,0,0,169,0,0,0,0,0,0,0,0,0,0,0,0,0,0,0,0,0,0,0,24,0,0,0,0,0,0,0,0,0,0,0,0,0,0,0,0,0,0,0,0,0,0,0,0,0,0,0,0,72,0,0,0,0,0,0,16698,0,1,0,862,302,3,0,0,0,72,1,2,0,0,0,0,3,0,9,0,0,0,0,0,30,0,0,0,2,0,389,18,0,0,0,0,0,0,137,0,2,4,5,0,0,0,0,0,0,0,0,0,0,0,0,0,0,0,0,0,0,0,0,0,0,0,0,0,0,0,1,0,0,7,0,0,0,5,0,0,0,0,5,0,6836,0,108,0,0,0,29,27,21410,16698,4420,7018,1842,7018,1842
Lampasas,2144,0,0,0,0,0,0,0,0,0,0,0,0,0,0,0,0,0,0,0,0,0,0,0,0,24,0,0,0,0,0,0,0,145,0,0,0,0,0,0,0,0,0,0,0,0,0,0,0,0,0,0,0,0,0,0,0,0,0,0,0,0,0,0,8086,0,0,0,359,130,5,0,0,0,36,0,0,0,0,0,0,4,0,4,0,0,0,0,0,34,0,0,0,2,0,182,5,0,0,0,0,2,0,115,0,0,3,5,0,0,0,0,0,0,0,0,0,0,0,0,0,0,0,0,0,0,0,0,0,0,0,0,0,0,0,1,0,0,5,0,0,0,1,0,0,0,0,4,0,2860,0,65,0,0,7,17,26,10399,8086,2144,2986,886,2986,886
Lavaca,1333,0,8,0,0,0,0,0,46,0,0,0,0,0,0,0,0,0,0,0,0,0,0,0,0,0,0,0,14,0,0,0,0,0,0,0,0,0,0,0,0,0,0,0,0,0,0,0,0,0,0,0,0,0,0,0,0,0,0,0,0,0,0,0,8804,0,5,0,234,97,3,0,0,0,26,3,3,0,0,0,0,0,0,4,0,0,0,0,0,16,0,0,0,0,0,103,8,0,0,0,0,8,0,55,0,1,1,0,0,0,0,0,0,0,0,0,0,0,0,0,0,0,0,0,0,0,0,0,0,0,0,0,0,0,0,5,0,0,6,0,0,0,0,0,0,0,0,2,0,3899,0,72,0,0,48,12,17,10205,8804,1333,4061,567,4061,567
Lee,1750,0,16,0,0,0,0,0,65,0,0,0,0,0,0,0,0,0,0,0,0,0,0,0,0,0,0,0,14,0,0,0,0,0,0,0,0,0,0,0,0,0,0,0,0,0,0,0,0,0,0,0,0,0,0,0,0,22,0,0,0,0,0,0,6255,0,0,0,0,0,0,0,0,0,0,0,0,0,0,0,0,0,0,0,0,0,0,0,0,0,0,0,0,0,0,0,0,0,0,0,0,0,0,0,0,0,0,0,1,338,114,1,20,0,2,4,1,0,12,1,13,2,0,153,6,2833,100,0,15,55,14,2,0,2,0,0,0,0,0,0,0,0,0,0,0,0,0,0,0,0,0,0,0,0,0,0,0,8122,6255,1750,0,0,0,0
Leon,1072,0,14,0,0,0,0,0,57,0,0,0,0,0,0,0,0,0,0,0,0,0,0,0,0,0,0,0,19,0,0,0,0,0,0,0,0,0,0,0,0,0,0,0,0,0,0,0,0,0,0,0,0,0,0,0,0,37,0,0,0,0,0,0,7523,0,0,0,247,69,0,0,0,0,16,0,2,0,0,0,0,2,0,0,0,0,0,0,0,9,0,0,0,0,0,67,2,0,0,0,0,5,0,24,0,1,2,1,0,0,0,0,0,0,0,0,0,0,0,0,0,0,0,0,0,0,0,0,0,0,0,0,0,0,0,6,0,0,10,0,0,0,1,0,0,0,0,6,0,3905,0,71,0,0,50,22,10,8722,7523,1072,4081,447,4081,447
Liberty,0,5785,0,0,0,29,218,0,0,0,0,0,0,0,0,0,0,0,0,0,0,0,0,0,0,0,0,0,0,0,0,0,0,0,0,0,0,0,0,0,0,0,0,0,0,0,0,0,0,0,0,0,0,0,0,0,0,0,0,0,0,0,0,23302,0,0,3,0,804,325,2,0,0,0,44,2,2,0,0,0,0,4,0,3,0,0,0,0,0,24,0,0,0,0,0,471,28,0,0,0,0,13,0,121,0,0,4,3,0,0,0,0,0,0,0,0,0,0,0,0,0,0,0,0,0,0,0,0,0,0,0,0,0,0,0,7,0,0,48,0,0,0,6,0,0,0,0,25,0,9482,0,291,0,0,190,74,27,29334,23302,5785,10150,1853,10150,1853
Limestone,2213,0,27,0,0,0,0,0,66,0,0,0,0,0,0,0,0,0,0,0,0,0,0,0,0,0,0,0,15,0,0,0,0,0,0,0,0,0,0,0,0,0,0,0,0,0,0,0,0,0,0,0,0,0,0,0,0,0,0,0,0,0,0,0,6789,0,6,0,354,153,1,0,0,0,24,1,2,0,0,0,0,1,0,1,0,0,0,0,0,19,0,0,0,2,0,163,4,0,0,0,0,7,0,41,0,0,2,0,0,0,0,0,0,0,0,0,0,0,0,0,0,0,0,0,0,0,0,0,0,0,0,0,0,0,0,7,0,0,20,0,0,0,5,0,0,0,0,33,0,4009,0,216,0,0,144,40,19,9110,6789,2213,4493,781,4493,781
Lipscomb,131,0,0,0,0,0,0,0,0,0,0,0,0,0,0,0,0,0,0,0,0,0,0,0,0,0,0,0,0,0,0,0,0,17,0,0,0,0,0,0,0,0,0,0,0,0,0,0,0,0,0,0,0,0,0,0,0,5,0,0,0,0,0,0,1205,0,0,0,18,7,1,0,0,0,3,0,1,0,0,0,0,0,0,0,0,0,0,0,0,3,0,0,0,0,0,9,0,0,0,0,0,2,0,7,0,0,0,0,0,0,0,0,0,0,0,0,0,0,0,0,0,0,0,0,0,0,0,0,0,0,0,0,0,0,0,2,0,0,4,0,0,0,0,0,0,0,0,1,0,768,0,28,0,0,23,13,6,1358,1205,131,845,51,845,51
Live Oak,820,0,6,0,0,0,0,0,30,0,0,0,0,0,0,0,0,0,0,0,0,0,0,0,0,0,0,0,0,1,0,0,0,0,0,0,0,0,0,0,0,0,0,0,0,0,0,0,0,0,0,0,0,0,0,0,0,0,0,0,0,0,0,0,4201,0,0,0,164,57,1,0,0,0,5,6,0,0,0,0,0,1,0,3,0,0,0,0,0,6,0,0,0,3,0,48,4,0,0,0,0,0,0,18,0,0,0,1,0,0,0,0,0,0,0,0,0,0,0,0,0,0,0,0,0,0,0,0,0,0,0,0,0,0,0,2,0,0,12,0,0,0,5,0,0,0,0,3,0,1729,0,39,0,0,0,6,8,5058,4201,820,1804,317,1804,317
Llano,2465,0,16,0,62,0,0,0,99,0,0,0,0,0,0,0,0,0,0,1,0,0,0,0,0,0,0,0,0,18,0,0,0,0,0,0,0,0,0,0,0,0,0,0,0,0,0,0,0,0,0,0,0,0,0,0,0,0,0,0,0,0,0,0,10079,0,0,0,544,248,3,0,0,0,79,0,2,0,0,0,0,0,0,4,0,0,0,0,0,64,0,0,0,1,0,245,27,0,0,0,0,9,0,122,0,1,0,1,0,0,0,0,0,0,0,0,0,0,0,0,0,0,0,0,0,0,0,0,0,0,0,0,0,0,149,4,0,0,10,0,0,0,5,0,0,0,0,5,0,4810,0,0,0,0,32,25,31,12740,10079,2465,5071,1350,5071,1350
Loving,4,0,0,0,0,0,0,0,0,0,0,0,0,0,0,0,0,0,0,0,0,0,0,0,0,0,0,0,0,0,0,0,0,2,0,0,0,0,0,0,0,0,0,0,0,0,0,0,0,0,0,0,0,0,0,0,0,0,0,0,0,0,0,0,60,0,0,0,1,2,0,0,0,0,1,0,0,0,0,0,0,0,0,0,0,0,0,0,0,0,0,0,0,0,0,0,0,0,0,0,0,0,0,0,0,0,0,0,0,0,0,0,0,0,0,0,0,0,0,0,0,0,0,0,0,0,0,0,0,0,0,0,0,0,0,0,0,0,0,0,0,0,1,0,0,0,0,0,0,24,0,3,0,0,0,0,1,66,60,4,29,4,29,4
Lubbock,0,0,0,0,0,0,0,0,0,0,0,0,0,40017,0,0,0,0,37,0,0,0,0,0,0,276,0,3,0,0,0,0,0,1617,0,0,0,0,0,2,0,0,0,0,0,0,0,1,0,0,0,0,0,0,78861,0,0,0,0,0,0,3,0,0,0,0,15,0,4481,1801,94,0,0,0,700,307,93,0,0,0,0,9,0,93,0,0,0,0,0,517,0,0,0,7,0,4577,43,0,0,0,0,0,0,1778,0,22,48,44,0,0,0,0,0,0,0,0,0,0,0,0,0,0,0,0,0,0,0,0,0,0,0,0,0,0,0,130,0,89,0,0,0,0,17,0,0,0,0,36,0,28165,0,1193,0,0,0,182,245,120817,0,0,30057,14629,30057,14629
Lynn,429,0,2,0,0,0,0,0,10,0,0,0,0,0,0,0,0,0,0,0,0,0,0,0,0,0,0,0,1,0,0,0,0,0,0,0,0,0,0,0,0,0,0,0,0,0,0,0,0,0,0,0,0,0,0,0,0,15,0,0,0,0,0,0,1853,0,0,0,36,17,0,0,0,0,2,0,1,0,0,0,0,0,0,0,0,0,0,0,0,1,0,0,0,0,0,14,0,0,0,0,0,0,0,2,0,0,0,0,0,0,0,0,0,0,0,0,0,0,0,0,0,0,0,0,0,0,0,0,0,0,0,0,0,0,0,5,0,0,8,0,0,0,1,0,0,0,0,2,0,864,0,83,0,0,0,23,4,2310,1853,429,990,73,990,73
Madison,0,165,0,0,0,1,0,0,0,0,0,0,0,0,0,0,0,0,0,0,0,0,0,0,0,0,0,0,0,0,0,0,0,0,0,0,0,0,0,0,0,0,0,0,0,0,0,0,0,0,0,0,0,0,0,0,0,5,0,0,0,0,0,310,0,0,1,0,160,32,1,0,0,0,8,0,1,0,0,0,0,1,0,1,0,0,0,0,0,2,0,0,0,1,0,79,2,0,0,0,0,11,0,20,0,0,1,1,0,0,0,0,0,0,0,0,0,0,0,0,0,0,0,0,0,0,0,0,0,0,0,0,0,0,0,6,0,0,3,0,0,0,0,0,0,0,0,0,0,2039,0,66,0,0,2149,4,7,481,310,165,4274,322,4274,322
Marion,0,1339,0,0,0,8,47,0,0,0,0,0,0,0,0,0,0,0,0,0,0,0,0,0,0,0,0,0,0,0,0,0,0,0,0,0,0,0,0,0,0,0,0,0,0,0,0,0,0,0,0,0,0,0,0,0,0,38,0,0,0,0,0,3470,0,0,4,0,373,83,2,0,0,0,3,0,1,0,0,0,0,0,0,0,0,0,0,0,0,7,0,0,0,1,0,106,6,0,0,0,0,25,0,32,0,1,2,1,0,0,0,0,0,0,0,0,0,0,0,0,0,0,0,0,0,0,0,0,0,0,0,0,0,0,0,4,0,0,1,0,0,0,7,0,0,0,0,3,0,1482,0,32,0,0,37,10,5,4902,3470,1339,1581,647,1581,647
Matagorda,3733,0,33,0,0,0,0,0,115,0,0,0,0,0,0,0,0,0,0,0,0,0,0,0,0,0,0,0,0,0,0,0,0,0,0,0,0,0,0,0,0,7,0,0,0,0,0,0,0,0,0,0,0,0,0,0,67,0,1,0,0,0,0,0,9845,0,6,0,676,217,6,0,0,0,38,6,6,0,0,0,0,7,0,4,0,0,0,0,0,27,0,0,0,5,0,295,17,0,0,0,0,0,0,89,0,1,0,3,0,0,0,0,0,0,0,0,0,0,0,0,0,0,0,0,0,0,0,0,0,0,0,0,0,0,0,8,0,0,33,0,0,0,7,0,0,0,0,9,0,4611,0,185,0,0,0,74,30,13801,9845,3733,4957,1403,4957,1403
Maverick,8326,0,0,0,0,0,0,0,0,0,0,0,0,0,0,0,0,0,0,0,0,0,0,0,0,60,0,0,0,19,0,0,0,73,0,0,0,0,0,0,0,0,0,0,0,0,0,0,0,0,0,0,0,0,0,0,0,0,0,0,0,0,0,0,6881,0,148,0,1150,1419,37,0,0,0,171,946,41,0,0,0,0,324,0,122,0,0,0,0,0,103,0,0,0,20,0,2724,144,0,0,0,0,0,0,425,0,43,42,86,0,0,0,0,0,0,0,0,0,0,0,0,0,0,0,0,0,0,0,0,0,0,0,0,0,0,0,1,0,0,3,0,0,0,0,0,0,0,0,1,0,358,0,4,0,0,0,1,3,15359,6881,8326,371,7945,371,7945
Mclennan,36688,0,243,0,0,0,0,0,1297,0,0,0,0,0,0,0,0,0,0,0,0,0,0,0,0,0,0,0,0,0,0,0,0,0,0,0,0,0,0,0,0,0,0,0,0,0,0,0,0,0,0,0,0,0,0,0,0,1026,0,0,0,0,0,0,59543,0,22,0,5384,1687,28,0,0,0,436,136,20,0,0,0,0,16,0,39,0,0,0,0,0,286,0,0,0,5,0,3086,49,0,0,0,0,435,0,1660,0,0,30,33,0,0,0,0,0,0,0,0,0,0,0,0,0,0,0,0,0,0,0,0,0,0,0,0,0,0,1051,42,0,0,207,0,0,0,41,0,0,0,0,83,0,22282,0,0,0,0,323,307,199,98797,59543,36688,24535,13352,24535,13352
Medina,6773,0,45,0,0,0,0,0,184,0,0,0,0,0,0,0,0,0,0,0,0,0,0,0,0,0,0,0,0,0,0,0,0,0,0,0,0,0,0,0,0,0,0,0,0,0,0,0,0,0,0,0,0,0,0,0,0,107,13,0,0,0,0,0,15642,0,3,0,881,300,2,0,0,0,133,53,8,0,0,0,0,0,0,6,0,1,0,0,0,70,0,0,0,2,0,561,37,0,0,0,0,23,0,231,0,3,13,9,0,0,0,0,0,0,0,0,0,0,0,0,0,0,0,0,0,0,0,0,0,0,0,0,0,0,0,2,0,0,15,0,0,0,5,0,0,0,0,7,0,5666,0,129,0,0,33,20,22,22764,15642,6773,5899,2336,5899,2336
Midland,12329,0,0,0,0,0,0,0,0,0,0,0,0,0,0,0,0,0,0,0,0,0,0,0,0,126,0,0,0,0,0,0,0,777,0,0,0,0,0,0,0,0,0,0,0,0,0,0,0,0,0,0,0,0,0,0,0,0,0,0,0,0,0,0,45624,0,8,0,1507,599,16,0,0,0,158,40,10,0,0,0,0,13,0,23,0,0,0,0,0,88,0,0,0,2,0,994,5,0,0,0,0,0,0,422,0,3,12,14,0,0,0,0,0,0,0,0,0,0,0,0,0,0,0,0,0,0,0,0,0,0,0,0,0,0,0,24,0,0,82,0,0,0,14,0,0,0,0,21,0,18832,0,969,0,0,0,175,190,58856,45624,12329,20307,3914,20307,3914
Milam,2496,0,24,0,0,0,0,0,72,0,0,0,0,0,0,0,0,0,0,0,0,0,0,0,0,0,0,0,0,0,0,0,0,0,0,0,0,0,0,0,0,4,0,0,0,0,0,0,0,0,0,0,0,0,0,0,56,0,2,0,0,0,0,0,7984,0,3,0,428,179,1,0,0,0,37,1,3,0,0,0,0,2,0,3,0,0,0,0,0,20,0,0,0,1,0,270,16,0,0,0,0,41,0,86,0,1,1,7,0,0,0,0,0,0,0,0,0,0,0,0,0,0,0,0,0,0,0,0,0,0,0,0,0,0,0,25,0,0,17,0,0,0,6,0,0,0,0,6,0,3892,0,148,0,0,77,43,37,10638,7984,2496,4251,1100,4251,1100
Mills,271,0,2,0,0,0,0,0,15,0,0,0,0,0,0,0,0,0,0,0,0,0,0,0,0,0,0,0,0,0,0,0,0,0,0,0,0,0,0,0,0,2,0,0,0,0,0,0,0,0,0,0,0,0,0,0,5,0,0,0,0,0,0,0,2217,0,0,0,0,0,0,0,0,0,0,0,0,0,0,0,0,0,0,0,0,0,0,0,0,0,0,0,0,0,0,0,0,0,0,0,0,0,0,0,0,0,0,0,0,0,0,0,0,0,0,0,0,0,0,0,0,0,0,0,0,0,0,0,0,0,0,0,0,0,0,1,0,0,5,0,0,0,2,0,0,0,0,3,0,1306,0,40,0,0,0,8,3,2512,2217,271,1368,0,1368,0
Montague,1097,0,24,0,0,0,0,0,78,0,0,0,0,0,0,0,0,0,0,0,0,0,0,0,0,0,0,0,18,0,0,0,0,0,0,0,0,0,0,0,0,0,0,0,0,0,0,0,0,0,0,0,0,0,0,0,0,0,0,0,0,0,0,0,8613,0,2,0,211,77,2,0,0,0,14,0,3,0,0,0,0,0,0,2,0,0,0,0,0,19,0,0,0,0,0,112,4,0,0,0,0,0,0,33,0,0,0,1,0,0,0,0,0,0,0,0,0,0,0,0,0,0,0,0,0,0,0,0,0,0,0,0,0,0,0,9,0,0,10,0,0,0,1,0,0,0,0,3,0,3837,0,91,0,0,0,18,12,9830,8613,1097,3981,480,3981,480
Moore,1062,0,21,0,0,0,0,0,66,0,0,0,0,0,0,0,0,0,0,0,0,0,0,0,0,0,0,0,0,0,0,0,0,0,0,0,0,0,0,0,0,0,0,0,0,0,0,0,0,0,0,0,0,0,0,0,0,0,0,0,0,0,0,0,4359,0,5,0,119,38,2,0,0,0,11,2,0,0,0,0,0,2,0,3,0,0,0,0,0,2,0,0,0,1,0,77,1,0,0,0,0,0,0,20,0,2,1,2,0,0,0,0,0,0,0,0,0,0,0,0,0,0,0,0,0,0,0,0,0,0,0,0,0,0,0,3,0,0,30,0,0,0,1,0,0,0,0,8,0,2222,0,81,0,0,0,14,8,5508,4359,1062,2367,288,2367,288
Morris,1664,0,10,0,0,0,0,0,36,0,0,0,0,0,0,0,0,0,0,0,0,0,0,0,0,0,0,0,0,0,0,0,0,0,0,0,0,0,0,0,0,0,0,0,0,0,0,0,0,0,0,0,0,0,0,0,0,0,0,0,0,0,0,0,3841,0,1,0,323,108,4,0,0,0,5,0,3,0,0,0,0,2,0,5,0,0,0,0,0,3,0,0,0,0,0,118,7,0,0,0,0,30,0,29,0,0,1,1,0,0,0,0,0,0,0,0,0,0,0,0,0,0,0,0,0,0,0,0,0,0,0,0,0,0,0,3,0,0,1,0,0,0,1,0,0,0,0,0,0,1196,0,15,0,0,11,2,2,5551,3841,1664,1231,640,1231,640
Motley,46,0,0,0,0,0,0,0,2,0,0,0,0,0,0,0,0,0,0,0,0,0,0,0,0,0,0,0,0,0,0,0,0,0,0,0,0,0,0,0,0,4,0,0,0,0,0,0,0,0,0,0,0,0,0,0,0,0,0,0,0,0,0,0,604,0,0,0,8,4,0,0,0,0,0,0,0,0,0,0,0,0,0,0,0,0,0,0,0,0,0,0,0,0,0,3,0,0,0,0,0,0,0,3,0,0,0,0,0,0,0,0,0,0,0,0,0,0,0,0,0,0,0,0,0,0,0,0,0,0,0,0,0,0,0,1,0,0,0,0,0,0,0,0,0,0,0,0,0,384,0,7,0,0,0,1,0,656,604,46,393,18,393,18
Navarro,5101,0,0,0,0,0,0,0,0,0,0,0,0,0,0,0,0,0,0,0,0,0,0,0,0,53,0,0,30,0,0,0,0,167,0,0,0,0,0,0,0,0,0,0,0,0,0,0,0,0,0,0,0,0,0,0,0,0,0,0,0,0,0,0,13800,0,7,0,891,343,9,0,0,0,45,5,7,0,0,0,0,1,0,3,0,0,0,0,0,29,0,0,0,0,0,423,15,0,0,0,0,0,0,112,0,3,3,5,0,0,0,0,0,0,0,0,0,0,0,0,0,0,0,0,0,0,0,0,0,0,0,0,0,0,0,16,0,0,18,0,0,0,2,0,0,0,0,11,0,6753,0,310,0,0,0,58,36,19151,13800,5101,7204,1901,7204,1901
Newton,1173,0,0,0,0,0,0,0,0,0,0,0,0,0,0,0,0,0,0,0,0,0,0,0,0,5,0,0,0,0,0,0,0,34,0,0,0,0,0,0,0,0,0,0,0,0,0,0,0,0,0,0,0,0,0,0,0,0,0,0,0,0,0,0,4882,0,1,0,196,67,2,0,0,0,3,0,2,0,0,0,0,0,0,2,0,0,0,0,0,2,0,0,0,0,0,62,4,0,0,0,0,0,0,11,0,0,2,1,0,0,0,0,0,0,0,0,0,0,0,0,0,0,0,0,0,0,0,0,0,0,0,0,0,0,0,10,0,0,5,0,0,0,4,0,0,0,0,8,0,2604,0,157,0,0,0,43,11,6094,4882,1173,2842,355,2842,355
Nolan,1162,0,10,0,0,0,0,0,53,0,0,0,0,0,0,0,0,0,0,0,0,0,0,0,0,0,0,0,11,0,0,0,0,0,0,0,0,0,0,0,0,0,0,0,0,0,0,0,0,0,0,0,0,0,0,0,0,27,0,0,0,0,0,0,4131,0,0,0,171,46,0,0,0,0,11,3,1,0,0,0,0,1,0,1,0,0,0,0,0,9,0,0,0,1,0,107,6,0,0,0,0,0,0,34,0,0,1,0,0,0,0,0,0,0,0,0,0,0,0,0,0,0,0,0,0,0,0,0,0,0,0,0,0,0,0,7,0,0,12,0,0,0,0,0,0,0,0,5,0,1954,0,95,0,0,0,22,10,5394,4131,1162,2105,392,2105,392
Ochiltree,302,0,3,0,0,0,0,0,37,0,0,0,0,0,0,0,0,0,0,0,0,0,0,0,0,0,0,0,5,0,0,0,0,0,0,0,0,0,0,0,0,0,0,0,0,0,0,0,0,0,0,0,0,0,0,0,0,5,0,0,0,0,0,0,2812,0,1,0,33,14,0,0,0,0,3,0,0,0,0,0,0,0,0,1,0,0,0,0,0,0,0,0,0,0,0,21,1,0,0,0,0,0,0,9,0,0,2,0,0,0,0,0,0,0,0,0,0,0,0,0,0,0,0,0,0,0,0,0,0,0,0,0,0,0,0,0,0,0,0,8,0,0,0,0,0,0,0,0,0,1717,0,48,0,0,0,12,8,3164,2812,302,1793,85,1793,85
Oldham,81,0,1,0,0,0,0,0,10,0,0,2,0,0,0,0,0,0,0,0,0,0,0,0,0,0,0,0,2,0,0,0,0,0,0,0,0,0,0,0,0,0,0,0,0,0,0,0,0,0,0,0,0,0,0,0,2,0,0,0,0,0,0,0,917,0,0,0,16,8,0,0,0,0,1,0,0,0,0,0,0,0,0,0,0,0,0,0,0,1,0,0,0,0,0,9,0,0,0,0,0,0,0,5,0,0,0,0,0,0,0,0,0,0,0,0,0,0,0,0,0,0,0,0,0,0,0,0,0,0,0,0,0,0,0,1,0,0,1,0,0,0,0,0,0,0,0,0,0,600,0,13,0,0,0,1,1,1015,917,81,617,40,617,40
Orange,6357,0,51,0,0,0,0,0,376,0,0,0,0,0,0,0,0,0,0,0,0,0,0,0,0,0,0,0,24,0,0,0,0,0,0,0,0,0,0,0,0,0,0,0,0,0,0,0,0,0,0,0,0,0,0,0,0,85,0,0,0,0,0,0,29186,0,20,0,1163,495,2,0,0,0,88,5,5,0,0,0,0,4,0,11,0,0,0,0,0,58,0,0,0,2,0,574,16,0,0,0,0,0,0,185,0,2,4,8,0,0,0,0,0,0,0,0,0,0,0,0,0,0,0,0,0,0,0,0,0,0,0,0,0,0,0,11,0,0,13,0,0,0,3,0,0,0,0,9,0,13179,0,394,0,0,0,62,76,36079,29186,6357,13747,2642,13747,2642
Panola,0,0,0,0,0,0,0,0,0,0,0,0,0,2057,0,0,0,0,0,0,0,0,0,0,0,11,0,0,7,0,0,0,0,57,0,0,0,0,0,0,0,0,0,0,0,0,0,0,0,0,0,0,0,0,9326,0,0,0,0,0,0,0,0,0,0,0,7,0,493,117,2,0,0,0,18,0,3,0,0,0,0,0,0,4,0,0,0,0,0,11,0,0,0,1,0,129,3,0,0,0,0,0,0,48,0,2,2,1,0,0,0,0,0,0,0,0,0,0,0,0,0,0,0,0,0,0,0,0,0,0,0,0,0,0,0,1,0,0,6,0,0,0,0,0,0,0,0,1,0,4116,0,70,0,0,0,12,4,11458,0,0,4210,841,4210,841
Parker,0,13017,0,0,0,158,880,0,0,0,0,0,0,0,0,0,0,0,21,1,0,0,0,0,0,0,0,4,0,0,0,0,0,0,0,0,0,0,0,1,0,0,0,0,0,0,0,0,0,0,0,0,0,0,0,0,0,294,0,0,0,1,0,62045,0,0,2,0,2064,809,4,0,0,0,266,7,21,0,0,0,0,7,0,13,0,0,0,0,0,181,0,0,0,0,0,1348,41,0,0,0,0,12,0,544,0,4,7,10,0,0,0,0,0,0,0,0,0,0,0,0,0,0,0,0,0,0,0,0,0,0,0,0,0,0,0,13,0,0,31,0,0,0,26,0,0,0,0,27,0,23300,0,725,0,0,82,94,107,76422,62045,13017,24405,5340,24405,5340
Parmer,488,0,4,0,0,0,0,0,23,0,0,0,0,0,0,0,0,0,0,0,0,0,0,0,0,0,0,0,6,0,0,0,0,0,0,0,0,0,0,0,0,0,0,0,0,0,0,0,0,0,0,0,0,0,0,0,0,0,0,0,0,0,0,0,2135,0,0,0,1,1,0,0,0,0,0,0,0,0,0,0,0,0,0,0,0,0,0,0,0,0,0,0,0,0,0,2,0,0,0,0,0,0,0,1,0,0,0,0,0,0,0,0,0,0,0,0,0,0,0,0,0,0,0,0,0,0,0,0,0,0,0,0,0,0,0,0,0,0,0,0,0,0,0,0,0,0,0,0,0,80,0,2,0,0,0,1,2,2656,2135,488,85,5,85,5
Pecos,880,0,14,0,0,0,0,0,34,0,0,0,0,0,0,0,0,0,0,0,0,0,0,0,0,0,0,0,5,0,0,0,0,0,0,0,0,0,0,0,0,1,0,0,0,0,0,0,0,0,0,0,0,0,0,0,30,0,0,0,0,0,0,0,2194,0,6,0,222,219,8,0,0,0,39,27,5,0,0,0,0,14,0,8,0,0,0,0,0,14,0,0,0,2,0,218,10,0,0,0,0,0,0,60,0,5,3,7,0,0,0,0,0,0,0,0,0,0,0,0,0,0,0,0,0,0,0,0,0,0,0,0,0,0,0,4,0,0,12,0,0,0,0,0,0,0,0,3,0,1236,0,43,0,0,0,12,5,3158,2194,880,1315,867,1315,867
Polk,5387,0,50,0,0,0,0,0,171,0,0,0,0,0,0,0,0,0,5,0,0,0,0,0,0,0,0,0,0,0,0,0,0,0,0,0,0,0,0,0,0,1,0,0,0,0,0,0,0,0,0,0,0,0,0,0,90,0,0,0,0,0,0,0,18573,0,1,0,580,315,0,0,0,0,106,2,3,0,0,0,0,0,0,6,0,1,0,0,0,73,0,0,0,1,0,334,28,0,0,0,0,24,0,181,0,2,3,2,0,0,0,0,0,0,0,0,0,0,0,0,0,0,0,0,0,0,0,0,0,0,0,0,0,0,0,17,0,0,22,0,0,0,5,0,0,0,0,11,0,6912,0,376,0,0,199,79,54,24277,18573,5387,7675,1662,7675,1662
Potter,9921,0,126,0,0,0,0,0,454,0,0,0,0,0,0,0,0,0,0,0,0,0,0,0,0,0,0,0,0,0,0,0,0,0,0,0,0,0,0,0,0,6,0,0,0,0,0,0,0,0,0,0,0,0,0,0,152,0,16,0,0,0,0,0,22820,0,12,0,1215,520,7,0,0,0,184,27,8,0,0,0,0,9,0,13,0,0,0,0,0,85,0,0,0,1,0,1055,38,0,0,0,0,25,0,308,0,3,8,15,0,0,0,0,0,0,0,0,0,0,0,0,0,0,0,0,0,0,0,0,0,0,0,0,0,0,0,8,0,0,29,0,0,0,4,0,0,0,0,21,0,8678,0,260,0,0,61,72,50,33495,22820,9921,9183,3533,9183,3533
Presidio,1463,0,0,0,0,0,0,0,0,0,0,0,0,0,0,0,0,0,0,0,0,0,0,0,0,12,0,0,0,0,0,0,0,21,0,0,0,0,0,0,0,0,0,0,0,0,0,0,0,0,0,0,0,0,0,0,0,0,0,0,0,0,0,0,721,0,20,0,173,132,5,0,0,0,20,53,10,0,0,0,0,26,0,5,0,0,0,0,0,22,0,0,0,2,0,415,10,0,0,0,0,0,0,103,0,4,3,5,0,0,0,0,0,0,0,0,0,0,0,0,0,0,0,0,0,0,0,0,0,0,0,0,0,0,0,0,0,0,0,0,0,0,0,0,0,0,0,0,0,145,0,3,0,0,0,1,1,2217,721,1463,150,1008,150,1008
Rains,842,0,13,0,0,0,0,0,43,0,0,0,0,0,0,0,0,0,0,0,0,0,0,0,0,0,0,0,0,0,0,0,0,0,0,0,0,0,0,0,0,1,0,0,0,0,0,0,0,0,0,0,0,0,0,0,34,0,0,0,0,0,0,0,5155,0,5,0,176,81,3,0,0,0,13,2,1,0,0,0,0,2,0,4,0,0,0,0,0,13,0,0,0,0,0,71,7,0,0,0,0,7,0,26,0,0,1,1,0,0,0,0,0,0,0,0,0,0,0,0,0,0,0,0,0,0,0,0,0,0,0,0,0,0,0,8,0,0,2,0,0,0,1,0,0,0,0,5,0,2379,0,54,0,0,12,10,12,6088,5155,842,2483,413,2483,413
Real,320,0,0,0,0,0,0,0,0,0,0,0,0,0,0,0,0,0,0,0,0,0,0,0,0,5,0,0,0,0,0,0,0,14,0,0,0,0,0,0,0,0,0,0,0,0,0,0,0,0,0,0,0,0,0,0,0,0,0,0,0,0,0,0,1643,0,3,0,47,15,0,0,0,0,5,1,0,0,0,0,0,0,0,1,0,0,0,0,0,7,0,0,0,0,0,39,2,0,0,0,0,0,0,15,0,0,0,0,0,0,0,0,0,0,0,0,0,0,0,0,0,0,0,0,0,0,0,0,0,0,0,0,0,0,0,0,0,0,5,0,0,0,0,0,0,0,0,0,0,822,0,18,0,0,0,1,6,1982,1643,320,852,135,852,135
Red River,0,1246,0,0,0,7,36,0,0,0,0,0,0,0,0,0,0,0,0,0,0,0,0,0,0,0,0,0,0,6,0,0,0,0,0,0,0,0,0,0,0,0,0,0,0,0,0,0,0,0,0,0,0,0,0,0,0,0,0,0,0,0,0,4517,0,0,1,0,273,83,2,0,0,0,9,2,1,0,0,0,0,0,0,1,0,0,0,0,0,9,0,0,0,1,0,114,8,0,0,0,0,0,0,26,0,0,0,3,0,0,0,0,0,0,0,0,0,0,0,0,0,0,0,0,0,0,0,0,0,0,0,0,0,0,0,0,0,0,1,0,0,0,0,0,0,0,0,1,0,1862,0,22,0,0,0,6,5,5812,4517,1246,1897,533,1897,533
Roberts,0,17,0,0,0,0,4,0,0,0,0,0,0,0,0,0,0,0,0,0,0,0,0,0,0,0,0,0,0,0,0,0,0,0,0,0,0,0,0,0,0,0,0,0,0,0,0,0,0,0,0,0,0,0,0,0,0,0,0,0,0,0,0,529,0,0,0,0,1,6,0,0,0,0,2,0,0,0,0,0,0,0,0,0,0,0,0,0,0,1,0,0,0,0,0,0,0,0,0,0,0,0,0,1,0,0,0,0,0,0,0,0,0,0,0,0,0,0,0,0,0,0,0,0,0,0,0,0,0,0,0,0,0,0,0,0,0,0,0,0,0,0,0,0,0,0,0,0,0,425,0,3,0,0,0,1,0,550,529,17,429,11,429,11
Robertson,2374,0,13,0,0,0,0,0,66,0,0,0,0,0,0,0,0,0,0,0,0,0,0,0,0,0,0,0,11,0,0,0,0,0,0,0,0,0,0,0,0,0,0,0,0,0,0,0,0,0,0,0,0,0,0,0,0,43,0,0,0,0,0,0,5646,0,4,0,479,160,6,0,0,0,24,1,4,0,0,0,0,1,0,2,0,0,0,0,0,18,0,0,0,0,0,159,6,0,0,0,0,23,0,41,0,0,1,3,0,0,0,0,0,0,0,0,0,0,0,0,0,0,0,0,0,0,0,0,0,0,0,0,0,0,0,4,0,0,6,0,0,0,2,0,0,0,0,2,0,2704,0,50,0,0,29,21,16,8153,5646,2374,2834,932,2834,932
Rockwall,16412,0,121,0,0,0,0,0,611,0,0,0,0,0,0,0,0,0,0,0,0,0,0,0,0,0,0,0,159,0,0,0,0,0,0,0,0,0,0,0,0,0,0,0,0,0,0,0,0,0,0,0,0,0,0,0,0,0,0,0,0,0,0,0,36726,0,7,0,2393,785,8,0,0,0,306,8,0,0,0,0,0,2,0,22,0,0,0,0,0,164,0,0,0,3,0,1501,52,0,0,0,0,0,0,618,0,2,1,34,0,0,0,0,0,0,0,0,0,0,0,0,0,0,0,0,0,0,0,0,0,0,0,0,0,0,0,5,0,0,33,0,0,0,6,0,0,0,0,16,0,11870,0,470,0,0,0,99,113,54029,36726,16412,12612,5906,12612,5906
Runnels,552,0,11,0,0,0,0,0,39,0,0,0,0,0,0,0,0,0,0,0,0,0,0,0,0,0,0,0,0,0,0,0,0,0,0,0,0,0,0,0,0,3,0,0,0,0,0,0,0,0,0,0,0,0,0,0,24,0,0,0,0,0,0,0,3807,0,0,0,77,18,1,0,0,0,14,3,0,0,0,0,0,0,0,0,0,0,0,0,0,8,0,0,0,2,0,28,1,0,0,0,0,6,0,15,0,0,0,0,0,0,0,0,0,0,0,0,0,0,0,0,0,0,0,0,0,0,0,0,0,0,0,0,0,0,0,1,0,0,9,0,0,0,0,0,0,0,0,11,0,1859,0,52,0,0,41,11,9,4436,3807,552,1993,173,1993,173
Rusk,9258,0,100,0,0,0,0,0,310,0,0,0,0,0,0,0,0,0,0,0,0,0,0,0,0,0,0,0,56,0,0,0,0,0,0,0,0,0,0,0,0,0,0,0,0,0,0,0,0,0,0,0,0,0,0,0,0,102,0,0,0,0,0,0,33068,0,13,0,1016,326,1,0,0,0,36,5,3,0,0,0,0,4,0,8,0,0,0,0,0,32,0,0,0,1,0,282,8,0,0,0,0,0,0,93,0,5,1,5,0,0,0,0,0,0,0,0,0,0,0,0,0,0,0,0,0,0,0,0,0,0,0,0,0,0,0,8,0,0,14,0,0,0,6,0,0,0,0,16,0,8240,0,260,0,0,0,42,28,42894,33068,9258,8614,1839,8614,1839
Sabine,669,0,7,0,0,0,0,0,27,0,0,0,0,0,0,0,0,0,0,0,0,0,0,0,0,0,0,0,4,0,0,0,0,0,0,0,0,0,0,0,0,0,0,0,0,0,0,0,0,0,0,0,0,0,0,0,0,17,0,0,0,0,0,0,4784,0,0,0,167,64,1,0,0,0,7,2,6,0,0,0,0,2,0,2,0,0,0,0,0,8,0,0,0,0,0,46,2,0,0,0,0,0,0,22,0,0,0,2,0,0,0,0,0,0,0,0,0,0,0,0,0,0,0,0,0,0,0,0,0,0,0,0,0,0,0,1,0,0,2,0,0,0,2,0,0,0,0,3,0,2248,0,33,0,0,0,10,4,5508,4784,669,2303,331,2303,331
San Jacinto,2337,0,39,0,0,0,0,0,101,0,0,0,0,0,0,0,0,0,0,0,0,0,0,0,0,0,0,0,0,0,0,0,0,0,0,0,0,0,0,0,0,3,0,0,0,0,0,0,0,0,0,0,0,0,0,0,34,0,2,0,0,0,0,0,10161,0,1,0,456,125,0,0,0,0,21,0,1,0,0,0,0,1,0,2,0,0,0,0,0,12,0,0,0,1,0,169,12,0,0,0,0,16,0,57,0,1,3,4,0,0,0,0,0,0,0,0,0,0,0,0,0,0,0,0,0,0,0,0,0,0,0,0,0,0,0,6,0,0,11,0,0,0,1,0,0,0,0,4,0,4129,0,105,0,0,23,23,17,12677,10161,2337,4319,882,4319,882
Schleicher,211,0,0,0,0,0,0,0,0,0,0,0,0,0,0,0,0,0,0,0,0,0,0,0,0,2,0,0,0,0,0,0,0,6,0,0,0,0,0,0,0,0,0,0,0,0,0,0,0,0,0,0,0,0,0,0,0,0,0,0,0,0,0,0,940,0,0,0,45,21,1,0,0,0,0,4,2,0,0,0,0,1,0,0,0,0,0,0,0,7,0,0,0,0,0,29,1,0,0,0,0,0,0,11,0,0,0,0,0,0,0,0,0,0,0,0,0,0,0,0,0,0,0,0,0,0,0,0,0,0,0,0,0,0,0,1,0,0,1,0,0,0,0,0,0,0,0,1,0,489,0,15,0,0,0,1,1,1159,940,211,509,122,509,122
Scurry,818,0,15,0,0,0,0,0,53,0,0,0,0,0,0,0,0,0,0,0,0,0,0,0,0,0,0,0,0,0,0,0,0,0,0,0,0,0,0,0,0,0,0,0,0,0,0,0,0,0,0,0,0,0,0,0,0,0,0,0,0,0,0,0,4983,0,1,0,98,31,0,0,0,0,10,1,1,0,0,0,0,0,0,2,0,0,0,0,0,8,0,0,0,0,0,77,1,0,0,0,0,4,0,23,0,1,0,2,0,0,0,0,0,0,0,0,0,0,0,0,0,0,0,0,0,0,0,0,0,0,0,0,0,0,0,6,0,0,27,0,0,0,3,0,0,0,0,1,0,2474,0,108,0,0,69,14,15,5869,4983,818,2717,260,2717,260
Shackelford,0,130,0,0,0,4,11,0,0,0,0,0,0,0,0,0,0,0,0,0,0,0,0,0,0,0,0,0,0,0,0,0,0,0,0,0,0,0,0,0,0,0,0,0,0,0,0,0,0,0,0,0,0,0,0,0,0,6,0,0,0,0,0,1484,0,0,0,0,27,3,0,0,0,0,5,0,0,0,0,0,0,0,0,0,0,0,0,0,0,2,0,0,0,0,0,13,1,0,0,0,0,0,0,2,0,0,1,0,0,0,0,0,0,0,0,0,0,0,0,0,0,0,0,0,0,0,0,0,0,0,0,0,0,0,0,1,0,0,1,0,0,0,1,0,0,0,0,2,0,737,0,13,0,0,0,2,2,1635,1484,130,759,54,759,54
Sherman,91,0,5,0,0,0,0,0,9,0,0,0,0,0,0,0,0,0,0,0,0,0,0,0,0,0,0,0,1,0,0,0,0,0,0,0,0,0,0,0,0,0,0,0,0,0,0,0,0,0,0,0,0,0,0,0,0,0,0,0,0,0,0,0,886,0,1,0,18,5,0,0,0,0,1,0,0,0,0,0,0,1,0,2,0,0,0,0,0,0,0,0,0,0,0,10,0,0,0,0,0,0,0,2,0,2,0,0,0,0,0,0,0,0,0,0,0,0,0,0,0,0,0,0,0,0,0,0,0,0,0,0,0,0,0,1,0,0,1,0,0,0,0,0,0,0,0,0,0,577,0,22,0,0,0,1,3,992,886,91,605,42,605,42
Smith,29615,0,0,0,0,0,0,0,0,0,0,0,0,0,0,0,0,0,0,0,0,0,0,0,0,254,0,0,0,259,0,0,0,1126,0,0,0,0,0,0,0,0,0,0,0,0,0,0,0,0,0,0,0,0,0,0,0,0,0,0,0,0,0,0,69080,0,24,0,5378,1827,22,0,0,0,394,81,4,0,0,0,0,7,0,57,0,0,0,0,0,196,0,0,0,5,0,2636,81,0,0,0,0,0,0,817,0,6,122,54,0,0,0,0,0,0,0,0,0,0,0,0,0,0,0,0,0,0,0,0,0,0,0,0,0,0,0,37,0,0,61,0,0,0,8,0,0,0,0,24,0,26907,0,801,0,0,0,154,156,100334,69080,29615,28148,11711,28148,11711
Somervell,768,0,10,0,0,0,0,0,56,0,0,0,0,0,0,0,0,0,0,0,0,0,0,0,0,0,0,0,0,0,0,0,0,0,0,0,0,0,0,0,0,0,0,0,0,0,0,0,0,0,0,0,0,0,0,0,0,0,0,0,0,0,0,0,4105,0,0,0,94,56,1,0,0,0,13,3,0,0,0,0,0,0,0,2,0,0,0,0,0,11,0,0,0,0,0,95,4,0,0,0,0,2,0,36,0,2,0,1,0,0,0,0,0,0,0,0,0,0,0,0,0,0,0,0,0,0,0,0,0,0,0,0,0,0,0,11,0,0,6,0,0,0,1,0,0,0,0,7,0,2193,0,92,0,0,54,12,19,4939,4105,768,2395,320,2395,320
Sterling,51,0,0,0,0,0,0,0,0,0,0,0,0,0,0,0,0,0,0,0,0,0,0,0,0,3,0,0,0,0,0,0,0,1,0,0,0,0,0,0,0,0,0,0,0,0,0,0,0,0,0,0,0,0,0,0,0,0,0,0,0,0,0,0,584,0,0,0,5,1,0,0,0,0,0,0,0,0,0,0,0,0,0,0,0,0,0,0,0,3,0,0,0,0,0,7,0,0,0,0,0,0,0,2,0,0,0,0,0,0,0,0,0,0,0,0,0,0,0,0,0,0,0,0,0,0,0,0,0,0,0,0,0,0,0,0,0,0,1,0,0,0,0,0,0,0,0,1,0,298,0,7,0,0,2,2,1,639,584,51,312,18,312,18
Stonewall,116,0,0,1,0,0,0,0,4,0,0,0,0,0,0,0,0,0,0,0,0,0,0,0,0,0,0,0,0,0,0,0,0,0,0,0,0,0,0,0,0,0,0,0,0,0,0,0,0,0,0,0,0,0,0,0,0,5,0,0,0,0,0,0,615,0,0,0,35,14,0,0,0,0,3,0,0,0,0,0,0,0,0,0,0,0,0,0,0,3,0,0,0,0,0,6,3,0,0,0,0,19,0,9,0,1,0,0,0,0,0,0,0,0,0,0,0,0,0,0,0,0,0,0,0,0,0,0,0,0,0,0,0,0,0,0,0,0,1,0,0,0,0,0,0,0,0,0,0,217,0,2,0,0,2,0,0,741,615,116,222,93,222,93
Sutton,322,0,4,0,0,0,0,0,9,0,0,0,0,0,0,0,0,0,0,0,0,0,0,0,0,0,0,0,0,2,0,0,0,0,0,0,0,0,0,0,0,0,0,0,0,0,0,0,0,0,0,0,0,0,0,0,0,0,0,0,0,0,0,0,1222,0,0,0,28,11,0,0,0,0,3,3,0,0,0,0,0,0,0,0,0,0,0,0,0,0,0,0,0,0,0,20,0,0,0,0,0,0,0,11,0,0,0,1,0,0,0,0,0,0,0,0,0,0,0,0,0,0,0,0,0,0,0,0,0,0,0,0,0,0,0,1,0,0,20,0,0,0,0,0,0,0,0,2,0,682,0,69,0,0,0,7,5,1559,1222,322,786,77,786,77
Swisher,478,0,10,0,0,0,0,0,22,0,0,0,0,0,0,0,0,0,0,0,0,0,0,0,0,0,0,0,1,0,0,0,0,0,0,0,0,0,0,0,0,0,0,0,0,0,0,0,0,0,0,0,0,0,0,0,0,9,0,0,0,0,0,0,1845,0,1,0,94,52,1,0,0,0,2,3,1,0,0,0,0,0,0,0,0,0,0,0,0,3,0,0,0,1,0,24,2,0,0,0,0,6,0,20,0,1,1,0,0,0,0,0,0,0,0,0,0,0,0,0,0,0,0,0,0,0,0,0,0,0,0,0,0,0,0,0,0,0,0,0,0,0,0,0,0,0,0,0,0,0,0,0,0,0,0,0,0,2365,1845,478,0,212,0,212
Tarrant,411567,0,2617,0,0,0,0,0,10368,0,0,0,0,0,0,0,0,0,311,14,0,1,0,0,0,0,0,46,0,2035,0,0,0,0,0,2,0,0,0,0,0,0,0,0,0,0,0,28,0,0,0,0,0,0,0,0,0,0,0,0,0,2,0,0,409741,0,1265,0,59267,19273,237,0,0,0,6316,562,243,0,0,0,0,32,0,389,0,0,0,0,0,3011,0,0,0,126,0,47504,958,0,0,0,0,698,0,15156,0,106,330,335,0,0,0,0,0,0,0,0,0,0,0,0,0,0,0,0,0,0,0,0,0,0,0,0,0,0,0,209,0,0,465,0,0,0,67,0,0,0,0,209,0,118494,0,3490,0,0,1019,1170,1099,836732,409741,411567,126222,155808,126222,155808
Taylor,14588,0,150,0,0,0,0,0,827,0,0,0,0,0,0,0,0,0,0,0,0,0,0,0,0,0,0,0,0,0,0,0,0,0,0,0,0,0,0,0,0,0,0,0,0,0,0,0,0,0,0,0,0,0,0,0,0,0,63,0,0,0,0,0,39547,0,6,0,1939,384,16,0,0,0,219,50,11,0,0,0,0,4,0,20,0,0,0,0,0,158,0,0,0,3,0,1388,28,0,0,0,0,40,0,601,0,0,4,26,0,0,0,0,0,0,0,0,0,0,0,0,0,0,0,0,0,0,0,0,0,0,0,0,0,0,0,25,0,0,52,0,0,0,10,0,0,0,0,17,0,14737,0,893,0,0,149,146,112,55175,39547,14588,16141,4897,16141,4897
Terrell,122,0,2,0,0,0,0,0,3,0,0,0,0,0,0,0,0,0,0,0,0,0,0,0,0,0,0,0,0,0,0,0,0,0,0,0,0,0,0,0,0,0,0,0,0,0,0,0,0,0,0,0,0,0,0,0,0,0,0,0,0,0,0,0,334,0,1,0,43,34,2,0,0,0,12,19,2,0,0,0,0,10,0,13,0,0,0,0,0,10,0,0,0,2,0,25,3,0,0,0,0,0,0,12,0,3,0,4,0,0,0,0,0,0,0,0,0,0,0,0,0,0,0,0,0,0,0,0,0,0,0,0,0,0,0,0,0,0,1,0,0,0,0,0,0,0,0,0,0,95,0,0,0,0,0,1,0,461,334,122,97,195,97,195
Terry,757,0,0,0,0,0,0,0,0,0,0,0,0,0,0,0,0,0,0,0,0,0,0,0,0,10,0,0,0,0,0,0,0,33,0,0,0,0,0,0,0,0,0,0,0,0,0,0,0,0,0,0,0,0,0,0,0,0,0,0,0,0,0,0,2812,0,0,0,75,60,0,0,0,0,8,3,1,0,0,0,0,0,1,0,0,0,0,0,5,0,0,0,0,0,0,63,3,0,0,0,0,0,0,16,0,1,0,1,0,0,0,0,0,0,0,0,0,0,0,0,0,0,0,0,0,0,0,0,0,0,0,0,0,0,0,5,0,0,50,0,0,0,4,0,0,0,0,4,0,1574,0,132,0,0,0,31,12,3612,2812,757,1812,237,1812,237
Travis,435860,0,0,0,0,0,0,0,8905,0,0,1776,0,0,6,0,0,0,253,9,0,4,0,0,0,2094,0,14,0,0,0,0,0,0,0,2,0,0,0,7,0,0,0,0,0,0,0,78,0,0,0,0,0,0,0,0,0,0,0,0,0,4,0,0,161337,0,125,0,53297,18759,136,0,0,0,10421,212,20,0,0,0,0,40,0,797,0,0,0,0,0,5196,0,0,0,16,0,84224,801,0,1567,0,0,0,0,50012,0,25,85,590,0,0,0,0,0,0,0,0,0,0,0,0,0,0,0,0,0,0,0,0,0,0,0,0,0,0,0,44,0,0,151,0,0,0,68,0,0,0,0,77,0,37832,0,2736,0,0,0,363,858,610349,161337,435860,42129,226323,42129,226323
Trinity,1323,0,0,0,0,0,0,0,0,0,0,0,0,0,0,0,0,0,0,0,0,0,0,0,0,11,0,0,0,0,0,0,0,25,0,0,0,0,0,0,0,0,0,0,0,0,0,0,0,0,0,0,0,0,0,0,0,0,0,0,0,0,0,0,5579,0,1,0,260,117,1,0,0,0,21,2,3,0,0,0,0,0,0,0,0,0,0,0,0,14,0,0,0,0,0,101,10,0,0,0,0,0,0,35,0,3,0,4,0,0,0,0,0,0,0,0,0,0,0,0,0,0,0,0,0,0,0,0,0,0,0,0,0,0,0,10,0,0,6,0,0,0,3,0,0,0,0,5,0,3197,0,125,0,0,0,26,16,6938,5579,1323,3388,572,3388,572
Tyler,1403,0,0,0,0,0,0,0,52,0,0,0,0,0,0,0,0,0,0,0,0,0,0,0,0,11,0,0,13,0,0,0,0,0,0,0,0,0,0,0,0,0,0,0,0,0,0,0,0,0,0,0,0,0,0,0,0,34,0,0,0,0,0,0,8194,0,2,0,300,131,3,0,0,0,12,1,1,0,0,0,0,2,0,3,0,0,0,0,0,14,0,0,0,0,0,104,5,0,0,0,0,3,0,42,0,3,2,2,0,0,0,0,0,0,0,0,0,0,0,0,0,0,0,0,0,0,0,0,0,0,0,0,0,0,0,4,0,0,9,0,0,0,7,0,0,0,0,6,0,4147,0,95,0,0,58,23,14,9707,8194,1403,4363,630,4363,630
Upshur,2877,0,22,0,0,0,0,0,179,0,0,0,0,0,0,0,0,0,3,1,0,0,0,0,0,0,0,0,0,0,0,0,0,0,0,0,0,0,0,0,0,0,0,0,0,0,0,1,0,0,0,0,0,0,0,27,0,59,0,0,0,0,0,0,15809,0,21,0,705,180,10,0,0,0,35,1,4,0,0,0,0,1,0,10,0,0,0,0,0,22,0,0,0,1,0,254,6,0,0,0,0,46,0,72,0,5,2,1,0,0,0,0,0,0,0,2,0,0,6,0,0,8,0,0,0,5978,100,115,24,0,36,0,0,0,0,0,0,0,0,0,0,0,0,0,0,0,0,0,0,0,0,0,0,0,0,0,0,18978,15809,2877,0,1376,0,1376
Upton,169,0,7,0,0,0,0,0,13,0,0,0,0,0,0,0,0,0,0,0,0,0,0,0,0,0,0,0,0,0,0,0,0,0,0,0,0,0,0,0,0,0,0,0,0,0,0,0,0,0,0,0,0,0,0,0,0,3,0,0,0,0,0,0,1170,0,0,0,19,23,3,0,0,0,1,2,0,0,0,0,0,0,0,0,0,0,0,0,0,1,0,0,0,0,0,28,2,0,0,0,0,2,0,13,0,0,2,0,0,0,0,0,0,0,0,0,0,0,0,0,0,0,0,0,0,0,0,0,0,0,0,0,0,0,0,0,0,0,7,0,0,0,1,0,0,0,0,3,0,597,0,21,0,0,7,2,4,1362,1170,169,642,96,642,96
Uvalde,4073,0,29,0,0,0,0,0,66,0,0,0,0,0,0,0,0,0,0,0,0,0,0,0,0,0,0,0,0,0,0,0,0,0,0,0,0,0,0,0,0,0,0,0,0,0,0,0,0,0,0,0,0,0,0,0,0,113,2,0,0,0,0,0,6174,0,17,0,631,593,5,0,0,0,88,233,32,0,0,0,0,46,0,37,0,0,0,0,0,44,0,0,0,6,0,633,32,0,0,0,0,272,0,116,0,2,5,23,0,0,0,0,0,0,0,0,0,0,0,0,0,0,0,0,0,0,0,0,0,0,0,0,0,0,0,1,0,0,18,0,0,0,1,0,0,0,0,4,0,2334,0,79,0,0,20,18,7,10457,6174,4073,2482,2815,2482,2815
Van Zandt,3516,0,0,0,0,0,0,0,0,0,0,0,0,0,0,0,0,0,0,0,0,0,0,0,0,33,0,0,0,0,0,0,0,175,0,0,0,0,0,0,0,0,0,0,0,0,0,0,0,0,0,0,0,0,0,0,0,0,0,0,0,0,0,0,22370,0,5,0,725,261,3,0,0,0,35,2,1,0,0,0,0,0,0,0,0,0,0,0,0,26,0,0,0,0,0,340,15,0,0,0,0,0,0,101,0,2,2,2,0,0,0,0,0,0,0,0,0,0,0,0,0,0,0,0,0,0,0,0,0,0,0,0,0,0,0,14,0,0,0,0,11,0,1,0,0,0,0,8,0,10147,0,251,0,0,0,32,34,26094,22370,3516,10498,1520,10498,1520
Walker,7884,0,63,0,0,0,0,0,287,0,0,0,0,0,0,0,0,0,0,0,0,0,0,0,0,0,0,0,49,0,0,0,0,0,0,0,0,0,0,0,0,0,0,0,0,0,0,0,0,0,0,0,0,0,0,0,0,0,0,0,0,0,0,0,15375,0,0,6,1164,347,8,0,0,0,97,3,5,0,0,0,0,2,0,11,0,0,0,0,0,47,0,0,0,0,0,692,33,0,0,0,0,0,0,269,0,3,2,8,0,0,0,0,0,0,0,0,0,0,0,0,0,0,0,0,0,0,0,0,0,0,0,0,0,0,0,4,0,0,7,0,0,0,2,0,0,0,0,6,0,5328,0,92,0,0,0,17,28,23658,15375,7884,5484,2697,5484,2697
Waller,0,8164,0,0,0,82,201,0,0,0,0,0,0,0,0,0,0,0,0,0,0,0,0,0,0,0,0,0,0,39,0,0,0,0,0,0,0,0,0,0,0,0,0,0,0,0,0,0,0,0,0,0,0,0,0,0,0,0,0,0,0,0,0,14233,0,0,34,0,1014,346,23,0,0,0,56,13,2,0,0,0,0,1,0,8,0,0,0,0,0,32,0,0,0,4,0,869,9,0,0,0,0,50,0,195,0,0,10,4,0,0,0,0,0,0,0,0,0,0,0,0,0,0,0,0,0,0,0,0,0,0,0,0,0,0,0,1,0,0,11,0,0,0,0,0,0,0,0,3,0,4891,0,173,0,0,32,37,30,22719,14233,8164,5178,2670,5178,2670
Ward,764,0,6,0,0,0,0,0,29,0,0,0,0,0,0,0,0,0,0,0,0,0,0,0,0,0,0,0,0,0,0,0,0,0,0,0,0,0,0,0,0,40,0,0,0,0,0,0,0,0,0,0,0,0,0,0,14,0,0,0,0,0,0,0,3241,0,5,0,112,111,1,0,0,0,3,16,1,0,0,0,0,7,0,2,0,0,0,0,0,4,0,0,0,2,0,98,5,0,0,0,0,34,0,24,0,3,1,2,0,0,0,0,0,0,0,0,0,0,0,0,0,0,0,0,0,0,0,0,0,0,0,0,0,0,0,3,0,0,21,0,0,0,0,0,0,0,0,2,0,1340,0,84,0,0,38,13,5,4094,3241,764,1506,431,1506,431
Washington,4261,0,20,0,0,0,0,0,178,0,0,0,0,0,0,0,0,0,0,0,0,0,0,0,0,0,0,0,0,31,0,0,0,0,0,0,0,0,0,0,0,0,0,0,0,0,0,0,0,0,0,0,0,0,0,0,0,92,0,0,0,0,0,0,12959,0,3,0,676,280,4,0,0,0,91,8,2,0,0,0,0,0,0,5,0,0,0,0,0,52,0,0,0,0,0,323,22,0,0,0,0,26,0,137,0,1,5,6,0,0,0,0,0,0,0,0,0,0,0,0,0,0,0,0,0,0,0,0,0,0,0,0,0,0,0,0,0,0,5,0,0,0,1,0,0,0,0,5,0,4898,0,105,0,0,45,19,15,17541,12959,4261,5093,1641,5093,1641
Wharton,4694,0,36,0,0,0,0,0,105,0,0,0,0,0,0,0,0,0,0,0,0,0,0,0,0,0,0,0,15,0,0,0,0,0,0,0,0,0,0,0,0,0,0,0,0,0,0,0,0,0,0,0,0,0,0,0,0,0,0,0,0,0,0,0,11926,0,4,0,612,303,5,0,0,0,32,7,5,0,0,0,0,6,0,1,0,0,0,0,0,30,0,0,0,1,0,364,18,0,0,0,0,0,0,80,0,5,2,6,0,0,0,0,0,0,0,0,0,0,0,0,0,0,0,0,0,0,0,0,0,0,0,0,0,0,0,8,0,0,31,0,0,0,12,0,0,0,0,9,0,6602,0,343,0,0,0,45,49,16776,11926,4694,7099,1481,7099,1481
Wheeler,0,168,0,0,0,0,7,0,0,0,0,0,0,0,0,0,0,0,0,0,0,0,0,0,0,0,0,0,0,3,0,0,0,0,0,0,0,0,0,0,0,0,0,0,0,0,0,0,0,0,0,0,0,0,0,0,0,0,0,3,0,0,0,2159,0,0,0,0,34,16,0,0,0,0,2,0,0,0,0,0,0,0,0,1,0,0,0,0,0,4,0,0,0,0,0,14,0,0,0,0,0,0,0,3,0,0,0,0,0,0,0,0,0,0,0,0,0,0,0,0,0,0,0,0,0,0,0,0,0,0,0,0,0,0,0,1,0,0,2,0,0,0,0,0,0,0,0,1,0,1568,0,42,0,0,0,8,4,2340,2159,168,1626,74,1626,74
Wichita,0,0,0,0,0,0,0,0,0,0,0,0,0,13161,0,0,0,0,0,0,0,0,0,0,0,125,0,0,0,0,0,0,0,675,0,0,0,0,0,0,0,0,0,0,0,0,0,0,0,0,0,0,0,0,32069,0,0,338,10,0,0,0,0,0,0,0,14,0,1707,606,6,0,0,0,244,8,10,0,0,0,0,2,0,18,0,0,0,0,0,124,0,0,0,1,0,1300,30,0,0,0,0,59,0,439,0,5,7,26,0,0,0,0,0,0,0,0,0,0,0,0,0,0,0,0,0,0,0,0,0,0,0,0,0,0,0,24,0,0,34,0,0,0,32,0,0,0,0,18,0,12006,0,573,0,0,201,81,73,46378,0,0,13042,4606,13042,4606
Wilbarger,956,0,11,0,0,0,0,0,33,0,0,0,0,0,0,0,0,0,0,0,0,0,0,0,0,0,0,0,0,0,0,0,0,0,0,0,0,0,0,0,0,0,0,0,0,0,0,0,0,0,0,0,0,0,0,0,0,76,0,0,0,0,0,0,3524,0,1,0,101,35,0,0,0,0,7,1,6,0,0,0,0,0,0,0,0,0,0,0,0,10,0,0,0,0,0,55,0,0,0,0,0,0,0,15,0,1,1,1,0,0,0,0,0,0,0,0,0,0,0,0,0,0,0,0,0,0,0,0,0,0,0,0,0,0,0,6,0,0,11,0,0,0,5,0,0,0,0,18,0,1958,0,137,0,0,0,19,9,4600,3524,956,2163,234,2163,234
Williamson,143647,0,0,0,0,0,0,0,0,0,0,0,0,0,0,0,0,0,0,0,0,0,0,0,0,789,0,0,855,0,0,0,0,4993,0,0,0,0,0,0,0,0,0,0,0,0,0,0,0,0,0,0,0,0,0,0,0,0,0,0,0,0,0,0,139647,0,36,0,18198,6852,44,0,0,0,3376,93,29,0,0,0,0,17,0,311,0,0,0,0,0,1785,0,0,0,11,0,19322,334,0,0,0,0,181,0,10324,0,15,27,159,0,0,0,0,0,0,0,0,0,0,0,0,0,0,0,0,0,0,0,0,0,0,0,0,0,0,0,86,0,0,118,0,0,0,35,0,0,0,0,74,0,40954,0,1782,0,0,250,325,623,289931,139647,143647,44247,61114,44247,61114
Wilson,6350,0,39,0,0,0,0,0,151,0,0,0,0,0,0,0,0,0,0,0,0,0,0,0,0,0,0,0,0,29,0,0,0,0,0,0,0,0,0,0,0,0,0,0,0,0,0,0,0,0,0,0,0,0,0,0,0,0,0,0,0,0,0,0,18463,0,0,0,0,0,0,0,0,0,0,0,0,0,0,0,0,0,0,0,0,0,0,0,0,0,0,0,0,0,0,0,0,0,0,0,0,0,0,0,0,0,0,0,7,641,330,1,59,48,1,13,3,5,31,0,35,6,0,442,23,4624,156,0,26,162,23,0,2,4,0,0,0,0,0,0,0,0,0,0,0,0,0,0,0,0,0,0,0,0,0,0,0,25032,18463,6350,0,0,0,0
Wise,4973,0,47,0,0,0,0,0,310,0,0,0,0,0,0,0,0,0,2,0,0,0,0,0,0,0,0,1,0,42,0,0,0,0,0,0,0,0,0,0,0,0,0,0,0,0,0,0,0,0,0,0,0,0,0,0,0,0,0,0,0,0,0,0,27032,0,4,0,645,335,2,0,0,0,86,6,2,0,0,0,0,1,0,8,0,0,0,0,0,52,0,0,0,0,0,491,39,0,0,0,0,0,0,155,0,1,6,3,0,0,0,0,0,0,0,0,0,0,0,0,0,0,0,0,0,0,0,0,0,0,0,0,0,0,0,1,0,0,16,0,0,0,1,0,0,0,0,15,0,9773,0,222,0,0,0,43,30,32407,27032,4973,10101,1836,10101,1836
Wood,3509,0,40,0,0,0,0,0,175,0,0,0,0,0,0,0,0,0,0,0,0,1,0,0,0,0,0,3,0,0,0,0,0,0,0,1,0,0,0,0,0,0,0,0,0,0,0,1,0,0,0,0,0,0,0,0,0,0,0,0,0,0,0,0,19049,0,3,0,753,218,4,0,0,0,54,3,1,0,0,0,0,0,0,3,0,0,0,0,0,35,0,0,0,0,0,256,6,0,0,0,0,0,0,124,0,2,1,7,0,0,0,0,0,0,0,0,0,0,0,0,0,0,0,0,0,0,0,0,0,0,0,0,0,0,0,38,0,0,21,0,0,0,2,0,0,0,0,7,0,9114,0,256,0,0,0,55,37,22779,19049,3509,9530,1470,9530,1470
Yoakum,420,0,6,0,0,0,0,0,31,0,0,0,0,0,0,0,0,0,0,0,0,0,0,0,0,0,0,0,0,0,0,0,0,0,0,0,0,0,0,0,0,0,0,0,0,0,0,0,0,0,0,0,0,5,0,0,6,0,0,0,0,0,0,0,2174,0,1,0,33,16,0,0,0,0,3,0,0,0,0,0,0,0,0,1,0,0,0,0,0,0,0,0,0,0,0,30,0,0,0,0,0,0,0,4,0,0,0,0,0,0,0,0,0,0,0,0,0,0,0,0,0,0,0,0,0,0,0,0,0,0,0,0,0,0,0,2,0,0,13,0,0,0,0,0,0,0,0,0,0,957,0,27,0,0,0,8,5,2642,2174,420,1012,88,1012,88
Young,0,1034,0,0,0,18,76,0,0,0,42,0,0,0,0,0,0,0,0,0,0,0,0,0,0,0,0,0,0,16,0,0,0,0,0,0,0,0,0,1,0,0,0,0,0,0,0,0,0,0,0,0,0,0,0,0,0,0,0,0,0,0,0,7110,0,0,0,0,185,61,1,0,0,0,21,2,0,0,0,0,0,0,0,7,0,0,0,0,0,20,0,0,0,0,0,82,4,0,0,0,0,11,0,39,0,0,0,5,0,0,0,0,0,0,0,0,0,0,0,0,0,0,0,0,0,0,0,0,0,0,0,0,0,0,0,1,0,0,15,0,0,0,1,0,0,0,0,5,0,3540,0,120,0,0,45,10,20,8297,7110,1034,3757,438,3757,438
Zapata,0,1826,0,0,0,4,11,0,0,0,0,0,0,0,0,0,0,0,0,0,0,0,0,0,0,0,0,0,0,4,0,0,0,0,0,0,0,0,0,0,0,0,0,0,0,0,0,0,0,0,0,0,0,0,0,0,0,0,0,0,0,0,0,2033,0,0,39,0,823,677,11,0,0,0,62,114,18,0,0,0,0,160,0,38,0,0,0,0,0,60,0,0,0,15,0,813,45,0,0,0,0,361,0,134,0,25,23,42,0,0,0,0,0,0,0,0,0,0,0,0,0,0,0,0,0,0,0,0,0,0,0,0,0,0,0,0,0,0,0,0,0,0,0,0,0,0,0,0,0,38,0,0,0,0,0,0,0,3878,2033,1826,38,3460,38,3460
Zavala,2864,0,12,0,0,0,0,0,0,0,0,3,0,0,0,0,0,0,0,0,0,0,0,0,0,0,0,0,0,0,0,0,0,13,0,0,0,0,0,0,0,0,0,0,0,0,0,0,0,0,0,0,0,3,0,0,81,0,0,0,0,0,0,0,1490,0,42,0,593,875,16,0,0,46,0,182,21,0,0,0,0,84,0,17,0,0,0,0,0,31,0,0,0,2,0,857,25,0,0,0,0,0,0,91,0,7,10,14,0,0,0,0,0,0,0,0,0,0,0,0,0,0,0,0,0,0,0,0,0,0,0,0,0,0,0,5,0,0,5,0,0,0,5,0,0,0,0,5,0,109,0,6,0,0,0,5,5,4466,1490,2864,145,2913,145,2913
