county,gen_dem_OBAMA,gen_grn_MCKINNEY,gen_lib_BARR,gen_nlp_NADER,gen_npa_KEYES,gen_npa_MOORE,gen_rep_MCCAIN,gen_ust_BALDWIN,rep_general_total,dem_general_total,lib_general_total,grn_general_total,nlp_general_total,ust_general_total,npa_general_total
Alcona,2896,18,36,51,0,0,3404,15,3404,2896,36,18,51,15,0
Alger,2472,14,19,44,0,0,2188,13,2188,2472,19,14,44,13,0
Allegan,24165,109,294,385,0,0,30061,265,30061,24165,294,109,385,265,0
Alpena,7705,25,79,121,0,0,7125,30,7125,7705,79,25,121,30,0
Antrim,6079,40,68,104,0,0,7506,55,7506,6079,68,40,104,55,0
Arenac,4155,22,36,86,0,0,3807,22,3807,4155,36,22,86,22,0
Baraga,1725,4,18,31,0,0,1846,20,1846,1725,18,4,31,20,0
Barry,13449,78,189,243,0,0,16431,175,16431,13449,189,78,243,175,0
Bay,32589,100,254,510,0,0,23795,180,23795,32589,254,100,510,180,0
Benzie,5451,21,36,66,0,0,4687,48,4687,5451,36,21,66,48,0
Berrien,40381,128,387,418,1,0,36130,221,36130,40381,387,128,418,221,1
Branch,8413,43,81,144,0,0,9534,70,9534,8413,81,43,144,70,0
Calhoun,34561,148,282,467,2,0,28553,183,28553,34561,282,148,467,183,2
Cass,12083,57,123,131,0,0,11114,68,11114,12083,123,57,131,68,0
Charlevoix,6817,43,70,84,0,0,7306,47,7306,6817,70,43,84,47,0
Cheboygan,6720,26,80,105,0,0,6920,50,6920,6720,80,26,105,50,0
Chippewa,8184,27,80,111,0,0,8267,39,8267,8184,80,27,111,39,0
Clare,7496,28,82,116,2,0,6793,50,6793,7496,82,28,116,50,2
Clinton,20005,61,181,275,3,0,19726,130,19726,20005,181,61,275,130,3
Crawford,3441,28,50,64,0,0,3561,34,3561,3441,50,28,64,34,0
Delta,9974,25,63,136,22,16,8763,65,8763,9974,63,25,136,65,38
Dickinson,5995,18,68,138,0,0,7049,43,7049,5995,68,18,138,43,0
Eaton,30742,101,274,414,1,0,25900,184,25900,30742,274,101,414,184,1
Emmet,8515,47,97,120,0,0,9314,56,9314,8515,97,47,120,56,0
Gd. Traverse,23258,128,244,250,2,0,24716,135,24716,23258,244,128,250,135,2
Genesee,143927,379,790,1690,2,0,72451,657,72451,143927,790,379,1690,657,2
Gladwin,6590,24,68,115,0,0,6391,53,6391,6590,68,24,115,53,0
Gogebic,4757,17,24,91,0,0,3330,45,3330,4757,24,17,91,45,0
Gratiot,9105,33,79,134,1,1,8322,63,8322,9105,79,33,134,63,2
Hillsdale,8765,42,131,183,0,0,11221,107,11221,8765,131,42,183,107,0
Houghton,7476,38,119,188,0,0,8101,50,8101,7476,119,38,188,50,0
Huron,8367,39,70,169,0,0,8434,56,8434,8367,70,39,169,56,0
Ingham,93994,301,698,934,0,1,46483,318,46483,93994,698,301,934,318,1
Ionia,12565,59,139,243,0,0,14156,157,14156,12565,139,59,243,157,0
Iosco,7309,29,80,146,0,0,6583,40,6583,7309,80,29,146,40,0
Iron,3080,17,31,63,0,0,2947,24,2947,3080,31,17,63,24,0
Isabella,16679,61,125,212,1,0,11220,52,11220,16679,125,61,212,52,1
Jackson,37480,156,327,607,0,0,35692,241,35692,37480,327,156,607,241,0
Kalamazoo,77051,237,770,836,1,1,51554,331,51554,77051,770,237,836,331,2
Kalkaska,3780,31,53,65,0,0,4527,43,4527,3780,53,31,65,43,0
Kent,149909,493,1635,1632,9,1,148336,1220,148336,149909,1635,493,1632,1220,10
Keweenaw,610,2,8,20,0,0,756,14,756,610,8,2,20,14,0
Lake,2919,12,29,48,0,0,2269,15,2269,2919,29,12,48,15,0
Lapeer,21457,96,317,403,0,0,22831,258,22831,21457,317,96,403,258,0
Leelanau,7355,32,58,56,0,0,6938,25,6938,7355,58,32,56,25,0
Lenawee,24640,88,244,345,1,0,22225,191,22225,24640,244,88,345,191,1
Livingston,42349,154,598,658,4,0,55592,283,55592,42349,598,154,658,283,4
Luce,1191,8,14,24,0,0,1490,13,1490,1191,14,8,24,13,0
Mackinac,3027,5,21,63,0,0,3268,12,3268,3027,21,5,63,12,0
Macomb,223784,750,2357,3424,5,5,187663,1228,187663,223784,2357,750,3424,1228,10
Manistee,7235,42,56,115,0,0,5510,51,5510,7235,56,42,115,51,0
Marquette,19635,95,191,274,0,0,12906,84,12906,19635,191,95,274,84,0
Mason,7817,33,72,109,0,0,7147,45,7147,7817,72,33,109,45,0
Mecosta,9101,41,92,129,8,2,9238,53,9238,9101,92,41,129,53,10
Menominee,5981,11,56,97,38,0,4855,34,4855,5981,56,11,97,34,38
Midland,20701,83,237,264,0,0,22263,159,22263,20701,237,83,264,159,0
Missaukee,2898,18,32,55,0,0,4469,20,4469,2898,32,18,55,20,0
Monroe,39180,132,386,583,0,1,35858,282,35858,39180,386,132,583,282,1
Montcalm,13208,63,131,233,0,0,13291,125,13291,13208,131,63,233,125,0
Montmorency,2403,14,21,59,0,0,2841,22,2841,2403,21,14,59,22,0
Muskegon,53821,164,314,545,0,0,29145,282,29145,53821,314,164,545,282,0
Newaygo,10790,62,101,192,0,0,11862,98,11862,10790,101,62,192,98,0
Oakland,372566,978,3407,3627,2,1,276956,1531,276956,372566,3407,978,3627,1531,3
Oceana,6405,18,50,108,0,0,5860,68,5860,6405,50,18,108,68,0
Ogemaw,5391,26,57,110,0,0,5133,51,5133,5391,57,26,110,51,0
Ontonagon,1966,7,23,43,0,0,1823,23,1823,1966,23,7,43,23,0
Osceola,4855,13,49,92,0,0,5973,44,5973,4855,49,13,92,44,0
Oscoda,1887,13,28,53,0,0,2320,27,2320,1887,28,13,53,27,0
Otsego,5634,30,48,107,0,0,6752,45,6752,5634,48,30,107,45,0
Ottawa,50828,185,704,627,4,0,83330,590,83330,50828,704,185,627,590,4
Presque Isle,3722,13,46,91,0,0,3606,27,3606,3722,46,13,91,27,0
Roscommon,7082,24,57,121,0,1,6727,39,6727,7082,57,24,121,39,1
Saginaw,60276,188,406,746,0,1,42225,248,42225,60276,406,188,746,248,1
Sanilac,9047,40,130,176,0,0,10679,97,10679,9047,130,40,176,97,0
Schoolcraft,2184,10,21,36,0,1,2058,16,2058,2184,21,10,36,16,1
Shiawassee,19397,82,169,366,0,0,16268,133,16268,19397,169,82,366,133,0
St. Clair,40677,188,507,673,0,0,38536,319,38536,40677,507,188,673,319,0
St. Joseph,12322,59,163,195,1,0,12886,76,12886,12322,163,59,195,76,1
Tuscola,13503,62,118,246,0,0,13740,129,13740,13503,118,62,246,129,0
Van Buren,18588,54,210,234,0,0,15534,146,15534,18588,210,54,234,146,0
Washtenaw,130578,309,852,1014,9,2,53946,405,53946,130578,852,309,1014,405,11
Wayne,660085,1356,2926,4700,10,7,219582,1660,219582,660085,2926,1356,4700,1660,17
Wexford,7379,37,80,102,0,0,8044,62,8044,7379,80,37,102,62,0
