county,pri_dem_BIDEN,pri_dem_CLINTON,pri_dem_DODD,pri_dem_EDWARDS,pri_dem_OBAMA,pri_dem_RICHARDSON,pri_rep_CORT,pri_rep_GIULIANI,pri_rep_HUCKABEE,pri_rep_HUNTER,pri_rep_KEYES,pri_rep_MCCAIN,pri_rep_PAUL,pri_rep_ROMNEY,pri_rep_THOMPSON,pri_rep_TRAN,gen_dem_OBAMA,gen_lib_BARR,gen_rep_MCCAIN,gen_wri_ALLEN,gen_wri_BALDWIN,gen_wri_HILL,gen_wri_KEYES,gen_wri_MCKINNEY,gen_wri_MOORE,gen_wri_NADER,rep_primary_total,dem_primary_total,rep_general_total,dem_general_total,lib_general_total,wri_general_total
ANDERSON,11,2975,9,87,2182,41,1,8,1816,9,12,2101,156,34,28,0,4630,115,11884,0,10,0,5,0,0,11,4203,5305,11884,4630,115,26
ANDREWS,10,674,10,82,448,29,1,4,446,2,5,480,15,13,14,1,790,18,3816,1,4,0,0,0,0,0,983,1253,3816,790,18,5
ANGELINA,53,7714,33,387,4329,70,12,20,2389,12,14,2254,146,69,39,2,9379,189,19569,0,9,0,1,0,0,6,4985,12586,19569,9379,189,16
ARANSAS,2,1402,1,22,1018,14,1,33,882,9,15,2667,300,86,40,7,3006,79,6693,0,0,0,0,0,0,0,4195,2459,6693,3006,79,0
ARCHER,7,785,6,36,296,12,1,9,458,5,3,742,26,20,8,1,740,26,3595,0,1,0,0,0,0,3,1289,1142,3595,740,26,4
ARMSTRONG,0,0,0,0,0,0,0,4,226,4,4,194,59,5,5,1,128,6,856,0,0,0,0,0,0,0,525,0,856,128,6,0
ATASCOSA,16,3451,15,101,1971,35,2,8,740,2,8,923,54,21,16,0,4415,47,5462,0,3,0,2,0,0,9,1785,5589,5462,4415,47,14
AUSTIN,2,1745,1,20,1218,5,0,6,1166,69,23,1413,159,46,17,0,2821,72,8786,0,6,19,4,1,0,12,2932,2991,8786,2821,72,42
BAILEY,2,306,0,14,175,10,0,2,266,0,0,376,13,9,4,0,682,14,1618,1,0,0,0,0,0,1,682,507,1618,682,14,2
BANDERA,1,954,4,15,783,10,3,25,1155,12,41,2312,241,73,41,2,2250,83,6935,0,21,0,0,2,0,6,4074,1767,6935,2250,83,29
BASTROP,25,5573,13,198,5409,41,3,18,1759,10,24,2085,613,65,49,1,11687,318,13817,1,46,0,8,6,0,35,4684,11259,13817,11687,318,96
BAYLOR,5,613,1,95,186,10,0,0,45,0,1,82,3,0,0,0,366,15,1262,0,0,0,0,0,0,0,132,910,1262,366,15,0
BEE,30,2724,16,169,1429,49,0,9,326,0,3,513,34,9,8,1,3645,39,4471,0,0,0,1,0,0,1,915,4417,4471,3645,39,2
BELL,30,9837,10,150,14193,28,8,55,5639,74,98,10451,803,300,177,3,40413,542,49242,0,48,1,18,12,0,58,17906,24248,49242,40413,542,137
BEXAR,270,114391,259,868,87583,786,35,271,23971,151,399,39329,2763,1529,497,21,275527,3602,246275,1,120,0,17,19,1,153,69663,204157,246275,275527,3602,311
BLANCO,2,675,1,13,698,3,1,5,418,3,8,483,93,32,9,0,1467,33,3418,1,15,0,0,0,1,4,1059,1392,3418,1467,33,21
BORDEN,1,93,0,9,32,4,0,0,0,0,0,0,0,0,0,0,40,5,316,0,0,0,0,0,0,0,0,139,316,40,5,0
BOSQUE,42,1901,4,170,949,39,0,2,599,8,8,744,33,25,16,0,1797,87,5762,0,0,0,0,0,0,0,1444,3105,5762,1797,87,0
BOWIE,54,6224,24,308,3237,59,1,4,5458,9,9,1850,134,48,19,0,10815,173,24162,1,14,0,6,0,1,14,7562,9906,24162,10815,173,36
BRAZORIA,49,14636,16,219,14209,63,2,84,8030,235,185,10683,3612,370,143,4,36480,726,67515,3,128,2,7,13,1,65,23545,29192,67515,36480,726,219
BRAZOS,17,5863,7,94,7835,24,5,56,5405,47,90,6348,712,264,141,1,20502,597,37465,2,46,0,6,10,1,44,13195,13840,37465,20502,597,109
BREWSTER,6,989,8,44,1168,35,3,11,286,8,3,470,117,15,4,0,1970,53,1855,0,0,0,0,5,0,17,917,2250,1855,1970,53,22
BRISCOE,1,164,1,13,90,5,0,3,120,2,0,132,4,2,3,0,205,7,617,0,0,0,0,0,0,1,274,274,617,205,7,1
BROOKS,13,2294,17,61,763,37,0,0,0,0,0,0,0,0,0,0,1747,6,556,0,0,0,0,0,0,0,0,3185,556,1747,6,0
BROWN,2,1717,4,63,803,22,4,23,1902,6,26,2860,146,72,59,0,2822,121,12052,0,10,0,1,0,0,9,5183,2611,12052,2822,121,20
BURLESON,6,1335,1,44,826,4,0,9,544,2,7,648,66,16,9,0,2053,59,4547,0,3,0,0,1,0,2,1313,2216,4547,2053,59,6
BURNET,4,2453,6,36,1807,15,0,46,1829,7,21,3318,298,65,37,2,4608,190,12059,0,20,1,2,1,0,12,5757,4321,12059,4608,190,36
CALDWELL,10,2738,15,90,2252,18,4,5,663,4,16,730,197,19,23,0,5403,106,6107,0,18,0,3,1,0,10,1675,5123,6107,5403,106,32
CALHOUN,13,2222,13,153,1252,57,0,4,271,6,0,428,91,10,5,0,2729,34,4106,1,6,0,0,1,0,2,818,3710,4106,2729,34,10
CALLAHAN,5,848,0,36,527,6,3,6,659,6,1,556,39,14,12,0,1063,59,4589,0,4,0,0,0,0,1,1302,1422,4589,1063,59,5
CAMERON,127,32824,74,412,14836,256,5,55,1238,39,28,2910,283,135,59,4,48480,457,26671,0,12,0,1,2,0,34,4822,48529,26671,48480,457,49
CAMP,6,953,6,51,847,7,0,1,329,3,2,360,20,8,8,0,1734,35,2798,0,0,0,0,0,0,0,736,1870,2798,1734,35,0
CARSON,2,399,1,15,148,9,0,4,467,10,3,436,29,15,10,0,406,21,2548,0,4,0,0,0,0,1,979,574,2548,406,21,5
CASS,36,3692,19,276,1463,33,0,0,961,3,9,425,69,6,5,1,3490,72,8279,0,3,0,0,0,0,2,1484,5519,8279,3490,72,5
CASTRO,1,581,5,22,303,28,0,4,183,0,0,200,6,1,6,0,719,8,1562,0,2,0,0,0,0,0,401,940,1562,719,8,2
CHAMBERS,10,1958,5,67,1339,7,2,36,1260,31,13,1640,265,64,28,0,3188,100,9988,0,6,0,0,0,1,9,3377,3386,9988,3188,100,16
CHEROKEE,15,2950,12,108,2121,24,2,13,1684,6,23,2052,101,39,34,0,4610,84,11695,2,15,0,0,1,0,10,4011,5230,11695,4610,84,28
CHILDRESS,2,433,3,17,173,8,0,1,151,1,1,178,4,4,3,0,497,17,1782,0,0,0,0,0,0,0,343,636,1782,497,17,0
CLAY,8,1436,14,142,459,14,0,6,398,3,6,644,33,8,13,0,1085,34,4213,0,1,0,1,0,0,5,1125,2073,4213,1085,34,7
COCHRAN,2,184,2,15,116,10,0,1,151,1,0,121,1,1,1,0,284,14,758,0,1,0,0,0,0,0,281,329,758,284,14,1
COKE,12,405,6,89,226,20,0,1,57,0,0,65,2,8,0,0,299,16,1252,0,0,0,0,0,0,2,133,758,1252,299,16,2
COLEMAN,1,503,1,27,164,8,3,17,645,5,9,956,30,25,29,2,643,43,3011,0,3,0,1,0,0,1,1777,704,3011,643,43,5
COLLIN,38,32064,30,191,40113,82,15,198,21777,157,324,24606,2095,1465,470,13,109047,2168,184897,0,236,4,43,19,4,165,51556,72518,184897,109047,2168,471
COLLINGSWORTH,2,332,2,41,156,17,0,0,94,3,1,85,5,4,1,0,234,16,943,0,0,0,0,2,0,0,193,550,943,234,16,2
COLORADO,6,1693,0,52,1190,9,2,7,685,25,1,947,132,34,8,0,2508,38,5795,0,4,7,0,1,0,0,1856,2950,5795,2508,38,12
COMAL,11,5047,5,49,4817,17,6,69,5199,46,114,8026,727,458,161,0,12384,393,35233,0,61,0,24,3,5,55,14950,9946,35233,12384,393,148
COMANCHE,13,1345,5,82,553,23,1,0,400,2,6,420,37,9,10,0,1334,57,3813,1,5,1,2,0,0,4,890,2021,3813,1334,57,13
CONCHO,1,214,0,14,111,0,1,3,117,2,1,173,8,2,2,0,257,11,807,0,2,0,0,0,0,0,323,340,807,257,11,2
COOKE,4,1738,1,50,987,5,1,31,2090,25,37,3128,247,124,55,2,3051,102,11871,0,6,0,0,1,1,0,5855,2785,11871,3051,102,8
CORYELL,12,2434,4,62,2434,11,0,38,1161,14,15,2007,114,59,32,0,6619,132,11550,1,15,0,0,1,0,14,3478,4957,11550,6619,132,31
COTTLE,7,276,4,44,113,27,0,0,0,0,0,0,0,0,0,0,187,9,509,0,0,0,0,0,0,0,0,471,509,187,9,0
CRANE,4,282,1,32,235,29,0,1,119,1,2,172,8,6,4,0,319,16,1119,0,0,0,0,0,0,0,320,583,1119,319,16,0
CROCKETT,16,566,19,112,414,39,0,0,0,0,0,0,0,0,0,0,512,7,1026,0,0,0,0,0,0,0,0,1166,1026,512,7,0
CROSBY,8,641,6,87,373,36,0,0,83,0,3,49,0,0,2,0,684,9,1221,0,0,0,0,0,0,0,140,1151,1221,684,9,0
CULBERSON,7,312,4,13,175,15,0,0,0,0,0,0,0,0,0,0,492,8,257,1,1,0,0,0,0,0,0,526,257,492,8,2
DALLAM,0,135,2,8,88,1,0,9,273,1,3,306,18,8,7,0,302,15,1269,0,1,0,0,0,0,2,639,234,1269,302,15,3
DALLAS,262,113460,176,845,182619,325,74,360,36521,340,580,47245,3856,1532,733,41,422989,4361,310000,10,405,4,92,75,10,517,92045,297687,310000,422989,4361,1113
DAWSON,6,777,10,38,402,12,1,11,562,2,4,749,33,11,19,0,1152,33,2906,0,3,0,0,0,0,2,1423,1245,2906,1152,33,5
DEAF SMITH,2,604,1,14,336,11,1,20,687,4,6,992,19,39,13,1,1247,28,3466,0,0,0,0,0,0,3,1850,968,3466,1247,28,3
DELTA,5,656,8,45,219,8,1,7,304,1,4,269,18,14,8,0,589,18,1580,0,0,0,0,0,0,0,650,941,1580,589,18,0
DENTON,18,24103,20,173,30468,44,3,138,17166,144,385,17266,1766,917,350,7,91160,1700,149935,9,187,2,33,20,16,201,38610,54826,149935,91160,1700,468
DEWITT,2,996,5,26,699,4,2,10,542,8,2,1058,183,24,4,0,1716,22,4888,0,0,0,0,0,0,0,1873,1732,4888,1716,22,0
DICKENS,3,335,4,59,194,17,0,0,0,0,0,0,0,0,0,0,234,8,730,0,0,0,0,0,0,0,0,612,730,234,8,0
DIMMIT,17,2149,12,71,886,39,0,0,7,0,0,10,1,0,0,0,2692,17,874,0,1,0,0,0,0,3,18,3174,874,2692,17,4
DONLEY,3,297,1,23,119,18,0,2,192,5,0,208,12,10,5,0,291,25,1374,0,0,0,0,0,0,0,441,461,1374,291,25,0
DUVAL,26,3913,10,65,988,51,0,0,0,0,0,0,0,0,0,0,3298,35,1076,0,0,0,0,0,0,0,0,5053,1076,3298,35,0
EASTLAND,6,1104,8,35,374,13,2,11,1047,6,6,954,34,35,19,0,1271,68,5165,0,0,0,0,0,0,5,2148,1540,5165,1271,68,5
ECTOR,7,5347,10,80,2717,30,1,113,3708,28,29,5755,287,195,106,3,9123,241,26199,0,15,0,1,0,0,27,10383,8191,26199,9123,241,43
EDWARDS,1,175,3,8,131,3,0,3,99,3,0,146,10,4,4,0,346,12,673,0,1,0,1,1,0,1,271,321,673,346,12,4
EL PASO,246,71298,179,487,30019,885,15,199,4040,59,113,12494,535,642,259,27,122021,1151,61783,2,73,0,6,19,5,173,18727,103114,61783,122021,1151,278
ELLIS,16,7086,14,85,5725,24,0,44,6198,40,74,6151,445,136,101,4,15333,346,38078,0,47,2,8,4,0,35,13353,12950,38078,15333,346,96
ERATH,3,1696,7,37,971,6,0,20,1499,10,13,1474,110,57,37,0,3128,103,10768,1,3,0,2,0,0,14,3261,2720,10768,3128,103,20
FALLS,3,1335,8,69,1188,23,0,9,295,4,5,469,36,14,7,0,2225,40,3328,0,2,0,1,0,0,3,853,2626,3328,2225,40,6
FANNIN,10,2976,6,97,1115,14,0,10,1179,10,15,1361,116,33,25,6,3464,101,8092,3,16,0,2,1,0,15,2808,4218,8092,3464,101,37
FAYETTE,31,3068,36,272,2087,74,0,5,460,18,12,830,156,17,14,0,3014,82,7582,0,5,16,1,1,0,13,1516,5568,7582,3014,82,36
FISHER,8,751,7,76,304,22,0,0,51,0,0,29,3,1,2,0,687,14,1083,0,0,0,0,0,0,0,86,1168,1083,687,14,0
FLOYD,0,345,3,8,213,8,0,6,393,3,3,455,20,7,9,1,730,7,1784,0,0,0,0,0,0,0,928,577,1784,730,7,0
FOARD,6,264,5,35,108,14,0,0,0,0,0,0,0,0,0,0,198,13,327,0,0,0,0,0,0,0,0,432,327,198,13,0
FORT BEND,19,25670,21,137,43893,45,6,150,11521,561,215,18652,1950,1248,258,21,98368,1014,103206,1,86,5,20,4,1,117,35165,69785,103206,98368,1014,234
FRANKLIN,3,798,1,39,313,4,0,4,539,0,3,548,31,20,10,0,1036,54,3392,0,0,0,0,0,0,9,1167,1158,3392,1036,54,9
FREESTONE,12,1551,14,109,1100,15,0,8,553,2,6,599,41,13,11,0,2034,41,5205,0,4,0,0,0,0,4,1237,2801,5205,2034,41,8
FRIO,36,2650,20,121,1348,51,0,0,26,0,2,17,6,3,0,0,2405,13,1644,0,0,0,0,0,0,0,54,4226,1644,2405,13,0
GAINES,4,373,2,17,197,3,3,12,690,4,10,837,29,42,22,1,650,27,3385,0,2,0,1,2,0,0,1722,596,3385,650,27,5
GALVESTON,71,20435,39,386,18522,104,9,66,5726,170,146,7606,1326,276,111,5,41805,744,62258,0,60,2,21,14,3,97,15547,39557,62258,41805,744,197
GARZA,5,316,2,69,226,11,0,2,197,1,3,222,10,6,9,0,375,15,1356,1,0,0,0,2,0,1,459,629,1356,375,15,4
GILLESPIE,2,953,2,15,1067,4,0,45,1409,13,94,3445,471,118,55,2,2576,101,9563,0,62,2,14,3,0,17,5754,2043,9563,2576,101,98
GLASSCOCK,0,11,0,0,8,0,0,8,105,2,0,250,40,9,8,0,52,1,502,0,2,0,0,0,0,0,442,19,502,52,1,2
GOLIAD,2,722,5,19,509,4,0,5,212,7,3,459,111,14,6,0,1329,17,2298,0,7,0,0,0,0,4,822,1261,2298,1329,17,11
GONZALES,13,1563,10,142,1254,54,0,6,372,1,1,534,90,11,6,0,2167,37,4076,0,1,0,1,0,0,5,1032,3036,4076,2167,37,7
GRAY,3,738,3,37,421,10,0,23,1412,9,9,1539,48,37,23,1,1153,49,6924,0,3,0,1,1,0,2,3149,1212,6924,1153,49,7
GRAYSON,13,7431,16,132,4359,38,2,51,4230,36,50,5332,294,187,115,5,13900,342,31136,2,54,1,10,2,0,30,10402,11989,31136,13900,342,99
GREGG,10,4580,4,69,6503,19,3,30,4542,14,46,5893,395,120,75,1,13166,181,29203,1,44,0,2,2,1,10,11231,11185,29203,13166,181,60
GRIMES,4,1546,5,53,1206,11,0,4,809,15,14,849,88,13,16,1,2704,56,5562,0,0,0,0,0,0,0,1846,2825,5562,2704,56,0
GUADALUPE,9,5943,12,88,6468,22,5,50,3858,20,60,5836,562,250,64,2,16156,362,30869,0,38,0,15,1,0,20,10883,12542,30869,16156,362,74
HALE,4,1317,3,36,875,16,0,5,1121,9,8,1094,41,28,20,3,2708,54,7171,0,4,0,5,0,1,0,2351,2251,7171,2708,54,10
HALL,11,493,0,59,205,45,0,0,0,0,0,0,0,0,0,0,324,8,930,0,1,0,0,0,0,1,0,813,930,324,8,2
HAMILTON,9,800,8,82,507,18,2,3,314,2,3,385,26,11,10,0,863,31,2876,0,5,0,0,0,0,3,761,1424,2876,863,31,8
HANSFORD,0,0,0,0,0,0,1,14,459,5,2,654,22,18,11,1,240,12,1847,0,1,0,0,1,0,1,1236,0,1847,240,12,3
HARDEMAN,17,640,6,139,246,38,0,0,0,0,0,0,0,0,0,0,373,23,1199,0,0,0,0,0,0,0,0,1086,1199,373,23,0
HARDIN,46,6045,46,543,2090,110,0,11,1104,2,35,1210,98,30,27,0,3939,155,16603,0,1,0,0,0,0,4,2539,8880,16603,3939,155,5
HARRIS,236,176268,260,1271,228610,457,53,715,57945,3194,1149,87567,9153,4695,1467,143,590982,6783,571883,12,656,12,102,176,8,858,169448,407102,571883,590982,6783,1824
HARRISON,33,4744,23,231,4057,82,1,11,2309,11,17,1731,192,45,44,1,8887,140,17103,0,16,0,2,2,0,8,4394,9170,17103,8887,140,28
HARTLEY,3,215,0,12,87,5,0,1,361,1,3,375,17,10,5,0,250,22,1711,0,1,0,0,0,0,1,773,322,1711,250,22,2
HASKELL,9,897,9,63,293,27,0,0,67,0,1,60,10,0,1,0,699,25,1388,0,2,0,0,0,0,2,140,1298,1388,699,25,4
HAYS,21,8595,8,104,11256,47,2,21,2782,14,52,3594,1310,177,48,1,28431,720,29638,2,131,4,12,23,2,89,8001,20031,29638,28431,720,263
HEMPHILL,2,81,0,4,37,2,0,17,352,2,3,593,17,10,4,0,216,7,1345,0,0,0,0,0,0,2,1028,126,1345,216,7,2
HENDERSON,16,5260,6,144,2815,19,21,46,3685,24,38,5003,212,111,63,3,7913,196,20857,0,18,0,1,0,0,8,9475,8260,20857,7913,196,27
HIDALGO,188,61581,94,558,21978,493,10,46,1914,22,30,3163,265,186,35,5,90261,718,39668,1,30,0,8,7,2,89,5753,84892,39668,90261,718,137
HILL,6,2861,7,76,1264,10,0,12,1513,19,13,1813,90,45,48,0,3811,104,9264,0,6,0,0,1,0,2,3608,4224,9264,3811,104,9
HOCKLEY,3,810,1,15,503,9,6,19,1141,6,14,1439,36,29,27,1,1797,46,5795,0,2,0,0,0,0,5,2761,1341,5795,1797,46,7
HOOD,5,3070,12,69,1694,12,5,56,2614,35,35,4205,226,139,83,9,5087,171,17299,3,18,0,0,0,1,17,7514,4862,17299,5087,171,39
HOPKINS,15,2898,10,105,1385,15,1,4,1328,3,14,1040,78,32,16,0,3530,75,9299,0,6,0,1,2,1,5,2541,4428,9299,3530,75,15
HOUSTON,5,1486,22,116,1379,13,1,8,956,2,13,1407,72,26,17,0,2656,56,5872,0,5,2,8,1,10,14,2546,3021,5872,2656,56,40
HOWARD,7,1459,3,49,751,11,2,16,1209,7,23,1641,64,61,37,0,2545,108,7029,0,3,0,1,0,0,3,3127,2280,7029,2545,108,7
HUDSPETH,6,291,0,15,140,25,0,0,0,0,0,0,0,0,0,0,430,8,458,0,1,0,0,1,0,0,0,477,458,430,8,2
HUNT,7,4664,10,113,2839,18,7,29,3905,26,43,3652,285,108,70,0,8594,256,20573,1,47,0,11,3,3,36,8318,7651,20573,8594,256,101
HUTCHINSON,1,1015,2,23,482,15,0,10,1411,10,7,1588,52,49,18,0,1322,71,7361,0,4,0,0,0,0,3,3170,1538,7361,1322,71,7
IRION,4,230,3,49,205,21,0,1,28,2,0,43,1,1,1,0,164,9,644,0,0,0,0,0,0,0,77,512,644,164,9,0
JACK,2,492,1,30,241,7,2,3,264,2,4,254,18,2,9,0,470,18,2528,0,3,0,1,0,0,3,563,773,2528,470,18,7
JACKSON,8,1106,3,73,697,26,0,4,350,4,1,439,106,20,2,2,1301,24,3723,0,7,0,0,0,0,2,936,1913,3723,1301,24,9
JASPER,63,4086,64,536,2208,105,0,5,494,2,1,435,38,18,4,1,3658,85,9022,0,6,0,3,0,0,2,1005,7062,9022,3658,85,11
JEFF DAVIS,0,312,8,37,300,24,1,4,64,1,2,99,24,3,1,1,468,16,749,0,3,0,0,0,0,0,201,681,749,468,16,3
JEFFERSON,61,17262,46,447,24744,170,1,28,2772,19,111,4061,376,155,66,18,44888,436,42905,0,24,0,6,2,0,35,7655,42730,42905,44888,436,67
JIM HOGG,13,1726,6,44,470,22,0,0,7,0,0,5,0,0,0,0,1336,7,472,0,0,0,0,0,0,0,12,2281,472,1336,7,0
JIM WELLS,49,7033,16,221,2502,77,0,5,176,1,1,242,17,3,1,0,6706,53,4841,0,6,0,0,2,0,4,450,9898,4841,6706,53,12
JOHNSON,6,4857,5,56,2142,5,5,29,4937,42,69,4579,407,166,120,4,12912,355,36685,0,44,1,8,6,1,38,10452,7071,36685,12912,355,98
JONES,4,1452,4,57,523,16,0,7,556,0,4,460,37,14,12,1,1528,63,4203,0,9,0,0,0,0,5,1103,2056,4203,1528,63,14
KARNES,24,1615,23,153,1101,28,0,0,109,0,1,130,29,4,0,0,1760,21,2736,0,4,0,0,1,0,5,278,2944,2736,1760,21,10
KAUFMAN,5,5462,5,55,4176,20,2,36,3885,29,32,3604,181,89,69,2,11161,209,23735,0,20,0,1,2,0,17,8081,9723,23735,11161,209,40
KENDALL,4,1294,1,9,1577,2,0,34,2058,25,17,3507,276,174,59,2,3599,107,12971,0,16,33,6,2,0,12,6284,2887,12971,3599,107,69
KENEDY,1,121,0,9,50,4,0,0,2,0,0,7,0,0,0,0,108,0,94,0,0,0,0,0,0,0,10,185,94,108,0,0
KENT,8,152,1,29,52,8,0,0,0,0,0,0,0,0,0,0,99,7,342,0,0,0,0,0,0,0,0,250,342,99,7,0
KERR,5,2196,5,38,2303,11,0,25,2458,19,240,5096,411,146,58,2,5570,156,16752,1,22,0,13,1,0,41,8665,4558,16752,5570,156,78
KIMBLE,0,167,1,5,111,0,0,4,273,0,8,614,35,8,6,1,342,10,1487,0,0,0,1,1,0,2,991,284,1487,342,10,4
KING,1,36,3,15,27,2,1,1,10,0,0,8,0,0,0,0,8,3,151,0,1,0,0,0,0,0,20,84,151,8,3,1
KINNEY,4,502,7,35,412,16,1,0,83,0,2,103,7,0,5,0,633,11,907,0,0,0,0,0,0,0,201,976,907,633,11,0
KLEBERG,23,3815,18,136,1915,52,0,2,268,1,4,482,42,13,8,0,5256,69,4540,0,3,0,0,0,1,7,831,5959,4540,5256,69,11
KNOX,4,366,2,15,151,5,0,1,115,0,1,111,4,6,1,0,367,15,986,0,0,0,0,0,0,0,239,543,986,367,15,0
LAMAR,117,5566,52,421,2801,83,0,7,1172,8,14,993,82,40,12,0,5243,137,12952,0,18,0,1,0,0,11,2339,9040,12952,5243,137,30
LAMB,3,807,1,70,421,12,0,6,643,3,5,508,22,5,9,0,1156,18,3344,0,4,0,0,0,0,3,1209,1314,3344,1156,18,7
LAMPASAS,2,900,2,20,673,8,0,10,748,23,8,1479,125,49,23,0,1903,68,5651,0,2,0,3,1,0,6,2522,1605,5651,1903,68,12
LASALLE,4,845,5,48,467,23,0,0,0,0,0,0,0,0,0,0,1052,10,714,0,0,0,0,0,0,0,0,1392,714,1052,10,0
LAVACA,49,2541,19,261,1231,56,0,3,324,5,8,509,136,17,8,1,1869,51,6293,0,10,0,0,0,0,0,1014,4157,6293,1869,51,10
LEE,19,1535,6,155,1197,22,0,1,318,4,5,343,78,7,9,0,2000,53,4312,0,8,1,0,0,0,3,770,2934,4312,2000,53,12
LEON,16,1300,5,63,624,22,2,10,760,3,6,989,66,34,9,2,1418,52,5566,0,1,0,0,1,0,3,1896,2030,5566,1418,52,5
LIBERTY,49,5172,22,295,2837,62,0,4,1881,12,32,1365,151,37,21,0,5991,156,15448,0,13,0,1,1,0,16,3530,8437,15448,5991,156,31
LIMESTONE,43,1932,24,225,1537,68,0,9,493,5,6,572,38,13,17,0,2516,55,5079,0,0,0,0,0,0,2,1153,3829,5079,2516,55,2
LIPSCOMB,0,146,0,7,57,1,2,1,221,0,2,211,6,4,6,0,155,4,1093,0,4,0,0,0,0,0,460,211,1093,155,4,4
LIVE OAK,3,902,1,31,485,7,1,5,268,1,1,428,18,10,5,0,1048,25,3095,2,2,0,0,1,0,3,741,1429,3095,1048,25,8
LLANO,4,1206,0,23,856,4,1,28,1186,22,14,2785,206,63,24,1,2250,80,7281,0,12,0,1,0,0,5,4506,2093,7281,2250,80,18
LOVING,0,5,1,5,7,6,0,0,0,0,0,0,0,0,0,0,12,0,67,0,0,0,0,0,0,0,0,24,67,12,0,0
LUBBOCK,90,12638,27,161,10965,74,42,91,8856,49,202,12722,563,416,269,6,30486,644,66304,1,30,0,11,2,1,55,23430,23955,66304,30486,644,100
LYNN,1,431,0,27,178,10,0,4,209,0,5,226,11,2,3,0,627,16,1473,0,0,0,0,0,0,0,467,647,1473,627,16,0
MADISON,4,796,8,53,535,9,0,5,313,0,3,341,38,14,5,0,1146,23,2891,1,6,0,1,1,0,5,729,1405,2891,1146,23,14
MARION,17,1204,17,117,889,43,0,0,194,2,3,158,20,4,4,0,1644,27,2567,0,11,0,0,0,0,3,387,2287,2567,1644,27,14
MARTIN,2,284,1,13,148,10,0,6,257,4,3,298,14,8,9,2,314,12,1389,0,0,0,0,0,0,0,619,458,1389,314,12,0
MASON,0,201,5,6,198,2,2,6,316,5,25,669,57,13,10,1,546,28,1544,0,2,0,1,0,0,0,1134,412,1544,546,28,3
MATAGORDA,40,3353,34,244,2639,70,0,4,701,12,8,861,194,29,1,3,4440,81,7835,0,14,1,1,0,0,1,1820,6380,7835,4440,81,17
MAVERICK,60,6970,36,122,2393,80,0,0,0,0,0,0,0,0,0,0,8554,64,2316,0,3,0,0,1,0,1,0,9661,2316,8554,64,5
MCCULLOCH,0,523,2,20,239,2,1,6,314,4,0,529,30,15,13,0,728,19,2263,0,0,0,0,0,0,0,932,786,2263,728,19,0
MCLENNAN,21,12277,37,294,11862,35,3,81,7141,67,52,9935,489,371,128,1,29998,492,49044,0,69,0,9,4,6,52,18268,24526,49044,29998,492,140
MCMULLEN,5,170,5,33,140,6,0,2,11,0,1,22,1,1,0,0,132,5,400,0,0,0,0,0,0,0,38,359,400,132,5,0
MEDINA,12,2654,2,42,1610,24,1,30,1484,17,21,2674,152,129,46,0,5147,80,10480,0,22,0,2,2,0,4,4652,4344,10480,5147,80,30
MENARD,2,188,1,5,105,2,2,4,94,5,6,217,9,8,5,2,295,8,712,0,1,0,0,1,0,1,360,303,712,295,8,3
MIDLAND,13,3868,10,62,3603,35,3,53,4669,57,58,7189,474,327,103,3,9691,308,36155,0,28,1,3,1,0,29,13087,7591,36155,9691,308,62
MILAM,59,2749,33,261,1668,84,0,2,287,5,12,360,33,5,9,0,3044,70,5217,0,14,0,2,1,0,9,721,4854,5217,3044,70,26
MILLS,8,460,1,52,232,19,1,1,173,5,5,242,29,15,6,0,398,21,1753,0,3,0,1,0,0,1,487,772,1753,398,21,5
MITCHELL,7,665,9,84,280,30,0,1,137,1,0,196,12,0,2,0,586,23,1815,0,2,0,0,0,0,5,350,1075,1815,586,23,7
MONTAGUE,9,1647,4,80,616,27,1,11,824,6,12,1178,83,36,15,0,1597,94,6245,0,11,0,0,0,0,3,2203,2383,6245,1597,94,14
MONTGOMERY,15,17299,21,160,13443,50,8,126,15995,561,284,20874,1791,772,271,4,36703,953,119884,2,139,2,20,11,0,133,41272,30988,119884,36703,953,307
MOORE,4,549,0,12,278,9,0,15,1066,5,5,1214,28,49,33,1,1123,31,4282,0,1,0,0,0,0,0,2518,852,4282,1123,31,1
MORRIS,21,1637,10,191,967,41,0,3,196,0,0,124,4,1,2,0,2055,30,3158,0,0,0,0,1,0,4,331,2867,3158,2055,30,5
MOTLEY,0,97,0,7,44,2,1,0,80,4,3,76,1,7,2,1,67,5,522,0,0,0,0,0,0,0,177,150,522,67,5,0
NACOGDOCHES,9,3005,12,61,2788,10,2,22,2392,16,25,3650,249,77,42,3,8393,124,14828,0,25,0,3,3,1,14,6585,5885,14828,8393,124,46
NAVARRO,24,3289,9,116,2395,20,5,19,1553,6,20,1924,85,46,36,0,5400,105,10810,0,5,0,0,1,0,0,3727,5853,10810,5400,105,6
NEWTON,24,1641,26,220,818,35,0,0,147,0,5,132,20,1,4,0,1751,60,3446,0,1,0,0,0,0,2,309,2764,3446,1751,60,3
NOLAN,38,1746,20,295,885,65,0,1,134,1,1,137,7,2,2,1,1521,54,3485,0,2,0,0,0,0,1,287,3049,3485,1521,54,3
NUECES,60,32125,35,337,16252,157,2,49,3604,20,68,8139,555,217,87,3,47912,792,52391,0,57,0,5,4,1,68,12828,48966,52391,47912,792,135
OCHILTREE,0,72,0,6,44,0,1,20,686,7,5,1176,37,24,19,1,243,6,2851,0,7,0,1,0,0,1,2039,122,2851,243,6,9
OLDHAM,2,125,0,11,70,21,0,0,108,0,0,76,4,2,0,0,102,4,813,0,0,0,0,0,0,1,194,229,813,102,4,1
ORANGE,111,10317,110,811,4143,138,1,9,1327,4,40,1487,134,40,16,1,7646,227,21509,0,10,0,1,1,0,12,3083,15630,21509,7646,227,24
PALO PINTO,17,2148,22,65,807,19,3,12,778,31,12,999,80,34,25,1,2499,78,7264,3,37,6,0,0,0,3,1993,3078,7264,2499,78,49
PANOLA,55,2887,34,364,1440,69,0,0,494,1,7,312,30,5,6,0,2586,38,7582,0,3,0,0,0,0,7,858,4849,7582,2586,38,10
PARKER,22,6006,11,95,2998,19,5,107,6373,47,64,7076,794,270,216,4,10502,380,36974,0,60,0,7,1,0,27,15285,9151,36974,10502,380,95
PARMER,2,367,1,8,248,6,0,1,386,2,3,395,9,7,5,0,719,20,2969,0,0,0,0,0,0,5,813,632,2969,719,20,5
PECOS,19,1119,12,79,624,41,1,3,192,1,1,276,23,11,9,0,1476,40,2480,0,0,0,2,3,0,9,523,1894,2480,1476,40,14
POLK,23,4004,17,154,2078,39,3,15,1647,20,17,2398,154,95,26,5,6230,179,13731,0,3,0,0,0,0,6,4453,6315,13731,6230,179,9
POTTER,13,4080,12,78,2994,57,6,64,3656,34,29,4558,201,151,87,10,8939,250,20761,0,21,1,4,2,1,34,8925,7234,20761,8939,250,63
PRESIDIO,7,978,7,46,639,26,0,0,9,1,0,17,6,1,1,0,1252,15,489,0,0,0,0,0,0,1,35,1703,489,1252,15,1
RAINS,6,1095,3,38,399,13,0,3,398,2,5,385,27,6,6,0,1048,37,3146,0,4,0,0,0,0,1,837,1554,3146,1048,37,5
RANDALL,18,5894,6,65,3672,42,3,83,7218,34,27,6948,287,245,86,3,9468,336,41948,1,40,0,7,2,0,30,15068,9697,41948,9468,336,80
REAGAN,1,44,0,1,26,0,4,16,195,0,5,444,13,13,12,1,197,2,795,0,0,0,0,0,0,0,775,72,795,197,2,0
REAL,0,125,0,1,75,0,3,14,299,5,2,545,49,10,7,4,375,15,1238,0,0,0,0,0,0,0,938,201,1238,375,15,0
RED RIVER,39,2045,15,208,854,31,0,1,113,1,0,70,21,2,1,0,1539,41,3461,0,7,0,1,0,0,3,209,3192,3461,1539,41,11
REEVES,16,1448,9,78,628,50,0,0,0,0,0,0,0,0,0,0,1606,21,1445,0,1,0,0,1,0,3,0,2229,1445,1606,21,5
REFUGIO,7,1178,6,72,815,18,1,0,73,0,0,166,26,4,3,1,1382,21,1855,0,0,0,0,0,0,3,276,2096,1855,1382,21,3
ROBERTS,0,0,0,0,0,0,0,2,101,3,0,137,9,0,2,0,41,0,477,0,0,0,0,0,0,0,261,0,477,41,0,0
ROBERTSON,21,1744,12,150,1579,32,0,4,340,1,8,352,19,9,7,0,2675,38,3980,0,1,0,1,0,1,14,748,3538,3980,2675,38,17
ROCKWALL,7,3982,2,28,3885,5,1,38,3439,28,38,3678,219,140,65,3,8492,237,23300,0,19,0,3,0,0,15,7704,7909,23300,8492,237,37
RUNNELS,5,686,1,36,393,4,0,2,323,2,1,472,16,11,5,0,720,25,3118,0,2,0,0,0,0,2,837,1125,3118,720,25,4
RUSK,11,2550,13,97,2398,38,1,25,2311,8,12,2577,123,64,28,0,4983,77,13646,0,9,0,2,2,0,3,5207,5107,13646,4983,77,16
SABINE,31,1762,15,192,668,47,0,2,351,0,0,540,22,11,5,1,1077,48,3749,0,0,0,0,0,0,0,943,2715,3749,1077,48,0
SAN AUGUSTINE,21,1498,36,196,972,82,0,0,82,0,2,76,11,2,1,0,1328,42,2342,0,1,0,1,0,0,1,178,2805,2342,1328,42,3
SAN JACINTO,17,2475,18,186,1462,55,3,6,653,6,8,691,60,22,7,0,2721,74,6151,0,2,0,1,2,0,7,1474,4213,6151,2721,74,12
SAN PATRICIO,26,6320,25,113,2791,60,0,26,940,5,12,1830,127,36,26,1,8854,110,12404,0,11,0,1,2,0,14,3030,9335,12404,8854,110,28
SAN SABA,0,351,1,16,143,3,0,0,105,1,0,156,17,0,4,0,487,24,1941,0,5,0,0,0,0,0,291,514,1941,487,24,5
SCHLEICHER,5,185,2,14,140,2,0,3,100,1,0,138,13,2,3,0,324,7,970,0,3,0,0,0,0,0,261,348,970,324,7,3
SCURRY,3,643,1,13,292,11,2,25,693,6,6,1270,50,30,25,3,1088,41,4414,2,16,2,2,1,1,2,2155,963,4414,1088,41,26
SHACKELFORD,12,451,4,63,156,33,0,0,77,2,0,65,2,2,0,0,208,13,1284,0,0,0,0,0,0,0,149,719,1284,208,13,0
SHELBY,22,2418,9,154,1044,26,0,1,912,2,3,722,57,18,6,1,2548,38,6630,0,3,0,0,0,0,1,1734,3673,6630,2548,38,4
SHERMAN,0,118,1,6,66,4,0,8,206,4,2,227,6,5,7,0,127,8,884,0,0,0,0,0,0,1,465,195,884,127,8,1
SMITH,14,7401,11,84,11125,24,6,84,8721,57,99,12290,565,365,217,3,23726,415,55187,5,109,24,9,29,6,51,22586,18659,55187,23726,415,233
SOMERVELL,4,704,7,37,348,5,0,0,349,1,1,355,27,13,10,0,799,34,2677,0,0,0,0,0,0,23,756,1105,2677,799,34,23
STARR,9,7360,11,56,1454,17,0,1,37,1,0,52,10,1,1,0,8274,26,1492,0,0,0,0,0,0,0,103,8907,1492,8274,26,0
STEPHENS,2,709,4,71,326,26,0,2,271,0,1,271,4,8,6,0,626,30,2869,0,0,0,0,0,0,1,564,1138,2869,626,30,1
STERLING,0,64,0,2,17,1,0,2,60,0,0,141,4,5,1,0,97,2,520,0,0,0,0,0,0,0,215,84,520,97,2,0
STONEWALL,8,303,9,46,108,9,0,0,0,0,0,0,0,0,0,0,206,5,524,0,0,0,0,0,0,0,0,483,524,206,5,0
SUTTON,1,298,2,7,132,8,0,1,97,2,0,189,9,2,2,0,381,8,1189,0,0,0,0,0,0,0,305,448,1189,381,8,0
SWISHER,8,851,9,90,336,48,0,1,94,0,2,39,1,1,1,0,813,33,1683,0,3,0,0,0,0,3,142,1342,1683,813,33,6
TARRANT,144,90417,68,681,108105,229,21,414,42854,373,740,48104,4489,2048,883,91,274880,4211,348420,4,493,4,75,43,11,412,100836,199644,348420,274880,4211,1042
TAYLOR,13,6350,9,120,4302,29,8,42,5535,24,36,6405,386,210,86,3,12690,362,34317,1,30,1,5,0,3,30,12887,10823,34317,12690,362,70
TERRELL,1,125,2,11,69,2,0,1,32,0,0,31,5,0,0,0,186,3,323,0,6,0,0,0,0,1,70,210,323,186,3,7
TERRY,20,1115,17,223,756,76,0,2,135,0,1,160,6,4,6,0,1379,22,2879,0,0,0,0,0,0,0,318,2207,2879,1379,22,0
THROCKMORTON,3,401,3,40,131,18,0,0,0,0,0,0,0,0,0,0,166,1,671,0,0,0,0,0,0,0,0,596,671,166,1,0
TITUS,34,2712,34,345,1565,81,0,3,600,2,0,333,23,16,11,0,3145,67,6028,0,4,0,0,0,0,1,996,4771,6028,3145,67,5
TOM GREEN,10,5874,11,89,4239,39,2,41,2892,54,38,5221,229,140,80,1,11158,275,27362,1,29,0,2,4,0,30,8813,10262,27362,11158,275,66
TRAVIS,146,68303,80,739,116314,256,4,53,4054,18,67,7191,3070,216,102,1,254017,4930,136981,11,667,7,43,253,15,790,14902,185838,136981,254017,4930,1786
TRINITY,36,2528,29,412,1275,84,0,0,137,2,1,162,15,5,1,0,1925,52,4095,0,4,0,0,0,0,1,323,4364,4095,1925,52,5
TYLER,41,2772,45,257,1047,60,0,2,401,0,6,507,42,15,3,1,2166,98,5644,0,0,0,0,0,0,2,991,4222,5644,2166,98,2
UPSHUR,39,3545,29,243,1915,53,1,13,1438,5,18,1219,152,71,18,0,3790,112,11222,0,17,0,3,1,0,19,2955,5824,11222,3790,112,40
UPTON,14,373,11,94,308,17,0,0,0,0,0,0,0,0,0,0,288,8,898,0,2,0,1,0,0,0,0,817,898,288,8,3
UVALDE,32,2772,20,130,1590,51,1,9,522,6,8,719,48,24,13,0,4126,50,4590,0,0,0,0,0,0,0,1380,4595,4590,4126,50,0
VAL VERDE,11,3503,13,59,1856,33,1,10,435,3,2,669,33,41,14,0,6982,68,5752,0,7,0,2,0,0,9,1221,5475,5752,6982,68,18
VAN ZANDT,7,4407,10,137,1580,28,0,18,2711,15,17,2353,156,57,34,3,4505,142,15734,0,5,0,2,1,0,6,5416,6169,15734,4505,142,14
VICTORIA,38,5621,25,187,3622,69,2,29,1429,21,16,3106,973,118,25,6,9832,168,19878,0,31,0,1,0,0,21,5786,9562,19878,9832,168,53
WALKER,11,2772,10,73,2861,19,1,12,1842,22,88,2468,264,64,36,1,7334,148,11623,1,20,0,8,1,0,11,4857,5746,11623,7334,148,41
WALLER,6,1567,7,25,3272,9,1,16,1447,63,17,1722,222,53,44,0,7153,76,8265,0,8,1,0,0,0,5,3649,4886,8265,7153,76,14
WARD,35,1189,20,241,647,84,0,2,59,0,0,77,9,0,0,1,899,31,2667,0,1,0,0,1,0,3,150,2216,2667,899,31,5
WASHINGTON,4,1285,2,20,1827,9,1,27,1810,28,25,3098,251,85,66,2,4034,89,10176,0,18,42,4,0,0,14,5512,3147,10176,4034,89,78
WEBB,132,32383,72,401,8615,263,2,29,231,5,18,833,64,16,7,1,33452,200,13119,1,12,0,0,4,1,32,1232,41866,13119,33452,200,50
WHARTON,19,2692,17,81,2197,27,0,13,1161,31,15,1914,357,36,19,0,4937,39,9431,0,6,0,0,0,0,5,3574,5033,9431,4937,39,11
WHEELER,6,460,8,89,192,32,160,2,232,1,1,160,2,3,2,0,314,11,1918,0,2,0,0,0,0,0,563,787,1918,314,11,2
WICHITA,24,7468,23,219,4934,52,9,40,3095,22,33,6417,267,192,94,7,13868,328,31731,0,20,0,4,3,1,27,10280,12720,31731,13868,328,55
WILBARGER,9,1084,4,170,559,32,0,3,265,0,0,322,21,1,3,0,1196,30,3283,0,0,0,0,0,0,0,622,1858,3283,1196,30,0
WILLACY,26,3024,27,121,1568,74,0,0,8,0,0,29,1,1,0,0,3409,32,1456,0,0,0,0,3,0,3,39,4840,1456,3409,32,6
WILLIAMSON,31,21289,13,202,27906,49,4,85,9799,63,157,14720,2907,696,241,4,67691,1951,88323,0,225,2,54,21,3,133,28916,49490,88323,67691,1951,438
WILSON,9,3486,5,57,2170,16,2,12,1299,6,10,1684,111,51,16,0,5362,87,10904,1,6,0,1,3,0,2,3217,5743,10904,5362,87,13
WINKLER,1,262,1,4,98,0,2,11,262,1,8,477,5,11,13,1,477,23,1529,0,0,0,1,0,0,2,822,366,1529,477,23,3
WISE,9,3186,6,78,1204,19,0,22,2630,21,34,2647,253,76,57,2,4471,145,15973,0,24,0,2,0,1,23,5857,4502,15973,4471,145,50
WOOD,14,2559,2,46,1412,6,0,22,2647,11,15,3451,227,84,50,2,4010,92,13658,0,13,0,2,0,0,9,6599,4039,13658,4010,92,24
YOAKUM,3,367,3,23,179,10,0,0,261,0,2,376,12,3,7,0,450,15,1989,0,2,0,1,0,0,1,666,585,1989,450,15,4
YOUNG,8,1161,5,49,505,14,1,8,864,6,8,1223,49,15,20,0,1303,57,5942,0,2,0,1,0,0,0,2243,1742,5942,1303,57,3
ZAPATA,19,2448,8,50,638,33,0,0,0,0,0,0,0,0,0,0,1939,8,919,0,0,0,0,0,0,0,0,3196,919,1939,8,0
ZAVALA,30,2626,10,52,968,32,0,0,0,0,0,0,0,0,0,0,3263,17,596,0,0,0,0,0,0,0,0,3718,596,3263,17,0
