county,pri_dem_BIDEN,pri_dem_CLINTON,pri_dem_DODD,pri_dem_EDWARDS,pri_dem_GRAVEL,pri_dem_KUCINICH,pri_dem_OBAMA,pri_dem_RICHARDSON,pri_rep_GIULIANI,pri_rep_HUCKABEE,pri_rep_HUNTER,pri_rep_KEYES,pri_rep_MCCAIN,pri_rep_PAUL,pri_rep_ROMNEY,pri_rep_TANCREDO,pri_rep_THOMPSON,gen_dem_OBAMA,gen_ind_BALDWIN,gen_ind_BARR,gen_ind_JAY,gen_ind_MCKINNEY,gen_ind_MOORE,gen_ind_NADER,gen_rep_MCCAIN,rep_primary_total,dem_primary_total,rep_general_total,dem_general_total,ind_general_total
ANDERSON,19,4887,7,445,11,15,2559,30,98,2369,7,19,2314,499,1547,3,187,11396,134,146,9,24,11,175,19675,7053,8001,19675,11396,499
BEDFORD,11,2934,4,204,2,3,900,8,17,1230,5,7,885,143,798,1,89,5027,76,51,4,17,11,104,10217,3181,4092,10217,5027,263
BENTON,16,2200,5,421,10,1,368,17,5,307,0,1,301,59,120,0,36,2645,38,21,2,16,5,56,3696,829,3098,3696,2645,138
BLEDSOE,10,1399,0,132,1,1,195,6,8,577,4,3,387,51,162,0,37,1517,27,17,6,10,9,32,3166,1231,1769,3166,1517,101
BLOUNT,20,5719,6,397,4,18,3090,17,157,5144,29,31,4920,1242,3010,0,382,15253,245,239,23,41,13,260,35571,14963,9305,35571,15253,821
BRADLEY,12,4139,5,377,7,1,1625,10,88,5887,7,8,3102,583,1623,1,257,9357,134,127,14,45,24,157,28333,11564,6186,28333,9357,501
CAMPBELL,17,2854,4,122,2,2,326,7,23,1007,6,2,833,73,480,1,56,3867,61,34,5,18,9,99,8535,2487,3351,8535,3867,226
CANNON,6,1572,1,119,2,0,264,1,4,379,4,0,362,93,281,0,38,2011,29,27,2,11,5,50,3322,1162,1980,3322,2011,124
CARROLL,9,1982,6,157,1,5,709,1,17,767,2,3,765,93,324,1,65,3980,55,37,7,19,7,86,7455,2041,2875,7455,3980,211
CARTER,4,2367,4,189,2,3,747,7,70,3178,5,10,2421,405,1192,4,261,5587,77,80,10,31,21,111,15852,7582,3335,15852,5587,330
CHEATHAM,10,2751,1,206,3,5,814,6,21,953,8,8,968,259,1053,0,118,5498,59,48,4,11,5,101,10702,3395,3811,10702,5498,228
CHESTER,6,832,0,48,0,2,299,2,16,484,3,4,393,54,217,0,31,1797,16,22,6,7,1,23,4587,1206,1199,4587,1797,75
CLAIBORNE,5,2139,3,128,1,1,276,5,24,894,4,2,770,81,438,0,59,3078,40,34,5,16,8,64,7175,2275,2564,7175,3078,167
CLAY,4,868,2,51,3,0,105,3,3,130,0,0,163,28,69,0,17,1248,23,14,0,10,2,21,1676,411,1038,1676,1248,70
COCKE,4,1835,2,103,1,2,440,8,31,1153,2,6,1372,141,479,0,144,3340,47,30,9,19,15,76,8945,3338,2400,8945,3340,196
COFFEE,28,4169,5,409,4,21,1114,24,31,1588,11,8,1626,263,1146,2,182,7132,114,94,10,30,21,139,13250,4868,5822,13250,7132,408
CROCKETT,4,1121,3,60,1,1,358,6,3,432,1,0,340,42,148,0,18,1967,14,19,1,10,3,29,3994,985,1559,3994,1967,76
CUMBERLAND,38,4550,12,826,10,27,1709,37,133,2376,12,15,3027,283,2028,1,356,7889,97,96,6,26,11,151,17436,8268,7377,17436,7889,387
DAVIDSON,127,32338,37,2146,46,154,50903,113,315,8442,57,58,12490,3000,13282,9,1129,158423,619,850,81,279,155,1164,102915,38844,86075,102915,158423,3148
DECATUR,7,1189,4,82,0,2,164,0,7,344,1,2,322,105,114,1,28,1566,24,19,3,7,5,38,3101,924,1449,3101,1566,96
DEKALB,7,2410,1,272,4,6,347,10,7,574,4,1,399,63,267,0,30,2832,34,33,4,15,5,57,4085,1349,3088,4085,2832,148
DICKSON,9,4166,4,254,1,3,975,4,20,1275,10,6,1173,241,1047,1,137,7506,90,65,14,23,19,125,11677,3917,5436,11677,7506,336
DYER,5,2009,1,133,0,2,651,9,16,1222,4,3,798,70,419,0,71,4411,45,36,2,15,10,72,9859,2604,2822,9859,4411,180
FAYETTE,7,1295,4,43,5,6,1646,7,23,1765,4,0,875,147,927,1,85,6892,38,65,11,27,10,38,12173,3830,3023,12173,6892,189
FENTRESS,4,1249,2,94,3,0,180,2,14,649,2,13,472,67,252,1,70,1831,27,23,6,14,7,42,4789,1542,1537,4789,1831,119
FRANKLIN,25,4087,4,339,6,7,1326,9,21,1160,6,3,1159,114,864,2,109,6613,69,54,8,23,11,115,10539,3441,5834,10539,6613,280
GIBSON,35,3450,20,535,3,8,1702,32,11,1318,2,4,1120,175,573,1,76,7406,89,75,16,27,17,107,13516,3282,5940,13516,7406,331
GILES,14,2530,3,270,4,2,866,9,11,761,2,4,909,148,614,1,127,4614,44,38,8,14,5,64,6902,2584,3732,6902,4614,173
GRAINGER,6,1341,4,130,1,5,249,3,16,875,4,3,921,109,323,0,90,2066,27,26,3,14,6,64,5297,2359,1755,5297,2066,140
GREENE,12,3181,7,264,4,8,1039,13,35,2769,6,11,2593,597,1220,1,209,7110,110,72,18,34,34,141,17151,7470,4547,17151,7110,409
GRUNDY,5,1932,2,122,0,2,159,8,7,349,2,3,179,46,135,0,26,1971,28,21,2,7,2,38,2563,749,2252,2563,1971,98
HAMBLEN,12,3303,5,343,6,4,1094,13,69,2476,4,16,2639,333,1250,0,187,6807,92,99,11,30,11,111,15508,7002,4807,15508,6807,354
HAMILTON,53,16562,19,1175,32,33,19831,24,209,13995,15,52,10734,2672,7607,8,641,64246,441,491,18,81,30,511,81702,36002,37841,81702,64246,1572
HANCOCK,2,240,0,28,0,1,56,2,25,337,3,1,394,88,108,5,60,604,10,6,4,3,0,26,1588,1038,329,1588,604,49
HARDEMAN,15,1516,5,61,2,15,1766,11,15,856,6,6,467,59,200,0,34,5919,24,19,12,9,5,24,5225,1644,3397,5225,5919,93
HARDIN,8,1696,4,109,3,6,311,3,16,1066,4,6,649,47,271,0,56,2794,19,33,14,20,14,64,7077,2118,2145,7077,2794,164
HAWKINS,14,2623,4,269,1,9,650,10,67,2468,6,15,2623,329,893,5,261,5930,89,61,7,22,31,144,14756,6706,3597,14756,5930,354
HAYWOOD,7,768,2,38,0,5,1279,1,12,431,4,1,265,21,101,0,22,4893,11,18,6,4,0,24,3165,858,2102,3165,4893,63
HENDERSON,3,1251,5,82,2,2,442,7,47,1047,4,8,1004,158,294,4,118,3021,39,41,8,11,5,40,7669,2711,1798,7669,3021,144
HENRY,17,2706,2,274,2,10,1005,8,18,812,3,3,915,183,389,2,88,5153,55,42,10,13,10,80,8182,2420,4053,8182,5153,210
HICKMAN,6,2171,9,121,0,2,446,4,15,512,3,1,447,99,381,2,61,3563,51,31,1,10,2,56,4784,1526,2765,4784,3563,151
HOUSTON,2,1070,4,86,2,0,150,2,8,211,0,1,170,42,75,0,17,1678,23,16,3,2,1,23,1608,524,1319,1608,1678,68
HUMPHREYS,7,2499,5,274,1,3,280,4,11,490,9,1,412,77,205,0,56,3600,42,24,6,15,9,66,3818,1267,3088,3818,3600,162
JACKSON,1,1723,0,71,2,3,212,4,6,292,4,1,215,45,207,0,28,2224,11,16,5,11,5,44,2185,799,2020,2185,2224,92
JEFFERSON,6,2470,2,185,3,4,775,6,43,1831,5,11,2061,233,1009,1,189,5178,55,68,6,17,10,106,13092,5397,3462,13092,5178,262
JOHNSON,5,600,1,99,3,3,214,1,11,688,1,5,610,81,230,0,51,1837,30,27,4,13,10,49,4621,1681,930,4621,1837,133
KNOX,77,19068,26,2091,33,91,16861,93,985,15714,70,145,17578,3461,11299,35,2118,70215,599,963,98,197,65,934,113015,51870,38602,113015,70215,2856
LAKE,2,461,5,28,0,2,136,2,5,111,1,1,71,5,40,0,7,1024,5,10,4,1,0,19,1175,241,638,1175,1024,39
LAUDERDALE,10,1570,1,89,2,3,886,4,9,658,0,1,330,26,147,0,33,4322,24,20,3,6,2,28,4933,1206,2569,4933,4322,83
LAWRENCE,4,3200,4,235,4,4,532,9,18,1229,5,6,1206,121,678,0,229,5161,89,44,11,21,14,114,10566,3497,4007,10566,5161,293
LEWIS,8,952,1,76,3,9,231,3,14,333,3,2,251,75,221,1,26,1804,21,16,0,5,2,35,2951,929,1286,2951,1804,79
LINCOLN,10,2465,8,267,3,4,706,9,25,1388,5,5,1314,272,917,1,146,3695,46,48,7,16,15,72,9231,4095,3522,9231,3695,204
LOUDON,9,2459,2,282,1,7,1028,7,149,2266,17,20,2510,338,1748,5,223,6058,69,99,5,15,15,108,15815,7307,3813,15815,6058,311
MACON,1,1213,1,211,2,3,144,8,55,789,10,3,1036,87,382,2,302,2060,59,29,6,10,6,45,5145,2699,1600,5145,2060,155
MADISON,28,3435,14,218,3,9,5125,19,149,3627,15,16,3372,474,1813,5,415,20209,99,110,17,22,11,88,23290,9966,8864,23290,20209,347
MARION,7,3496,1,256,2,6,688,10,18,1057,3,2,802,118,353,2,55,4506,40,49,7,12,8,69,6746,2416,4498,6746,4506,185
MARSHALL,5,2194,1,162,1,4,654,6,6,632,3,0,659,143,518,1,73,4320,46,49,10,13,8,88,6755,2036,3042,6755,4320,214
MAURY,15,4545,8,365,7,9,2421,22,37,1837,11,11,1772,339,1983,2,270,13058,105,106,9,35,14,152,20288,6269,7406,20288,13058,421
MCMINN,14,2640,7,272,7,2,898,6,86,2591,19,16,1996,261,932,4,241,5541,65,67,6,15,13,93,12989,6183,3863,12989,5541,259
MCNAIRY,10,2048,1,118,1,3,385,5,10,1283,1,2,614,41,217,2,58,3131,32,17,1,12,14,80,7135,2233,2578,7135,3131,156
MEIGS,2,877,0,109,0,2,171,2,17,502,1,1,405,56,167,0,59,1372,17,14,4,4,1,28,2797,1213,1171,2797,1372,68
MONROE,9,2631,8,316,4,6,719,10,71,1810,13,14,1694,268,872,3,184,5053,56,66,8,19,9,82,11484,4955,3732,11484,5053,240
MONTGOMERY,26,6697,4,562,9,11,5595,13,108,2688,13,18,3770,466,2128,2,372,25716,145,144,17,73,23,225,30175,9586,12955,30175,25716,627
MOORE,1,519,0,46,0,2,141,1,2,254,2,0,209,32,185,0,15,881,16,13,1,2,6,23,2010,699,717,2010,881,61
MORGAN,4,1331,0,124,3,5,204,2,12,675,3,4,464,100,231,0,38,1969,43,23,7,20,6,37,4717,1529,1680,4717,1969,136
OBION,28,2684,10,644,6,20,801,33,9,731,2,0,532,46,383,0,51,4308,45,33,7,19,9,98,8873,1758,4491,8873,4308,211
OVERTON,9,3011,1,258,4,6,322,6,5,622,2,2,373,59,294,3,38,3419,41,38,5,22,11,59,4497,1398,3651,4497,3419,176
PERRY,6,1138,1,163,4,6,160,10,5,125,1,0,88,49,77,0,10,1329,25,13,0,7,5,25,1596,355,1531,1596,1329,75
PICKETT,0,572,1,41,1,1,66,1,10,371,5,1,407,16,133,0,30,854,3,9,1,1,2,15,1786,981,690,1786,854,31
POLK,18,2155,9,460,9,9,348,21,16,782,2,4,508,110,179,0,44,2124,24,25,4,4,9,44,4267,1656,3165,4267,2124,110
PUTNAM,30,5557,11,785,15,23,1764,38,41,2140,11,12,1479,287,1459,6,175,9739,124,108,9,36,23,176,17101,5619,8372,17101,9739,476
RHEA,14,2028,3,166,3,2,405,6,32,1579,5,8,1053,180,418,0,89,2907,38,42,7,17,10,43,8042,3373,2647,8042,2907,157
ROANE,17,3735,7,410,6,10,1352,14,59,2150,10,22,1843,270,1134,4,224,7224,77,93,9,33,12,170,15658,5724,5569,15658,7224,394
ROBERTSON,20,4478,11,321,3,3,1524,9,31,1792,6,8,1430,329,1731,3,173,9318,96,87,10,22,14,164,17903,5508,6387,17903,9318,393
RUTHERFORD,39,11012,15,975,16,28,9040,39,102,5972,40,39,5714,1346,5979,5,573,40460,320,372,47,109,32,505,59892,19802,21254,59892,40460,1385
SCOTT,4,1278,2,75,1,0,137,2,8,706,3,0,417,48,183,0,44,1720,22,33,8,10,6,53,4931,1410,1503,4931,1720,132
SEQUATCHIE,3,1067,1,73,1,3,210,3,15,565,2,0,352,69,231,0,22,1717,33,24,4,8,7,34,3610,1258,1364,3610,1717,110
SEVIER,13,3588,9,191,2,12,1260,8,144,4651,20,25,5136,748,1995,8,482,8604,106,85,13,31,27,153,24922,13350,5121,24922,8604,415
SHELBY,247,27925,55,886,46,145,68551,97,374,18940,24,64,14847,1805,13739,10,449,256297,610,725,103,201,113,673,145458,50320,98061,145458,256297,2425
SMITH,5,2385,1,253,6,4,343,5,13,665,4,2,481,99,324,1,62,2992,67,33,2,12,7,65,4563,1657,3030,4563,2992,186
STEWART,6,1613,0,177,2,0,248,3,6,356,0,0,429,42,155,0,50,2470,15,18,6,6,2,34,2956,1042,2066,2956,2470,81
SULLIVAN,31,6163,11,595,3,15,2541,20,139,5136,24,32,4378,578,3320,4,286,18354,254,222,16,48,21,274,44808,13928,9408,44808,18354,835
SUMNER,21,8605,9,393,8,14,3993,25,70,4559,18,21,3984,711,5317,2,325,21487,184,227,22,52,21,286,44949,15027,13102,44949,21487,792
TIPTON,13,2001,4,152,4,8,1355,6,27,2177,5,7,1186,131,833,0,85,7931,52,68,5,20,11,64,17165,4456,3547,17165,7931,220
TROUSDALE,2,778,0,68,0,1,222,4,2,186,3,0,153,36,95,0,29,1475,32,13,1,4,2,24,1688,507,1076,1688,1475,76
UNICOI,2,736,0,83,1,1,206,8,29,960,1,5,946,225,381,2,103,2107,37,26,3,3,5,31,5011,2678,1046,5011,2107,105
UNION,1,1325,2,48,0,2,155,1,9,546,1,4,537,73,240,0,38,1829,22,18,2,17,6,38,4467,1450,1539,4467,1829,103
VAN BUREN,1,682,1,32,0,1,90,1,5,174,2,0,113,17,99,0,18,849,18,11,2,3,3,26,1294,428,815,1294,849,63
WARREN,14,4113,5,328,7,4,666,11,19,938,4,0,774,129,735,3,97,5515,79,65,13,36,15,115,8562,2703,5169,8562,5515,323
WASHINGTON,17,5732,11,658,7,23,3259,12,163,5286,18,28,4989,1050,3413,7,585,15941,204,172,26,48,28,222,32341,15583,9786,32341,15941,700
WAYNE,0,868,0,65,0,0,114,0,8,560,0,0,435,40,169,1,77,1355,14,24,6,9,7,36,4076,1295,1051,4076,1355,96
WEAKLEY,22,2274,5,292,3,4,753,14,21,961,2,4,650,100,546,0,57,4596,68,59,5,13,21,73,8855,2353,3405,8855,4596,239
WHITE,17,2577,2,227,2,8,358,13,15,878,3,7,487,81,445,4,73,3372,49,31,8,9,5,70,6103,1997,3223,6103,3372,172
WILLIAMSON,21,6941,4,427,4,12,7249,9,128,5645,20,30,7172,1198,9463,5,452,27886,248,307,17,35,18,277,64858,24144,14700,64858,27886,902
WILSON,24,6730,13,454,11,11,3241,14,54,3437,20,20,3181,730,3959,2,269,15886,186,174,15,45,32,226,34595,11699,10547,34595,15886,678
