county,pri_dem_BIDEN,pri_dem_CLINTON,pri_dem_DODD,pri_dem_EDWARDS,pri_dem_GRAVEL,pri_dem_KUCINICH,pri_dem_OBAMA,pri_dem_RICHARDSON,pri_rep_GUILIANI,pri_rep_HUCKABEE,pri_rep_HUNTER,pri_rep_KEYES,pri_rep_MCCAIN,pri_rep_PAUL,pri_rep_ROMNEY,pri_rep_TANCREDO,pri_rep_THOMPSON,gen_cst_BALDWIN,gen_dem_OBAMA,gen_grn_MCKINNEY,gen_ind_NADER,gen_lib_BARR,gen_ref_WEILL,gen_rep_MCCAIN,rep_primary_total,dem_primary_total,rep_general_total,dem_general_total,lib_general_total,grn_general_total,cst_general_total,ind_general_total,ref_general_total
Adams,13,1539,9,48,10,21,4714,9,4,137,3,5,1028,111,30,2,9,44,18042,12,60,94,8,13132,1329,6363,13132,18042,94,12,44,60,8
Alcorn,31,3732,10,68,3,5,1061,15,2,176,5,13,910,50,15,1,9,74,8260,36,280,90,14,21610,1181,4925,21610,8260,90,36,74,280,14
Amite,27,930,13,31,13,6,1754,31,5,136,0,6,810,12,22,1,9,32,6696,16,38,18,10,8490,1001,2805,8490,6696,18,16,32,38,10
Attala,24,1393,12,43,7,8,2050,17,6,76,1,7,575,10,4,9,0,34,7698,12,34,36,6,10546,688,3554,10546,7698,36,12,34,34,6
Benton,15,907,4,24,3,6,675,6,0,31,0,2,116,2,0,0,3,60,4454,12,60,28,4,4658,154,1640,4658,4454,28,12,60,60,4
Bolivar,20,1421,11,27,8,22,5156,12,2,34,0,0,276,10,4,0,6,88,20668,32,56,106,30,9782,332,6677,9782,20668,106,32,88,56,30
Calhoun,25,1447,4,36,3,11,1187,22,1,132,1,7,653,22,4,0,5,20,5044,12,32,18,8,8934,825,2735,8934,5044,18,12,20,32,8
Chickasaw,20,1670,7,57,6,9,2235,16,3,89,1,4,541,14,6,0,11,42,9176,10,60,30,8,8790,669,4020,8790,9176,30,10,42,60,8
Choctaw,9,636,3,32,4,5,780,11,3,92,1,4,455,11,3,0,7,14,2918,10,38,20,8,5248,576,1480,5248,2918,20,10,14,38,8
Claiborne,10,484,7,20,4,10,2262,17,0,7,0,0,34,1,0,2,0,16,9364,4,0,24,2,1496,44,2814,1496,9364,24,4,16,0,2
Clarke,11,947,5,18,4,8,1787,12,9,132,1,5,869,28,6,1,5,22,6242,8,42,16,6,10458,1056,2792,10458,6242,16,8,22,42,6
Clay,36,1146,14,63,8,17,3583,13,2,110,3,6,766,22,9,2,12,28,13116,10,70,26,2,8932,932,4880,8932,13116,26,10,28,70,2
Coahoma,22,1388,11,61,12,21,3541,32,1,14,0,0,76,4,1,0,2,40,15194,6,26,30,6,5834,98,5088,5834,15194,30,6,40,26,6
Copiah,24,1665,9,60,8,19,4030,19,4,95,5,3,823,27,11,0,9,52,15420,26,62,28,14,13402,977,5834,13402,15420,28,26,52,62,14
Forrest,20,3693,9,44,6,11,5790,19,12,195,3,4,1020,117,36,3,33,124,23244,38,190,168,12,30592,1423,9592,30592,23244,168,38,124,190,12
Franklin,15,604,6,33,4,2,908,6,2,86,0,4,535,9,2,2,2,22,3466,8,34,20,2,5818,642,1578,5818,3466,20,8,22,34,2
George,20,1673,13,55,4,4,501,18,7,140,0,4,509,27,6,0,3,56,3064,20,94,34,2,15400,696,2293,15400,3064,34,20,56,94,2
Hancock,13,2903,2,73,7,8,1299,9,14,127,2,9,702,81,20,0,13,100,7536,52,250,124,10,26040,968,4314,26040,7536,124,52,100,250,10
Harrison,50,8240,12,90,7,12,10240,33,42,509,24,33,3035,399,150,3,63,120,45346,128,524,270,12,77514,4258,18696,77514,45346,270,128,120,524,12
Hinds,98,9768,28,147,22,59,43758,62,63,806,22,54,7286,375,197,10,174,298,150802,118,326,254,108,65898,8987,53942,65898,150802,254,118,298,326,108
Holmes,36,868,12,30,12,13,4040,17,0,17,1,3,128,4,1,0,2,36,15530,18,26,36,12,3428,156,5028,3428,15530,36,18,36,26,12
Humphreys,15,533,5,21,4,6,1795,8,1,8,0,0,58,0,0,0,3,12,7268,2,14,22,10,2924,70,2387,2924,7268,22,2,12,14,10
Issaquena,8,134,1,6,0,1,297,3,0,2,0,0,25,1,0,0,1,2,1158,2,8,2,0,728,29,450,728,1158,2,2,2,8,0
Itawamba,19,2721,7,110,6,6,531,18,10,214,1,7,947,19,7,1,19,84,4168,36,220,58,10,15326,1225,3418,15326,4168,58,36,84,220,10
Jackson,48,6315,18,131,11,25,8146,43,53,642,21,34,3750,418,143,4,70,236,35562,78,402,306,22,71986,5135,14756,71986,35562,306,78,236,402,22
Jasper,26,1202,8,28,7,21,2859,12,2,48,0,5,381,14,6,2,4,24,10050,8,38,26,4,8270,462,4163,8270,10050,26,8,24,38,4
Jefferson,7,288,3,9,2,3,2301,3,0,4,0,4,45,0,7,1,7,48,7766,8,12,16,4,1102,68,2616,1102,7766,16,8,48,12,4
Jefferson Davis,25,811,8,32,8,9,2487,14,7,73,0,0,511,13,0,0,0,24,8908,16,22,20,8,5742,604,3394,5742,8908,20,16,24,22,8
Jones,34,5525,24,97,17,20,4645,31,14,199,17,16,1148,147,33,17,47,156,17692,64,186,126,8,40314,1638,10393,40314,17692,126,64,156,186,8
Kemper,20,458,11,14,5,9,1793,3,3,68,1,5,548,13,4,0,5,16,6512,10,18,16,4,3870,647,2313,3870,6512,16,10,16,18,4
Lamar,13,3225,8,33,4,5,1962,10,14,195,2,8,1023,75,39,23,2,154,10318,50,164,114,26,36994,1381,5260,36994,10318,114,50,154,164,26
Lauderdale,20,2278,10,30,10,14,6374,28,42,815,20,38,6242,171,84,5,85,114,26664,42,132,96,16,39164,7502,8764,39164,26664,96,42,114,132,16
Lawrence,17,1042,5,37,6,3,1375,8,1,113,3,3,738,14,7,0,10,12,5174,8,56,28,2,8738,889,2493,8738,5174,28,8,12,56,2
Leake,12,1175,11,47,6,5,2070,9,5,116,4,5,742,16,7,0,9,24,8302,20,42,34,0,10296,904,3335,10296,8302,34,20,24,42,0
Lee,24,6247,13,167,12,4,5184,28,22,664,9,37,4464,142,74,8,77,96,24042,50,216,110,18,45388,5497,11679,45388,24042,110,50,96,216,18
Leflore,24,863,5,11,7,14,3659,18,0,20,0,0,252,12,3,1,5,40,17828,12,20,48,4,8210,293,4601,8210,17828,48,12,40,20,4
Lincoln,28,1883,15,61,8,15,2856,14,7,297,7,9,1945,47,31,1,25,74,11010,22,94,38,4,21562,2369,4880,21562,11010,38,22,74,94,4
Lowndes,35,2050,12,33,5,18,6978,15,26,502,9,32,3184,101,39,7,46,194,26418,58,128,118,26,27988,3946,9146,27988,26418,118,58,194,128,26
Madison,33,3004,7,42,8,22,10261,30,76,938,24,64,8208,372,205,11,187,130,39662,30,138,148,24,54406,10085,13407,54406,39662,148,30,130,138,24
Marion,16,1801,9,51,4,11,2261,15,3,112,2,2,650,18,9,2,20,46,8844,8,46,42,8,17026,818,4168,17026,8844,42,8,46,46,8
Marshall,52,2345,8,49,7,16,3765,24,5,201,2,14,882,48,13,1,37,70,19370,26,54,58,12,13366,1203,6266,13366,19370,58,26,70,54,12
Montgomery,12,828,9,25,11,4,1461,12,3,42,0,2,240,4,1,0,1,24,5218,14,20,6,0,6142,293,2362,6142,5218,6,14,24,20,0
Neshoba,18,1299,12,46,14,7,1456,14,18,250,5,9,1896,33,14,3,36,20,6228,32,72,30,4,16418,2264,2866,16418,6228,30,32,20,72,4
Newton,8,987,7,24,1,3,1718,13,10,247,8,13,1753,39,14,0,23,40,6436,18,32,22,4,13158,2107,2761,13158,6436,22,18,40,32,4
Noxubee,19,347,23,38,33,39,2346,45,9,24,16,23,181,34,37,40,47,16,10060,10,12,26,4,3050,411,2890,3050,10060,26,10,16,12,4
Pontotoc,14,2388,10,75,8,7,1227,12,8,355,5,12,1404,55,22,0,28,66,5964,46,148,52,6,19454,1889,3747,19454,5964,52,46,66,148,6
Prentiss,51,3709,27,213,13,17,943,60,3,145,5,4,627,28,21,1,5,44,6040,34,288,66,10,15406,839,5033,15406,6040,66,34,44,288,10
Quitman,24,637,5,35,6,11,1335,19,0,13,0,0,34,0,0,0,0,12,5606,4,16,20,10,2668,47,2072,2668,5606,20,4,12,16,10
Rankin,38,4012,11,50,10,4,6585,27,128,2096,56,95,15377,630,347,17,383,312,28744,124,352,266,128,96280,19129,10737,96280,28744,266,124,312,352,128
Scott,28,1383,7,49,10,12,2497,21,7,159,7,8,1376,20,10,0,20,28,10050,12,44,26,14,13168,1607,4007,13168,10050,26,12,28,44,14
Sharkey,2,321,3,6,4,3,946,7,1,7,0,0,62,3,0,0,0,14,3814,2,8,4,2,1746,73,1292,1746,3814,4,2,14,8,2
Simpson,14,1429,6,43,7,11,2507,11,8,226,3,7,1871,74,19,2,33,98,9634,40,80,46,40,15282,2243,4028,15282,9634,46,40,98,80,40
Smith,14,1219,3,38,4,5,988,9,6,153,5,3,1018,39,7,1,15,50,3936,10,50,32,2,12530,1247,2280,12530,3936,32,10,50,50,2
Stone,11,1301,6,33,4,1,895,7,14,61,2,4,332,39,9,2,1,54,3992,18,88,30,12,10298,464,2258,10298,3992,30,18,54,88,12
Sunflower,22,1321,8,28,5,14,3548,32,1,14,0,2,229,3,0,0,3,64,15676,32,54,54,16,6490,252,4978,6490,15676,54,32,64,54,16
Tallahatchie,26,992,13,41,8,15,1901,16,1,31,0,0,164,8,2,0,0,32,8210,16,28,18,10,5572,206,3012,5572,8210,18,16,32,28,10
Tate,20,1712,6,39,1,10,1896,10,8,256,4,17,1188,54,17,1,22,44,10006,18,84,38,10,15356,1567,3694,15356,10006,38,18,44,84,10
Tippah,16,2335,11,60,9,6,863,22,8,172,3,9,777,45,2,1,13,60,5246,14,178,66,12,13874,1030,3322,13874,5246,66,14,60,178,12
Tishomingo,17,2493,7,90,3,4,395,15,2,144,2,4,638,28,17,2,8,70,3924,32,242,62,10,12498,845,3024,12498,3924,62,32,70,242,10
Tunica,13,451,2,17,2,1,1007,12,1,4,0,0,28,3,1,0,0,24,6558,16,12,16,4,2034,37,1505,2034,6558,16,16,24,12,4
Union,19,2570,5,72,3,4,980,16,5,262,5,9,1185,45,8,0,17,58,5970,12,152,50,4,18144,1536,3669,18144,5970,50,12,58,152,4
Walthall,17,922,10,27,12,11,1655,15,4,76,4,8,587,22,15,8,15,40,6912,6,36,34,26,8506,739,2669,8506,6912,34,6,40,36,26
Warren,14,2200,6,51,11,9,5427,13,8,151,5,9,1249,73,15,0,21,74,20978,24,84,56,8,22304,1531,7731,22304,20978,56,24,74,84,8
Washington,13,1522,8,26,7,14,6213,13,4,40,0,2,312,19,6,0,3,54,26296,22,54,44,2,12694,386,7816,12694,26296,44,22,54,54,2
Wayne,28,1821,6,65,7,12,2065,19,4,70,0,0,364,22,3,1,5,32,7780,14,46,26,6,12140,469,4023,12140,7780,26,14,32,46,6
Webster,5,1030,9,28,8,5,626,4,12,130,1,5,757,19,5,1,8,20,2698,2,30,14,6,8144,938,1715,8144,2698,14,2,20,30,6
Wilkinson,21,368,4,18,9,10,1707,11,2,27,0,1,172,16,0,0,0,34,7068,4,28,18,6,3120,218,2148,3120,7068,18,4,34,28,6
Winston,18,1187,8,39,4,12,2404,16,6,183,4,1,1112,21,6,1,10,28,9306,20,56,32,6,10994,1344,3688,10994,9306,32,20,28,56,6
Yalobusha,16,1098,2,26,4,2,1489,9,6,99,0,2,566,15,10,0,4,20,6302,10,50,14,0,7256,702,2646,7256,6302,14,10,20,50,0
Yazoo,15,1327,9,25,5,15,3278,19,2,62,3,2,658,28,9,2,12,38,12232,20,42,34,8,10580,778,4693,10580,12232,34,20,38,42,8
